participant_id,class_total_screen,class_gaming,class_active_typing
sub-003RTV85,1,1,1
sub-005V6D2C,1,1,1
sub-007W6H7B,NA,NA,NA
sub-00BD7VDC,NA,NA,NA
sub-00CY2MDM,NA,NA,NA
sub-00HEV6HB,1,1,1
sub-00J52GPG,NA,NA,NA
sub-00LH735Y,NA,NA,NA
sub-00LJVZK2,NA,NA,NA
sub-00NPMHND,NA,NA,NA
sub-00R4TXET,1,1,1
sub-00U4FTRU,NA,NA,NA
sub-00UMK5VC,NA,NA,NA
sub-00X2TBWJ,NA,NA,NA
sub-010ZM3H9,NA,NA,NA
sub-014RTM1V,NA,NA,NA
sub-0182J779,NA,NA,NA
sub-0191C80U,NA,NA,NA
sub-019DXLU4,NA,NA,NA
sub-01AJ15N9,NA,NA,NA
sub-01D03VR7,1,1,1
sub-01ELX9L6,NA,NA,NA
sub-01EN91PG,NA,NA,1
sub-01NAYMZH,NA,NA,NA
sub-01RGTWD2,NA,NA,NA
sub-01TXCDJN,NA,NA,NA
sub-01Z8HAPV,NA,NA,NA
sub-021403LF,NA,NA,NA
sub-021N0FLH,NA,NA,NA
sub-022ZVCT8,NA,NA,NA
sub-028D3ELL,NA,NA,NA
sub-028WCTG6,NA,NA,NA
sub-029PWCFY,NA,NA,1
sub-02EBX0JJ,NA,NA,1
sub-02H7G2T6,NA,NA,NA
sub-02JXJUZG,NA,NA,NA
sub-02RCED7D,NA,NA,1
sub-02UVMTY7,NA,NA,1
sub-02WP3TP6,NA,NA,NA
sub-030W95VP,1,1,1
sub-030X9ZNH,NA,NA,1
sub-0314RN9P,NA,NA,NA
sub-0387TP8R,1,1,1
sub-03BDCNWM,NA,NA,NA
sub-03CV8RDT,NA,NA,1
sub-03KMHMJJ,1,1,NA
sub-03NW0RKL,NA,NA,NA
sub-03XVEBPM,NA,NA,NA
sub-03YU08FA,NA,NA,1
sub-040B4TRC,NA,NA,NA
sub-042UJKFB,NA,NA,1
sub-04BFG4JM,NA,NA,NA
sub-04CLBZAD,NA,NA,NA
sub-04EUBGTM,NA,NA,NA
sub-04GAB2AA,NA,NA,1
sub-04JY6730,1,1,1
sub-04P0G6LK,NA,NA,NA
sub-04R9REGF,NA,NA,NA
sub-04TRXUGL,NA,NA,NA
sub-04YC4RXD,NA,NA,NA
sub-052HU3CU,NA,NA,NA
sub-056V9RRJ,NA,NA,1
sub-059VLAHF,NA,NA,NA
sub-05ATJ1V1,NA,NA,1
sub-05CA3VX5,NA,NA,1
sub-05LGG3GZ,NA,NA,NA
sub-05T64PXD,NA,NA,NA
sub-05WK8AN7,NA,NA,NA
sub-05X0LM1N,NA,NA,NA
sub-05YY477E,NA,NA,NA
sub-06A9DLE9,NA,NA,NA
sub-06BKAHN5,1,1,NA
sub-06DE9Y0L,1,1,1
sub-06DJHEV0,1,1,1
sub-06DP74KL,NA,NA,NA
sub-06DX0E7R,NA,NA,1
sub-06LWXY67,NA,NA,NA
sub-06TBFD6R,NA,NA,NA
sub-06U4DYFY,NA,NA,NA
sub-06WHVUPX,NA,NA,NA
sub-07924XF1,NA,NA,1
sub-07BR8GMY,NA,NA,NA
sub-07CMT243,NA,NA,NA
sub-07HGA3B7,1,1,1
sub-07K2M5P4,NA,NA,NA
sub-07RAHHYH,NA,NA,NA
sub-07RPB2TU,NA,NA,NA
sub-07THBLHG,1,1,1
sub-07UK1DPH,NA,NA,NA
sub-07XG8391,NA,NA,NA
sub-07XXFHDK,NA,NA,NA
sub-085CYDEZ,1,1,1
sub-086114AT,NA,NA,NA
sub-086U18RD,NA,NA,NA
sub-08894886,NA,NA,NA
sub-0889M0JE,1,1,1
sub-08AT7TLH,NA,NA,NA
sub-08DNLREC,NA,NA,NA
sub-08EFDKZ6,NA,NA,NA
sub-08FUB58A,NA,NA,NA
sub-08GBDG8X,NA,NA,1
sub-08J0E48V,NA,NA,NA
sub-08K0R9C4,1,1,1
sub-08K8VF33,NA,NA,NA
sub-08P1JKNE,NA,NA,1
sub-08P3GNDV,NA,NA,1
sub-08R2PTT1,1,1,1
sub-08UNGWZK,NA,NA,NA
sub-08WDFUCE,NA,NA,NA
sub-08YFFYY2,NA,NA,NA
sub-08YLBTNH,NA,NA,NA
sub-094UXV0J,NA,NA,NA
sub-095EVLDD,NA,NA,NA
sub-097LUBWX,NA,NA,NA
sub-098DVK8B,NA,NA,NA
sub-09AEBLZH,NA,NA,NA
sub-09AKV10T,NA,NA,1
sub-09AUXBBT,NA,NA,NA
sub-09C3ZNFZ,2,1,1
sub-09N9CRAL,NA,NA,1
sub-09T2EBX4,NA,NA,1
sub-09VBPCLU,NA,NA,NA
sub-09ZE6UUK,NA,NA,NA
sub-0A4P0LWM,NA,NA,NA
sub-0A4ZDYNL,NA,NA,NA
sub-0A6WVRZY,NA,NA,1
sub-0A86UD86,NA,NA,NA
sub-0A87RKWD,NA,NA,NA
sub-0A9K5L4R,NA,NA,NA
sub-0AAKGYA2,NA,NA,NA
sub-0AEBMADL,NA,NA,1
sub-0AF2TMR4,NA,NA,NA
sub-0AHJHA5D,1,1,1
sub-0APJMRD1,NA,NA,1
sub-0AU5R8NA,NA,NA,NA
sub-0AUBJJJ4,NA,NA,NA
sub-0AYJMFMW,NA,NA,NA
sub-0AZFZ65C,1,1,1
sub-0B0HVEYX,NA,NA,NA
sub-0B3PHZ2W,NA,NA,NA
sub-0B7UGM1D,NA,NA,NA
sub-0BAVEL0T,NA,NA,1
sub-0BEHBEJ3,NA,NA,NA
sub-0BEPJHU1,NA,NA,NA
sub-0BG53R96,1,1,NA
sub-0BKE31EY,NA,NA,NA
sub-0BL9EL2Y,1,1,1
sub-0BVP2PTD,NA,NA,1
sub-0BXXNBH4,NA,NA,NA
sub-0C1ED337,NA,NA,NA
sub-0C471G23,NA,NA,NA
sub-0C765WK4,NA,NA,NA
sub-0C7TZ6YW,NA,NA,NA
sub-0CBFTKR7,NA,NA,NA
sub-0CBPKF6W,1,1,1
sub-0CCEN5K2,NA,NA,1
sub-0CCMBWPE,NA,NA,NA
sub-0CCVJ39W,NA,NA,NA
sub-0CF1U8X8,1,1,1
sub-0CFR33F0,NA,NA,NA
sub-0CKA3YZX,NA,NA,NA
sub-0CP9XGTP,NA,NA,NA
sub-0CRTHE21,1,1,1
sub-0CTJAAHC,NA,NA,NA
sub-0CV2Y4YR,NA,NA,NA
sub-0CZBUV4C,NA,NA,NA
sub-0D0C239B,NA,NA,1
sub-0D4C1R8X,NA,NA,1
sub-0D5J9T8P,NA,NA,NA
sub-0D83M5VE,NA,NA,NA
sub-0DBRJXKG,NA,NA,1
sub-0DC9BJZK,1,1,1
sub-0DG8XR2P,NA,NA,1
sub-0DJJP33V,NA,NA,NA
sub-0DKWEM1A,NA,NA,NA
sub-0DMRP60R,NA,NA,NA
sub-0DUXE0ZA,1,1,1
sub-0DVK13LU,NA,NA,1
sub-0DWBRWHT,NA,NA,NA
sub-0DYF4WPG,NA,NA,1
sub-0E1RBR9J,NA,NA,NA
sub-0E350J5D,1,1,1
sub-0E4CT74P,1,1,1
sub-0E9UFT0K,NA,NA,NA
sub-0EV57VEX,NA,NA,1
sub-0EVRF8BN,NA,NA,NA
sub-0EWGP0U5,NA,NA,1
sub-0EXY6KFW,NA,NA,NA
sub-0F3UJ9CT,NA,NA,1
sub-0F4JDC6B,NA,NA,NA
sub-0F78WV5U,NA,NA,1
sub-0F82C6R8,NA,NA,NA
sub-0F959U85,NA,NA,NA
sub-0FAET6YA,NA,NA,NA
sub-0FBX6KWX,1,1,1
sub-0FCEX8C6,NA,NA,NA
sub-0FM9MUTU,NA,NA,NA
sub-0FUC15ZB,NA,NA,NA
sub-0FV544H9,NA,NA,NA
sub-0FZ26GB1,NA,NA,NA
sub-0FZ2J7TT,NA,NA,NA
sub-0G2N59GL,NA,NA,1
sub-0G37YGY1,NA,NA,NA
sub-0G42TBW1,NA,NA,NA
sub-0G9MD8JA,1,1,NA
sub-0GGJJ4H9,NA,NA,NA
sub-0GND16RW,NA,NA,NA
sub-0GPKYMDC,NA,NA,NA
sub-0GUTM6AM,NA,NA,NA
sub-0GVW93X6,NA,NA,1
sub-0GWJ7GFF,NA,NA,1
sub-0GYC1NWR,NA,NA,NA
sub-0GZ334XA,NA,NA,NA
sub-0GZM9UZJ,1,1,1
sub-0GZN1747,NA,NA,1
sub-0H05G0TR,NA,NA,NA
sub-0H2AWWPU,NA,NA,NA
sub-0HALXUFY,NA,NA,1
sub-0HB853U9,NA,NA,NA
sub-0HFHMCFZ,NA,NA,1
sub-0HH094Z9,NA,NA,NA
sub-0HJGCR32,2,1,1
sub-0HL5D3DF,NA,NA,NA
sub-0HVEVD01,NA,NA,NA
sub-0HXXANFJ,1,1,1
sub-0J1M2ETU,1,1,1
sub-0J2UAG61,1,1,1
sub-0J6LY05U,NA,NA,NA
sub-0J6UAD2Y,NA,NA,NA
sub-0J9U5XRJ,NA,NA,1
sub-0JAG7BGC,NA,NA,NA
sub-0JCWR24P,NA,NA,NA
sub-0JGVD4F3,2,1,1
sub-0JR6Y529,NA,NA,NA
sub-0JRNB4U4,NA,NA,NA
sub-0JRU5DWA,NA,NA,1
sub-0JVUB582,NA,NA,NA
sub-0JVY70JV,NA,NA,NA
sub-0JW2EU4V,NA,NA,1
sub-0JWEE23L,NA,NA,NA
sub-0JWTGKAD,NA,NA,NA
sub-0JXBZBV9,NA,NA,NA
sub-0JYWL5T8,NA,NA,NA
sub-0K01TWJD,NA,NA,NA
sub-0K1RBPXM,NA,NA,NA
sub-0K37T6VD,NA,NA,NA
sub-0KHYZ082,NA,NA,1
sub-0KPZW3NB,NA,NA,1
sub-0KTEM27A,NA,NA,NA
sub-0KYBPJ2A,NA,NA,NA
sub-0KYKANZ6,NA,NA,NA
sub-0KZBEH7F,1,1,1
sub-0L1GB53L,NA,NA,NA
sub-0L3VJZEL,NA,NA,1
sub-0L7K5UMC,NA,NA,NA
sub-0L7XB3AW,NA,NA,NA
sub-0L974J49,NA,NA,NA
sub-0LA6MBBY,NA,NA,NA
sub-0LDK94T8,1,1,1
sub-0LEM88KP,NA,NA,NA
sub-0LFT420N,NA,NA,NA
sub-0LKZCJ15,NA,NA,NA
sub-0LN1KD13,NA,NA,NA
sub-0LXYGL0Y,NA,NA,NA
sub-0M0EWKRV,NA,NA,NA
sub-0M9U5RX8,NA,NA,NA
sub-0MCARYLD,NA,NA,NA
sub-0MF9V4P1,NA,NA,1
sub-0ML93ZXT,NA,NA,NA
sub-0MPBK7TU,NA,NA,1
sub-0MRY4Z3E,NA,NA,NA
sub-0MXJ7AZN,NA,NA,NA
sub-0N0JE94U,1,1,1
sub-0N10CEEL,NA,NA,1
sub-0N289PCW,NA,NA,1
sub-0N4E3EM7,NA,NA,NA
sub-0N5WVJ17,NA,NA,NA
sub-0NGG5VLJ,NA,NA,1
sub-0NJE7J4R,NA,NA,NA
sub-0NK7MVCJ,NA,NA,1
sub-0NLL2KYE,NA,NA,NA
sub-0NNE55L0,NA,NA,NA
sub-0NR55WME,NA,NA,NA
sub-0NXVE8CT,NA,NA,NA
sub-0P0GTDY0,NA,NA,1
sub-0P2ZCYPM,NA,NA,NA
sub-0P34UPZ9,NA,NA,NA
sub-0P3ERKVG,NA,NA,1
sub-0P4FUMM3,NA,NA,NA
sub-0P4XZMZA,NA,NA,NA
sub-0P96MUM9,NA,NA,NA
sub-0PANNNLF,NA,NA,NA
sub-0PDYPPJ7,NA,NA,NA
sub-0PHTY15N,NA,NA,NA
sub-0PJ81CA5,NA,NA,1
sub-0PKCP1P3,NA,NA,1
sub-0PLKFP06,NA,NA,1
sub-0PR0WY8F,NA,NA,NA
sub-0PRHUTZA,NA,NA,NA
sub-0PU19T4K,NA,NA,1
sub-0PW5A9P1,NA,NA,NA
sub-0R5220TJ,NA,NA,NA
sub-0R696YJR,NA,NA,NA
sub-0RA4PBPV,NA,NA,NA
sub-0RB5CTN0,NA,NA,NA
sub-0RG4KBRB,1,1,1
sub-0RHDH1EL,NA,NA,1
sub-0RHLKA9M,NA,NA,1
sub-0RKF6F11,NA,NA,1
sub-0RL1BGTN,NA,NA,NA
sub-0T41MTFH,NA,NA,1
sub-0T5DCF9K,NA,NA,NA
sub-0T7889MV,NA,NA,1
sub-0TEH16CM,NA,NA,NA
sub-0TJZ2RA3,1,1,1
sub-0TRD5ZK4,NA,NA,1
sub-0TTJA443,NA,NA,NA
sub-0U0ZAG3B,NA,NA,NA
sub-0U1JRFPK,NA,NA,NA
sub-0U23M45G,NA,NA,NA
sub-0U317B9P,1,1,1
sub-0U8DTCDG,1,1,1
sub-0UA196B6,NA,NA,1
sub-0UA1UW6C,NA,NA,NA
sub-0UD3BJFR,NA,NA,NA
sub-0UEA3Z9E,NA,NA,1
sub-0UERLJJY,1,1,1
sub-0UL9YFZJ,NA,NA,NA
sub-0ULZKXXG,NA,NA,NA
sub-0UMM15GY,NA,NA,1
sub-0UPRUMA1,NA,NA,NA
sub-0UPVEC1J,NA,NA,NA
sub-0UV5WZUN,NA,NA,1
sub-0UWD26VV,1,1,1
sub-0UYDV4HJ,NA,NA,NA
sub-0V139J8T,NA,NA,NA
sub-0V1TNU11,NA,NA,NA
sub-0V1TYBKE,NA,NA,1
sub-0V80916L,NA,NA,NA
sub-0V9W14U5,NA,NA,1
sub-0VBJ9TP2,NA,NA,NA
sub-0VF0JVNL,NA,NA,NA
sub-0VJZ6NZY,NA,NA,1
sub-0VL8XV09,1,1,1
sub-0VVG7LYB,NA,NA,1
sub-0VXEC29A,NA,NA,NA
sub-0VY70352,NA,NA,1
sub-0W00RU2X,NA,NA,NA
sub-0W0932W4,NA,NA,NA
sub-0W4PR2WT,NA,NA,NA
sub-0W4WA8RV,NA,NA,NA
sub-0WAF57A4,NA,NA,NA
sub-0WC5U4JA,NA,NA,NA
sub-0WELU60J,NA,NA,NA
sub-0WHFCZKU,NA,NA,NA
sub-0WTM31V7,NA,NA,1
sub-0WXLR6V1,NA,NA,NA
sub-0WYCV590,NA,NA,NA
sub-0X02CUCY,1,1,1
sub-0X38WL5R,NA,NA,NA
sub-0X45NBYM,NA,NA,NA
sub-0X4A2LKW,NA,NA,1
sub-0X59EG8X,NA,NA,NA
sub-0XDBADBW,NA,NA,NA
sub-0XFVW4LF,NA,NA,1
sub-0XH07MZ8,NA,NA,NA
sub-0XKVPBB0,NA,NA,NA
sub-0XM20K74,1,1,1
sub-0XTAYD1B,NA,NA,NA
sub-0XTVAGV2,NA,NA,NA
sub-0XU7Z6RH,NA,NA,1
sub-0XVGNCYR,NA,NA,NA
sub-0Y2153YG,NA,NA,NA
sub-0Y712XLV,NA,NA,NA
sub-0Y8YJ2UR,NA,NA,NA
sub-0Y9F2PL1,1,1,1
sub-0Y9GR364,1,1,1
sub-0YDL0DWV,NA,NA,NA
sub-0YE7L9KU,NA,NA,1
sub-0YGRZTUF,2,1,1
sub-0YLE20YZ,NA,NA,NA
sub-0YLJKU2J,NA,NA,NA
sub-0YLLNXRL,1,1,1
sub-0YMH4BW6,NA,NA,NA
sub-0YVKYMJX,1,1,1
sub-0YWBYAGP,NA,NA,NA
sub-0Z5FF0JL,NA,NA,NA
sub-0ZAYELPK,NA,NA,1
sub-0ZHHWCMZ,NA,NA,NA
sub-0ZPPK2ML,NA,NA,NA
sub-0ZTJ2432,NA,NA,NA
sub-101HGWPC,NA,NA,1
sub-102P9DCN,NA,NA,1
sub-107UCJ69,NA,NA,NA
sub-109GUWFN,NA,NA,NA
sub-10DN9UHY,NA,NA,NA
sub-10EP1VM2,NA,NA,NA
sub-10F7NTCV,NA,NA,NA
sub-10FDVE0L,NA,NA,NA
sub-10HWA6YU,NA,NA,NA
sub-10J5M8LB,NA,NA,1
sub-10K9CVX2,NA,NA,NA
sub-10KHJFTG,NA,NA,NA
sub-10KWCWVG,NA,NA,NA
sub-10KXDDBK,NA,NA,NA
sub-10MWD99M,NA,NA,NA
sub-10RNF3BK,NA,NA,NA
sub-10T1UELH,NA,NA,1
sub-10TEADFM,NA,NA,NA
sub-10ZLTFJZ,NA,NA,1
sub-112R12P1,NA,NA,NA
sub-1147ELD2,NA,NA,NA
sub-114VT9DX,NA,NA,NA
sub-1164KR5T,NA,NA,1
sub-119ECA10,NA,NA,NA
sub-11E1FCZ0,NA,NA,1
sub-11G4DZFX,1,1,1
sub-11HZFWRM,NA,NA,NA
sub-11THDW9B,NA,NA,NA
sub-11UF2ABG,NA,NA,1
sub-11V7NWED,NA,NA,NA
sub-11ZVVFHK,NA,NA,NA
sub-1285PMCK,NA,NA,NA
sub-12CUM0KV,NA,NA,1
sub-12F1NWCG,NA,NA,NA
sub-12NED96V,1,1,1
sub-12WR8W3U,NA,NA,NA
sub-1306ZGW1,NA,NA,NA
sub-1313F6FM,NA,NA,NA
sub-13276WYW,NA,NA,NA
sub-1378XGLA,NA,NA,NA
sub-137Y0WR8,NA,NA,NA
sub-138RG20T,NA,NA,1
sub-139EUMUU,NA,NA,NA
sub-139PZ31D,NA,NA,1
sub-13AC41PB,1,1,1
sub-13BCLD41,NA,NA,NA
sub-13CL7J3B,NA,NA,NA
sub-13E5D9V1,NA,NA,NA
sub-13FP25D3,NA,NA,NA
sub-13GH02YK,NA,NA,1
sub-13L3YFFP,NA,NA,NA
sub-13LFMTL6,NA,NA,NA
sub-13MV0VA7,1,1,1
sub-13NMXD4V,NA,NA,NA
sub-13PRF0TM,NA,NA,NA
sub-1415W413,1,1,1
sub-145EPB4G,NA,NA,NA
sub-14992W6G,NA,NA,NA
sub-14AFR5D4,NA,NA,NA
sub-14BPGL15,NA,NA,NA
sub-14C1N3KZ,NA,NA,NA
sub-14F94Z7X,NA,NA,NA
sub-14PHMUNU,1,1,1
sub-14PNN5H9,NA,NA,1
sub-14R3MHDX,NA,NA,NA
sub-14UJARAJ,NA,NA,NA
sub-14ZFCHTA,NA,NA,NA
sub-1510CJF1,1,1,NA
sub-1535421B,1,1,1
sub-1555HTEC,NA,NA,1
sub-155U91DU,NA,NA,NA
sub-158CYMLK,NA,NA,NA
sub-15CWGD6V,1,1,1
sub-15JLE7ZN,NA,NA,1
sub-15M33G49,NA,NA,NA
sub-15MFU6UZ,NA,NA,NA
sub-15MX84A5,NA,NA,NA
sub-15VX8FJL,NA,NA,NA
sub-15YZBNE0,NA,NA,1
sub-165NRNVG,NA,NA,NA
sub-165XZRTA,NA,NA,NA
sub-1680LJ8D,NA,NA,NA
sub-16C687G5,NA,NA,1
sub-16FHYZYY,NA,NA,NA
sub-16GY1RE8,NA,NA,NA
sub-16MGA6G5,NA,NA,NA
sub-16PJ1RJ6,NA,NA,NA
sub-16RVU5PF,NA,NA,NA
sub-170X8DA0,NA,NA,NA
sub-173ZYYKX,NA,NA,1
sub-174DUV2F,1,1,1
sub-174LD3GC,NA,NA,NA
sub-17K4X0WD,NA,NA,1
sub-17N7VX8E,NA,NA,NA
sub-17UGGHGJ,NA,NA,NA
sub-17UL1T8L,NA,NA,NA
sub-182YC0D9,NA,NA,NA
sub-185KY7W3,NA,NA,NA
sub-18BE29T0,NA,NA,NA
sub-18E23PK7,NA,NA,NA
sub-18H0Y70H,NA,NA,NA
sub-18HXV64A,NA,NA,NA
sub-18KWP8N1,NA,NA,1
sub-18KYVZ3C,1,1,1
sub-18RUWAJN,NA,NA,NA
sub-18X6GN95,NA,NA,NA
sub-18XYL4BV,NA,NA,NA
sub-18YX7994,NA,NA,1
sub-190GWDVP,NA,NA,NA
sub-1925AD9X,NA,NA,NA
sub-193D4YEK,NA,NA,NA
sub-1962GTLL,NA,NA,NA
sub-19BR9YHW,NA,NA,NA
sub-19FYU534,NA,NA,NA
sub-19GEFHUC,NA,NA,NA
sub-19GP5HLJ,NA,NA,1
sub-19JV1ZX5,NA,NA,NA
sub-19LRBB0U,NA,NA,NA
sub-19P33RVR,NA,NA,NA
sub-19UPJ1X0,1,1,1
sub-19WE0FYW,NA,NA,NA
sub-19YE2JCZ,NA,NA,NA
sub-19ZM2GTU,NA,NA,1
sub-1A1Y0V5X,NA,NA,NA
sub-1A3NCEUP,NA,NA,NA
sub-1A8C7PRA,NA,NA,NA
sub-1A8NWWZG,NA,NA,NA
sub-1AA2VG9C,NA,NA,NA
sub-1ABMXKWV,NA,NA,NA
sub-1ACWERC3,NA,NA,NA
sub-1AFNKM8M,NA,NA,NA
sub-1AJNN0V2,NA,NA,NA
sub-1AKMLL9A,1,1,1
sub-1APPZYY8,NA,NA,NA
sub-1APXJCX3,NA,NA,NA
sub-1AURDG78,NA,NA,1
sub-1AYCA8E3,NA,NA,NA
sub-1AYVNP3L,NA,NA,1
sub-1AYXT588,NA,NA,NA
sub-1B4T30A9,NA,NA,NA
sub-1B7G7LND,NA,NA,1
sub-1B9D3LNM,NA,NA,NA
sub-1BBV62LH,NA,NA,NA
sub-1BE1UD48,NA,NA,NA
sub-1BGRYN2J,NA,NA,NA
sub-1BHHLZ52,1,1,1
sub-1BN4RDAD,NA,NA,NA
sub-1BPLGEZ5,NA,NA,NA
sub-1BR989ED,NA,NA,NA
sub-1BTYWJDX,NA,NA,NA
sub-1BUXN6LH,NA,NA,NA
sub-1BWHMRFY,NA,NA,NA
sub-1BZ0TUT9,1,1,1
sub-1CC6HB4A,NA,NA,1
sub-1CCL4UAD,NA,NA,NA
sub-1CGKKTM5,NA,NA,NA
sub-1CKXVV32,NA,NA,NA
sub-1CMWHGWK,NA,NA,NA
sub-1CRC8UTU,NA,NA,NA
sub-1CTLWW8V,NA,NA,NA
sub-1CV6NNKT,NA,NA,1
sub-1CXXN3K0,NA,NA,1
sub-1CYTVBWT,NA,NA,1
sub-1D42VFML,NA,NA,NA
sub-1D6G642B,1,1,1
sub-1D8KBZHP,1,1,1
sub-1D95ZF1L,NA,NA,NA
sub-1DDX454E,NA,NA,NA
sub-1DWXEPTR,NA,NA,NA
sub-1DZ2VF5K,NA,NA,NA
sub-1DZWFKCG,NA,NA,1
sub-1E2PBKXL,NA,NA,NA
sub-1E2WJC9K,NA,NA,NA
sub-1E35BEZ6,NA,NA,NA
sub-1E4F8UMB,NA,NA,1
sub-1ECBLYGG,1,1,1
sub-1EECRFPM,NA,NA,1
sub-1EGW0J5N,NA,NA,1
sub-1ELP5894,1,1,1
sub-1ENGFTE3,NA,NA,NA
sub-1ER3Z8ZF,NA,NA,NA
sub-1ERNH60J,NA,NA,NA
sub-1ERVN8M1,NA,NA,NA
sub-1ET4JE3B,NA,NA,NA
sub-1ETFBG4P,NA,NA,NA
sub-1ETGGL9R,NA,NA,NA
sub-1EZ26N40,NA,NA,NA
sub-1F5BKK61,NA,NA,NA
sub-1F5JEP46,NA,NA,NA
sub-1F6MVGKL,NA,NA,NA
sub-1F6UNTXD,NA,NA,1
sub-1F953XCP,NA,NA,NA
sub-1FDC7YAJ,2,1,1
sub-1FGBFDT9,1,1,1
sub-1FGX3DL8,NA,NA,1
sub-1FRN7VDM,NA,NA,NA
sub-1FT79EHP,NA,NA,1
sub-1FW43D9V,NA,NA,NA
sub-1G5DCM35,NA,NA,NA
sub-1G6W1PLY,NA,NA,NA
sub-1GDLVYHH,NA,NA,NA
sub-1GDR72XA,NA,NA,NA
sub-1GJJVVLZ,NA,NA,NA
sub-1GK73EHE,NA,NA,NA
sub-1GKF0X1J,NA,NA,NA
sub-1GKYPGE4,NA,NA,NA
sub-1GL1F6FK,NA,NA,NA
sub-1GT8N2YT,NA,NA,NA
sub-1GTKW6ZG,NA,NA,1
sub-1GVYL05C,NA,NA,NA
sub-1GXY5VKK,NA,NA,NA
sub-1GYJNY83,NA,NA,NA
sub-1H63RRB3,NA,NA,1
sub-1H7JEJW1,NA,NA,NA
sub-1H7NZZZ9,NA,NA,NA
sub-1H96TWEB,NA,NA,NA
sub-1HKCTUW1,NA,NA,1
sub-1J2LV4NY,NA,NA,1
sub-1JAFHY62,1,1,1
sub-1JB5GWEU,NA,NA,NA
sub-1JC1WW5Y,NA,NA,NA
sub-1JERB432,NA,NA,NA
sub-1JGK90HZ,NA,NA,NA
sub-1JLAATTP,NA,NA,NA
sub-1JU1CGGB,NA,NA,NA
sub-1JW5HLBW,NA,NA,NA
sub-1JWGJFFK,NA,NA,1
sub-1JXDFV9Z,NA,NA,NA
sub-1JZ17724,NA,NA,1
sub-1K1285TU,NA,NA,1
sub-1K2D2FB3,NA,NA,NA
sub-1K3LDK3L,NA,NA,1
sub-1KAEAHY9,1,1,1
sub-1KBEC5AT,NA,NA,1
sub-1KHXW139,NA,NA,NA
sub-1KP8VFVR,NA,NA,NA
sub-1KWBW4RD,NA,NA,NA
sub-1KX54GYB,NA,NA,NA
sub-1KXK7MDF,NA,NA,1
sub-1KZKJNFD,NA,NA,NA
sub-1KZTEZF5,2,1,1
sub-1L1ZCWL5,NA,NA,1
sub-1L360NVM,NA,NA,NA
sub-1L5VJRZG,NA,NA,NA
sub-1LC1VRP3,1,1,NA
sub-1LC5DBRK,NA,NA,NA
sub-1LD87ZGJ,NA,NA,NA
sub-1LLU2LBA,NA,NA,NA
sub-1LMCP4YF,NA,NA,NA
sub-1LMYDNRY,NA,NA,1
sub-1LRNM6EU,1,1,1
sub-1LT8UZYC,NA,NA,NA
sub-1LU6D5VB,NA,NA,NA
sub-1LW4GJ4L,1,1,1
sub-1LX1A3TR,NA,NA,NA
sub-1M0VVR9Y,NA,NA,NA
sub-1M9Y0F92,NA,NA,NA
sub-1MF1L9LR,NA,NA,NA
sub-1MFM0HL1,NA,NA,1
sub-1MGXHNDZ,NA,NA,1
sub-1MHAP6AR,NA,NA,NA
sub-1MKWVMP1,NA,NA,1
sub-1ML5RVV4,NA,NA,NA
sub-1MM7DZYV,2,1,1
sub-1MYF7VFL,1,1,1
sub-1MZ6AG9P,NA,NA,1
sub-1N0V1BUP,NA,NA,NA
sub-1N22H6JR,1,1,1
sub-1N2R407U,NA,NA,NA
sub-1N79E5RD,NA,NA,1
sub-1NBATKW5,1,1,1
sub-1NBP7WNB,NA,NA,NA
sub-1NBW9RH8,NA,NA,NA
sub-1NJK6BVY,NA,NA,NA
sub-1NJVJ6VN,NA,NA,1
sub-1NMNBTYK,NA,NA,NA
sub-1NV489TJ,NA,NA,1
sub-1NW3HM13,NA,NA,1
sub-1NY2HJJM,NA,NA,NA
sub-1NZMD6UK,NA,NA,NA
sub-1P29RX5F,NA,NA,1
sub-1P2BB9HY,NA,NA,NA
sub-1P46E6AP,NA,NA,NA
sub-1P4JN8JH,1,1,1
sub-1P6NVAXL,NA,NA,NA
sub-1P7L5P3B,NA,NA,NA
sub-1P86DC69,NA,NA,NA
sub-1PATDM0H,NA,NA,NA
sub-1PB7CJTH,NA,NA,NA
sub-1PCGZ8YF,NA,NA,NA
sub-1PE0ZVR4,NA,NA,NA
sub-1PE2WZWB,NA,NA,NA
sub-1PHTC329,NA,NA,NA
sub-1PMXF3DY,1,1,1
sub-1PN1MPWF,NA,NA,1
sub-1PR06YCM,NA,NA,1
sub-1PX9GGJP,NA,NA,1
sub-1PXG26KK,NA,NA,1
sub-1PYEEE1R,NA,NA,NA
sub-1R1AVH6W,NA,NA,NA
sub-1R36G2UH,1,1,1
sub-1R4G3839,NA,NA,1
sub-1R4KE1UN,NA,NA,NA
sub-1R4UUF8E,NA,NA,NA
sub-1R5PJCK4,NA,NA,NA
sub-1R7RYN1P,NA,NA,NA
sub-1R97KJ7J,1,1,1
sub-1RC54TNX,NA,NA,NA
sub-1RE32C3R,1,1,1
sub-1RJ51V8K,1,1,1
sub-1T4GDEXG,NA,NA,NA
sub-1T61M03G,NA,NA,NA
sub-1T83ZJ8N,NA,NA,NA
sub-1TFVYFMB,NA,NA,NA
sub-1TM2HNZW,NA,NA,NA
sub-1TP6LCDF,NA,NA,NA
sub-1TRH3MMU,NA,NA,NA
sub-1TTVDAJ9,NA,NA,NA
sub-1TWMU0JK,1,1,1
sub-1U2B4E90,NA,NA,NA
sub-1U3RR4GV,NA,NA,NA
sub-1U4C4M56,1,1,1
sub-1U54HX62,NA,NA,NA
sub-1U58UMN8,NA,NA,NA
sub-1UC493JJ,NA,NA,1
sub-1UHL5BY3,NA,NA,NA
sub-1UNYCP25,NA,NA,NA
sub-1UWWV5JP,NA,NA,NA
sub-1V08GVK8,NA,NA,NA
sub-1V752R9N,1,1,1
sub-1V7XPJKR,NA,NA,NA
sub-1V8J43DP,NA,NA,NA
sub-1V9TCMZW,NA,NA,NA
sub-1VCF7KC6,NA,NA,1
sub-1VCFJ6CR,NA,NA,1
sub-1VCGLA8W,NA,NA,1
sub-1VKHC02B,NA,NA,NA
sub-1VM14D0X,NA,NA,1
sub-1VMB1ZYW,NA,NA,NA
sub-1VMJZV9V,NA,NA,NA
sub-1VNU5KTM,NA,NA,NA
sub-1VRGHTD2,NA,NA,NA
sub-1VVMK6CP,NA,NA,NA
sub-1VXVRPHJ,1,1,1
sub-1VZJUUZ9,NA,NA,NA
sub-1W1JMX1G,NA,NA,NA
sub-1W2D4CFP,NA,NA,1
sub-1W5TLB74,NA,NA,NA
sub-1WED9TPM,1,1,1
sub-1WG8AL3V,NA,NA,NA
sub-1WJX687U,NA,NA,NA
sub-1WL8U6A7,1,1,1
sub-1WUAF4RW,NA,NA,NA
sub-1WVHVGH7,NA,NA,1
sub-1X4F1YB5,NA,NA,NA
sub-1X8K8NC3,1,1,1
sub-1XAZP6R9,NA,NA,1
sub-1XDPJKBE,NA,NA,1
sub-1XGKZHVG,NA,NA,NA
sub-1XGMP7UU,NA,NA,NA
sub-1XH2YX3W,NA,NA,NA
sub-1XKLCFDR,NA,NA,NA
sub-1XLM62BZ,NA,NA,NA
sub-1XVCTD2Z,NA,NA,NA
sub-1XXP2KX0,NA,NA,NA
sub-1Y1Z29D0,NA,NA,NA
sub-1Y2L6GWB,NA,NA,1
sub-1Y3BE09E,NA,NA,1
sub-1Y40DZT8,NA,NA,NA
sub-1Y7RVHYC,NA,NA,NA
sub-1Y89NGUJ,NA,NA,NA
sub-1YDZ2XE4,NA,NA,1
sub-1YE699WK,NA,NA,NA
sub-1YFEDW44,NA,NA,NA
sub-1YGWGEYE,NA,NA,NA
sub-1YH0352V,NA,NA,NA
sub-1YMR3GY5,NA,NA,1
sub-1YWMB9TV,NA,NA,NA
sub-1Z1PW22B,NA,NA,NA
sub-1Z2F3AA0,NA,NA,NA
sub-1Z7RDZ4Y,NA,NA,1
sub-1ZD6AF6H,NA,NA,NA
sub-1ZK1A3NG,NA,NA,1
sub-1ZK55NV1,NA,NA,NA
sub-1ZKDLXEY,NA,NA,NA
sub-1ZMK9GCG,NA,NA,NA
sub-1ZMY808V,NA,NA,NA
sub-1ZPJCKVC,NA,NA,NA
sub-1ZTGYXCP,NA,NA,NA
sub-1ZY11ZP0,NA,NA,NA
sub-1ZY3ZR47,NA,NA,1
sub-1ZZAPY9K,NA,NA,NA
sub-20453XZE,NA,NA,NA
sub-2051NM7L,NA,NA,NA
sub-20CNYBBC,NA,NA,1
sub-20CX5AWW,NA,NA,NA
sub-20CZ5PTX,NA,NA,NA
sub-20E0WX7L,NA,NA,1
sub-20GDJPEY,NA,NA,NA
sub-20GGC8X5,2,1,1
sub-20KZBB9N,NA,NA,NA
sub-20MDTUZ8,NA,NA,NA
sub-20MXZPW5,1,1,1
sub-20NDWAH8,NA,NA,NA
sub-215XKL9U,NA,NA,1
sub-216TKGZ8,NA,NA,NA
sub-21BW63DB,NA,NA,NA
sub-21C5BFGC,NA,NA,NA
sub-21CN9606,NA,NA,NA
sub-21EBHGF9,NA,NA,NA
sub-21GBW2CT,NA,NA,NA
sub-21KEUZ1N,1,1,1
sub-21VF36AV,1,1,1
sub-21VH8BF0,NA,NA,NA
sub-21Y67TEX,NA,NA,NA
sub-21YRAN0R,NA,NA,1
sub-21YVF1WJ,NA,NA,1
sub-21ZAXTA3,NA,NA,1
sub-227DRH6R,NA,NA,NA
sub-229XUWRH,NA,NA,NA
sub-22BFDVEJ,NA,NA,NA
sub-22C4YKXN,NA,NA,NA
sub-22E7G6BN,NA,NA,1
sub-22F4J621,NA,NA,NA
sub-22GE0DMV,NA,NA,NA
sub-22GRHDPN,NA,NA,NA
sub-22LW15TV,NA,NA,NA
sub-22VV8H44,NA,NA,NA
sub-230CTHZE,NA,NA,NA
sub-233UX0N5,1,1,1
sub-2358EMKW,2,1,1
sub-2376Z5FY,NA,NA,NA
sub-237NFLEB,1,1,1
sub-23E4LDJX,NA,NA,1
sub-23PJ8ECJ,NA,NA,NA
sub-23XF318V,NA,NA,NA
sub-23XHKMH5,NA,NA,NA
sub-23XZD51D,NA,NA,1
sub-2434XTZV,1,1,1
sub-243VF1J7,NA,NA,1
sub-24534L6F,NA,NA,NA
sub-2484CB0H,NA,NA,1
sub-248BF2KE,1,1,1
sub-249JM0NY,NA,NA,NA
sub-249R6TFP,1,1,1
sub-24BT0Y26,1,1,1
sub-24D005FC,NA,NA,NA
sub-24K5YJBG,NA,NA,NA
sub-24KDRDL2,NA,NA,1
sub-24LWV4C5,NA,NA,NA
sub-24MJ2521,1,1,1
sub-24U1E3BW,NA,NA,NA
sub-24V8FLZ3,NA,NA,NA
sub-24V96Z76,NA,NA,1
sub-24W171KY,1,1,1
sub-24YLW97V,NA,NA,NA
sub-24Z1RUE9,NA,NA,NA
sub-2547FH92,NA,NA,NA
sub-2563J20P,NA,NA,NA
sub-25ANBT4A,NA,NA,NA
sub-25D23GPR,NA,NA,NA
sub-25KAJM0U,NA,NA,NA
sub-25KHTJXZ,NA,NA,NA
sub-25L6LKK7,NA,NA,NA
sub-25PJA9DK,NA,NA,NA
sub-25RHG3PJ,NA,NA,NA
sub-25TV4HPX,NA,NA,NA
sub-25UXU689,NA,NA,NA
sub-25Z294MY,1,1,1
sub-261DYG6H,1,1,1
sub-263A3T6P,1,1,1
sub-263W8YMY,NA,NA,NA
sub-26AW8K7K,NA,NA,NA
sub-26D93Y6X,1,1,1
sub-26DWKT11,NA,NA,NA
sub-26E5WLZL,NA,NA,NA
sub-26GHP5PZ,NA,NA,1
sub-26K18JMC,NA,NA,NA
sub-26L6B73E,NA,NA,NA
sub-26MRFWHN,NA,NA,NA
sub-26R7MJFV,1,1,1
sub-26TYCJFN,NA,NA,NA
sub-26UB5CFA,NA,NA,1
sub-26V2CZ6Z,NA,NA,1
sub-26WFVNRJ,NA,NA,NA
sub-26YB6ZJ9,1,1,1
sub-273EJWMX,NA,NA,NA
sub-279N3WC9,NA,NA,NA
sub-27BUCF9E,NA,NA,1
sub-27BWKVV0,NA,NA,NA
sub-27BYY712,NA,NA,NA
sub-27CF9R4C,NA,NA,NA
sub-27EPWLDM,NA,NA,1
sub-27GFX2N7,NA,NA,NA
sub-27H5R87Z,NA,NA,NA
sub-27NJ4UJ7,NA,NA,NA
sub-27NU4CMC,NA,NA,NA
sub-27P8BVEW,NA,NA,NA
sub-27VVK0E6,NA,NA,NA
sub-28B537H0,NA,NA,NA
sub-28B5B7EF,NA,NA,NA
sub-28CB48M3,NA,NA,NA
sub-28D3LRLF,NA,NA,NA
sub-28DR91DW,NA,NA,1
sub-28NRLWRX,NA,NA,NA
sub-28VRHGXD,NA,NA,NA
sub-28X60X09,NA,NA,NA
sub-28X6J47M,NA,NA,NA
sub-28YL6NAY,NA,NA,NA
sub-29299DLJ,NA,NA,1
sub-29CHYRH1,NA,NA,NA
sub-29MZKR3H,NA,NA,NA
sub-29P0F670,NA,NA,NA
sub-29RMU5LN,NA,NA,NA
sub-29TAPT8B,NA,NA,1
sub-29XU24ER,NA,NA,NA
sub-29Y8ZRVC,NA,NA,NA
sub-29YF00DM,1,1,1
sub-2A4GALV7,NA,NA,NA
sub-2A5C0KWW,NA,NA,NA
sub-2ACJBYFC,1,1,1
sub-2AD1P5NV,NA,NA,NA
sub-2AKULJ38,NA,NA,NA
sub-2AKVW3V7,NA,NA,1
sub-2AL204UB,NA,NA,NA
sub-2AT88DBZ,NA,NA,1
sub-2AVRCTAA,NA,NA,NA
sub-2B2ZBYTJ,NA,NA,NA
sub-2B7P1TMR,NA,NA,NA
sub-2B7X981Z,NA,NA,NA
sub-2B9KMD5C,NA,NA,NA
sub-2BBMM5MF,NA,NA,NA
sub-2BJ826W8,NA,NA,1
sub-2BKVEFL8,NA,NA,NA
sub-2BPVXTH3,1,1,1
sub-2BUTEB8U,NA,NA,NA
sub-2BW6G83G,NA,NA,1
sub-2BYAAYTG,NA,NA,1
sub-2C2HN3CL,NA,NA,NA
sub-2C7F1286,NA,NA,NA
sub-2CB23NEG,NA,NA,NA
sub-2CEAK559,NA,NA,NA
sub-2CK4MB02,NA,NA,1
sub-2CL5C6NJ,1,1,1
sub-2CTVWFH6,NA,NA,NA
sub-2CVG2YBY,NA,NA,1
sub-2CVVEP68,NA,NA,NA
sub-2CVWTNF7,NA,NA,NA
sub-2CW9FCHV,1,1,1
sub-2D07F24X,NA,NA,1
sub-2D6AVBFY,NA,NA,NA
sub-2DBPLRUD,NA,NA,NA
sub-2DHY1CHU,NA,NA,1
sub-2DLW1KXL,NA,NA,1
sub-2DPX8P1Y,NA,NA,1
sub-2DTHE81G,NA,NA,1
sub-2DYU5KZK,NA,NA,NA
sub-2DZUL8LC,NA,NA,1
sub-2E00U6NB,NA,NA,NA
sub-2E5NFGXW,NA,NA,NA
sub-2E77XGT6,NA,NA,NA
sub-2E8R4820,NA,NA,1
sub-2EENVRH9,NA,NA,NA
sub-2EJZCHYV,NA,NA,NA
sub-2ELMBVNA,1,1,1
sub-2EN91V04,NA,NA,1
sub-2ERWUABP,NA,NA,NA
sub-2ETV199X,NA,NA,NA
sub-2EW24V3A,NA,NA,NA
sub-2F51HZAP,1,1,1
sub-2F729N9A,NA,NA,NA
sub-2F870CXM,NA,NA,NA
sub-2FL9EYH8,NA,NA,NA
sub-2FMXCB35,NA,NA,NA
sub-2FRF2URF,NA,NA,NA
sub-2FTTVR8J,NA,NA,NA
sub-2FV7FT02,NA,NA,1
sub-2FV9YY14,NA,NA,NA
sub-2FXB1E4J,NA,NA,NA
sub-2G3T7XUL,NA,NA,NA
sub-2G6169KB,NA,NA,NA
sub-2GAAH0E9,NA,NA,1
sub-2GD9NCMC,NA,NA,NA
sub-2GDYKWG2,NA,NA,NA
sub-2GN2TPG7,1,1,1
sub-2GPZ2973,NA,NA,1
sub-2GR8F963,NA,NA,NA
sub-2GRXYP02,NA,NA,NA
sub-2GWN7LF4,NA,NA,1
sub-2H0FM634,NA,NA,NA
sub-2H0H09CW,NA,NA,NA
sub-2H2KZ67D,NA,NA,NA
sub-2H2UTYYP,NA,NA,NA
sub-2H5KK1DY,NA,NA,NA
sub-2H704HJD,NA,NA,NA
sub-2HCFH1VL,NA,NA,1
sub-2HLV10CC,NA,NA,1
sub-2HLV1V0P,NA,NA,NA
sub-2HLZM8RB,NA,NA,NA
sub-2HXAJVXU,1,1,1
sub-2HYAENE6,2,1,1
sub-2HYZJ61G,NA,NA,NA
sub-2J19HL2V,NA,NA,NA
sub-2J3D85NJ,1,1,1
sub-2J50AKJP,NA,NA,1
sub-2J8WHJ3R,NA,NA,NA
sub-2JB8MUAJ,NA,NA,NA
sub-2JC795CJ,NA,NA,NA
sub-2JPG2BTW,NA,NA,NA
sub-2JRRX50R,NA,NA,NA
sub-2K0TR221,NA,NA,NA
sub-2K16Y0LC,NA,NA,NA
sub-2K2KV0JW,NA,NA,1
sub-2K3JH38W,NA,NA,NA
sub-2K6WB3XJ,NA,NA,NA
sub-2KA8EUUR,1,1,1
sub-2KBLDWXW,NA,NA,NA
sub-2KJDFVHB,NA,NA,NA
sub-2KJNX54B,NA,NA,1
sub-2KZR1A9A,NA,NA,NA
sub-2L17MHHT,NA,NA,NA
sub-2L2B6VXP,NA,NA,NA
sub-2L3VG13G,NA,NA,NA
sub-2L40420R,NA,NA,NA
sub-2L4FEKF7,NA,NA,NA
sub-2LA00BUD,NA,NA,NA
sub-2LD0E2FB,NA,NA,NA
sub-2LFJV5KT,NA,NA,NA
sub-2LHR28JU,NA,NA,NA
sub-2LL2Y78J,NA,NA,NA
sub-2LTBNJKC,1,1,1
sub-2LTU8ZA2,NA,NA,1
sub-2LUG79YV,NA,NA,NA
sub-2LXFHK41,NA,NA,1
sub-2M968UP1,NA,NA,NA
sub-2MEH8NFX,1,1,1
sub-2MH3HPHP,NA,NA,1
sub-2MKXWKGF,NA,NA,1
sub-2MMJJTBJ,NA,NA,NA
sub-2MMLMDG6,NA,NA,NA
sub-2MMMWY0R,NA,NA,NA
sub-2MT0XW8T,NA,NA,NA
sub-2N0CBXE8,NA,NA,NA
sub-2N1EAVTY,NA,NA,1
sub-2NDR0B6U,NA,NA,NA
sub-2NGBYVBP,1,1,1
sub-2NGWLMU5,NA,NA,NA
sub-2NLERKN7,NA,NA,1
sub-2NMMXZ45,NA,NA,NA
sub-2NT59PWC,NA,NA,NA
sub-2NV4C2CL,1,1,1
sub-2NVAXBZL,1,1,1
sub-2NVERUP6,NA,NA,NA
sub-2NYH1JCE,NA,NA,NA
sub-2NZV8ELL,NA,NA,1
sub-2P0HPD40,NA,NA,NA
sub-2P2LLTJC,NA,NA,NA
sub-2P3B9TGH,NA,NA,NA
sub-2P48F0JJ,1,1,1
sub-2P5N7AMV,NA,NA,1
sub-2P5R504F,NA,NA,NA
sub-2PFVV0YJ,NA,NA,NA
sub-2PG9W3G7,NA,NA,NA
sub-2PHYK8FE,NA,NA,NA
sub-2R0HFJ5Y,NA,NA,NA
sub-2R3KAR4E,NA,NA,1
sub-2R403NWA,NA,NA,NA
sub-2RB7270C,NA,NA,NA
sub-2RCE88HL,NA,NA,NA
sub-2RD4CZ7T,NA,NA,NA
sub-2REKB0Y5,NA,NA,NA
sub-2RJ8ZRGL,NA,NA,1
sub-2RLDDFYE,1,1,1
sub-2RVWB0HM,NA,NA,NA
sub-2RYEWWRN,NA,NA,NA
sub-2T1G705T,NA,NA,NA
sub-2T5K2NDJ,NA,NA,NA
sub-2T60J25C,NA,NA,NA
sub-2T6WFDFJ,NA,NA,NA
sub-2T7FRKV1,NA,NA,1
sub-2TBMGWU5,1,1,NA
sub-2TGLF2NG,NA,NA,NA
sub-2TMKUVW7,NA,NA,NA
sub-2TRERCDA,1,1,1
sub-2TTD2LB2,NA,NA,NA
sub-2U3DNEET,NA,NA,NA
sub-2U3P6G9H,NA,NA,NA
sub-2U59DP6L,NA,NA,NA
sub-2U88LX3T,NA,NA,NA
sub-2UHTAC1R,NA,NA,NA
sub-2UKALPPX,NA,NA,1
sub-2UL6H828,NA,NA,NA
sub-2UR3G0TV,NA,NA,NA
sub-2UWL3APY,NA,NA,NA
sub-2UYRMNDB,1,1,1
sub-2V1TRPDR,NA,NA,NA
sub-2V43CKWH,NA,NA,NA
sub-2V8997BF,1,1,1
sub-2V90MWXP,NA,NA,NA
sub-2VALHM81,NA,NA,NA
sub-2VD87TK5,NA,NA,NA
sub-2VGE4HK8,NA,NA,NA
sub-2VGT219A,NA,NA,NA
sub-2VHU0WU5,NA,NA,NA
sub-2VJF8M3C,NA,NA,1
sub-2VPV9219,NA,NA,1
sub-2VY7YYNW,NA,NA,NA
sub-2W07991D,NA,NA,NA
sub-2W4EY7DK,1,1,1
sub-2W4HNGV7,NA,NA,1
sub-2W7FBDN4,NA,NA,NA
sub-2W8WT4Y2,NA,NA,NA
sub-2WBR17KG,NA,NA,1
sub-2WFM6NMD,NA,NA,NA
sub-2WTW50R0,NA,NA,NA
sub-2WYPW02N,NA,NA,1
sub-2WZNDRP7,2,1,1
sub-2X02MDU2,NA,NA,NA
sub-2X040T48,NA,NA,NA
sub-2X0UMZF5,NA,NA,NA
sub-2X7YEHPB,NA,NA,NA
sub-2X8P07FC,2,1,1
sub-2X9JB86Z,1,1,1
sub-2XAHZZ2A,1,1,1
sub-2XDH23JX,NA,NA,NA
sub-2XGC3LN5,NA,NA,NA
sub-2XU3RAMJ,NA,NA,1
sub-2XWVWFF3,NA,NA,NA
sub-2Y5DW30Z,1,1,1
sub-2YBXVCKR,NA,NA,NA
sub-2YG2VRCX,NA,NA,NA
sub-2YH5GYE4,NA,NA,NA
sub-2YHU3XBN,NA,NA,NA
sub-2YJD21VH,NA,NA,NA
sub-2YUK5D0D,NA,NA,1
sub-2YV96ETT,NA,NA,NA
sub-2YVM4TJ6,NA,NA,1
sub-2Z032PK4,NA,NA,NA
sub-2Z2HJFG1,NA,NA,1
sub-2Z67G2F3,NA,NA,NA
sub-2ZA2LC3N,NA,NA,1
sub-2ZAMNE5F,NA,NA,NA
sub-2ZC2JPP4,NA,NA,NA
sub-2ZCZ5TAL,1,1,1
sub-2ZFBNJT6,NA,NA,1
sub-2ZG81XAB,NA,NA,1
sub-2ZGK3ZBW,NA,NA,1
sub-2ZJXDTEL,NA,NA,NA
sub-2ZLBBMTU,NA,NA,NA
sub-2ZLL0GP7,NA,NA,NA
sub-2ZTVWYR2,NA,NA,1
sub-301HK4HV,NA,NA,NA
sub-302FDTJF,NA,NA,NA
sub-302WRHGU,NA,NA,NA
sub-303R5G9A,NA,NA,NA
sub-3041N6ZR,NA,NA,NA
sub-305693H5,NA,NA,NA
sub-3062KMFL,1,1,1
sub-306EC6TP,NA,NA,NA
sub-3072CP0C,1,1,1
sub-3093VDLX,NA,NA,1
sub-309YZLPJ,NA,NA,1
sub-30BGMG0D,NA,NA,NA
sub-31ACJHK5,NA,NA,NA
sub-31CVPC8B,NA,NA,1
sub-31JMTLE9,NA,NA,NA
sub-31JTFZ92,NA,NA,1
sub-31NMMY4J,NA,NA,NA
sub-31RCR67U,NA,NA,NA
sub-31TXVMM1,NA,NA,1
sub-31UPFNDE,NA,NA,NA
sub-320U3LPD,NA,NA,1
sub-3220ZV0N,NA,NA,NA
sub-324JE1UG,NA,NA,NA
sub-32B70T4V,NA,NA,1
sub-32CJUUBP,NA,NA,NA
sub-32GN03AZ,NA,NA,NA
sub-32KLKRZC,NA,NA,1
sub-32KP1W9L,NA,NA,NA
sub-32M7D88U,1,1,1
sub-32P8UGE7,NA,NA,NA
sub-32WKK9XE,NA,NA,NA
sub-32ZL36Y0,NA,NA,NA
sub-32ZTA2YU,NA,NA,NA
sub-330E63GH,NA,NA,NA
sub-330HNJEV,NA,NA,NA
sub-3338JZJG,NA,NA,NA
sub-3385AZ13,NA,NA,1
sub-33AC40WZ,1,1,1
sub-33FEYMMB,NA,NA,NA
sub-33NHTKYF,NA,NA,NA
sub-33V4RC97,NA,NA,NA
sub-344TNJRC,NA,NA,NA
sub-348PDVUL,NA,NA,NA
sub-34BZY5KP,NA,NA,NA
sub-34H78073,NA,NA,NA
sub-34HCN2RW,NA,NA,NA
sub-34MJX0NC,NA,NA,NA
sub-34RL3DRG,NA,NA,NA
sub-34XE873R,NA,NA,1
sub-34YGA6HN,NA,NA,NA
sub-351HK465,NA,NA,NA
sub-352NLM92,NA,NA,NA
sub-352XG4XH,NA,NA,1
sub-355PUM5E,NA,NA,NA
sub-35DUHZ83,NA,NA,NA
sub-35E15ZE0,NA,NA,NA
sub-35E50RLA,NA,NA,NA
sub-35KNHNNM,NA,NA,NA
sub-35LVTJCY,NA,NA,NA
sub-35PCA3BK,NA,NA,1
sub-35UXPP43,NA,NA,NA
sub-35V4K19A,NA,NA,1
sub-35ZTAGD8,1,1,1
sub-3617ZB48,NA,NA,NA
sub-361NRHEX,NA,NA,1
sub-365HAW4K,NA,NA,NA
sub-367WJ8ZA,NA,NA,NA
sub-36DKMERA,NA,NA,NA
sub-36E4JVZ2,NA,NA,1
sub-36HCR0T5,NA,NA,NA
sub-36JGB4H6,NA,NA,NA
sub-36K7YFLB,NA,NA,NA
sub-36KEAPWR,1,1,1
sub-36KR4T19,NA,NA,NA
sub-36TXKJEW,NA,NA,NA
sub-36UHVKLZ,NA,NA,NA
sub-36ZD3NZC,NA,NA,NA
sub-36ZHEYW9,NA,NA,NA
sub-370C5J23,NA,NA,NA
sub-37AGV6H4,NA,NA,1
sub-37C7BURT,NA,NA,NA
sub-37DLYV6T,NA,NA,NA
sub-37E785RU,NA,NA,1
sub-37EK1AY6,NA,NA,NA
sub-37FHEA6B,NA,NA,NA
sub-37FTP2A7,NA,NA,1
sub-37KJF13T,NA,NA,NA
sub-37MKKJBX,NA,NA,NA
sub-37XJVFZN,1,1,1
sub-37ZMYZNR,NA,NA,NA
sub-3807LYLG,NA,NA,NA
sub-385XPJ9D,NA,NA,NA
sub-38AVND76,NA,NA,NA
sub-38BUHW31,NA,NA,1
sub-38DJNT05,NA,NA,NA
sub-38FX2APW,NA,NA,NA
sub-38MDKPJC,NA,NA,NA
sub-38MJNWUT,NA,NA,NA
sub-38RT7JJA,NA,NA,NA
sub-38T88Z04,NA,NA,NA
sub-38TUEK9N,NA,NA,NA
sub-38UUC1PC,1,1,1
sub-38ZMD8F1,NA,NA,NA
sub-3933Z8FN,NA,NA,NA
sub-395VW31D,NA,NA,1
sub-396JNWVX,NA,NA,NA
sub-39DK1BKF,NA,NA,NA
sub-39DNG05T,NA,NA,1
sub-39L4VX1P,NA,NA,NA
sub-39L5JHFA,1,1,NA
sub-39R1KUT6,NA,NA,1
sub-39YDHFR8,NA,NA,NA
sub-39YKNJFD,NA,NA,1
sub-39Z1U19N,NA,NA,NA
sub-39Z29MG3,NA,NA,1
sub-3A2DLZTM,NA,NA,NA
sub-3A7MX0D3,1,1,1
sub-3A81U14B,NA,NA,NA
sub-3ACT8TYV,NA,NA,1
sub-3AD71HE2,NA,NA,NA
sub-3ADKR0X9,NA,NA,1
sub-3ADKZJ2Z,NA,NA,NA
sub-3AEJYFGX,NA,NA,NA
sub-3AGKBZAW,NA,NA,NA
sub-3ATWJ2YH,NA,NA,NA
sub-3AUPJL86,NA,NA,NA
sub-3AY9C1RJ,NA,NA,NA
sub-3B1CZ5GM,NA,NA,NA
sub-3B1PKLZM,NA,NA,NA
sub-3B60KLEU,NA,NA,NA
sub-3B70AX8C,NA,NA,1
sub-3B72FFKB,NA,NA,1
sub-3B78K6LY,NA,NA,NA
sub-3BF8GG8A,NA,NA,NA
sub-3BFH48PE,NA,NA,NA
sub-3BJ59UTE,NA,NA,1
sub-3BJF2R7E,NA,NA,NA
sub-3BL9Z315,NA,NA,NA
sub-3BLPP0EZ,NA,NA,NA
sub-3BMMWW3X,NA,NA,1
sub-3BVCVP02,NA,NA,1
sub-3BXUUPAE,NA,NA,1
sub-3C0FHDGM,NA,NA,NA
sub-3CAV3A8F,1,1,1
sub-3CE271ET,NA,NA,NA
sub-3CF4D0FF,1,1,1
sub-3CJ9GXRL,NA,NA,NA
sub-3CLUDH6D,NA,NA,NA
sub-3CR6JMT7,NA,NA,NA
sub-3CR6NXBG,NA,NA,1
sub-3CUDM6MC,NA,NA,NA
sub-3CVRZ501,NA,NA,1
sub-3CVWRF42,NA,NA,1
sub-3CW8YR0W,NA,NA,1
sub-3D7TEJUE,NA,NA,NA
sub-3D91RVW4,1,1,1
sub-3DA26WMB,NA,NA,NA
sub-3DAXLFDY,NA,NA,NA
sub-3DAYG47D,NA,NA,NA
sub-3DDJKN73,NA,NA,NA
sub-3DG9GH8G,NA,NA,NA
sub-3DL75W3B,NA,NA,NA
sub-3DMNEA3Z,NA,NA,NA
sub-3DN8DMP3,NA,NA,NA
sub-3DRFHXRC,NA,NA,NA
sub-3DVAWVGU,NA,NA,NA
sub-3DZTNUP2,NA,NA,1
sub-3E0WVH3G,NA,NA,NA
sub-3E2U4BWJ,1,1,1
sub-3E6J6JJR,NA,NA,NA
sub-3E7ZYR64,NA,NA,NA
sub-3EMU1XX8,NA,NA,NA
sub-3ENJ6K37,NA,NA,1
sub-3ERJWDKZ,NA,NA,NA
sub-3EX0WR8L,NA,NA,1
sub-3F2L795H,NA,NA,NA
sub-3F2UEE7D,NA,NA,1
sub-3F5L113U,NA,NA,NA
sub-3F6NJ6WW,NA,NA,NA
sub-3FJ6DHVU,NA,NA,NA
sub-3FP11AFU,NA,NA,NA
sub-3FTG4M1H,NA,NA,NA
sub-3FZNFM1H,NA,NA,NA
sub-3G3BC6PP,NA,NA,NA
sub-3G46KLE7,NA,NA,1
sub-3G92P847,NA,NA,NA
sub-3GFD7GXB,NA,NA,NA
sub-3GX8KHBN,NA,NA,1
sub-3GZNM6F8,NA,NA,1
sub-3H19ZCF8,NA,NA,NA
sub-3H54D8DK,1,1,1
sub-3H5M0JJR,NA,NA,1
sub-3H5U1V47,1,1,1
sub-3H81JJ1U,NA,NA,NA
sub-3HBNNTXH,NA,NA,NA
sub-3HC4V43B,NA,NA,NA
sub-3HD4CYJV,NA,NA,NA
sub-3HEHP1P4,NA,NA,1
sub-3HFPA2R0,1,1,1
sub-3HJUHZX1,NA,NA,1
sub-3HMZ7DZZ,NA,NA,NA
sub-3HNHB8W5,NA,NA,NA
sub-3HU0G71U,1,1,1
sub-3HV5ZJLJ,NA,NA,NA
sub-3HX1TNWP,1,1,1
sub-3HZG2Y7P,NA,NA,1
sub-3J1YYG4P,NA,NA,1
sub-3J5VT13N,NA,NA,NA
sub-3J93N0EH,NA,NA,NA
sub-3JNFV6TN,NA,NA,NA
sub-3JUUH0FL,1,1,1
sub-3JYXAP1H,NA,NA,NA
sub-3JZ6Y396,NA,NA,NA
sub-3K0428FZ,NA,NA,1
sub-3K5PPAFD,NA,NA,1
sub-3KAPX6MY,1,1,1
sub-3KBYKMJ2,1,1,1
sub-3KCBT1UJ,NA,NA,NA
sub-3KTW4M91,1,1,1
sub-3KYJ3920,NA,NA,NA
sub-3KZATZ7M,NA,NA,NA
sub-3L9YHDDK,NA,NA,NA
sub-3LA2YW3R,NA,NA,1
sub-3LADRYDK,NA,NA,1
sub-3LL3C7PW,NA,NA,1
sub-3LMKTFHC,NA,NA,NA
sub-3LT00AFX,1,1,1
sub-3LTP4JU7,NA,NA,NA
sub-3M6TK7TT,NA,NA,NA
sub-3MANP3Y8,NA,NA,NA
sub-3MDCH394,NA,NA,1
sub-3MFBHV8Y,NA,NA,1
sub-3MJ73KP6,NA,NA,NA
sub-3MLPX0CG,NA,NA,NA
sub-3MNM0TC6,NA,NA,NA
sub-3MNR8TC0,NA,NA,NA
sub-3MR1M0V3,NA,NA,NA
sub-3MTFEAAU,NA,NA,NA
sub-3MTP07E9,NA,NA,1
sub-3MXVVRKB,1,1,1
sub-3N0KGZ5G,1,1,1
sub-3N6L8Z9U,NA,NA,NA
sub-3NA8KUJ2,NA,NA,NA
sub-3NABWF15,NA,NA,1
sub-3NBMWRE0,NA,NA,1
sub-3NGLDPCG,NA,NA,NA
sub-3NKZ8EZX,NA,NA,NA
sub-3NMH509V,NA,NA,NA
sub-3NT6ML17,NA,NA,1
sub-3NVPPNEE,NA,NA,NA
sub-3NXGCTWR,NA,NA,1
sub-3P0G038K,NA,NA,1
sub-3P1HLC7L,NA,NA,NA
sub-3P1U2ABW,NA,NA,NA
sub-3P72345Z,NA,NA,NA
sub-3P7CNL7H,1,1,1
sub-3P7MECT8,1,1,NA
sub-3P7XHWPD,NA,NA,NA
sub-3PB2GNLM,NA,NA,1
sub-3PH12WM5,NA,NA,NA
sub-3PH1L2C3,NA,NA,NA
sub-3PH5L11X,NA,NA,NA
sub-3PJ552TW,NA,NA,NA
sub-3PKNX1E3,NA,NA,NA
sub-3PKXFBNU,NA,NA,NA
sub-3PNCV5A7,NA,NA,1
sub-3PTPRFM5,1,1,NA
sub-3PZ5UBCM,NA,NA,NA
sub-3R1XMUN2,NA,NA,NA
sub-3R6TY43Y,NA,NA,NA
sub-3R9J4MH0,NA,NA,NA
sub-3RDMV5NE,1,1,1
sub-3RF0BXXZ,NA,NA,NA
sub-3RFU7ZRP,1,1,1
sub-3RK373VR,NA,NA,NA
sub-3RLHYZEL,NA,NA,NA
sub-3RTWYZX5,NA,NA,NA
sub-3RXJAR68,NA,NA,NA
sub-3RZ11T2M,NA,NA,NA
sub-3T4N9EJD,NA,NA,NA
sub-3TABN96W,NA,NA,NA
sub-3TBTUYZ5,NA,NA,NA
sub-3TFEMP67,NA,NA,NA
sub-3TFY3VZV,NA,NA,NA
sub-3TG667EC,NA,NA,NA
sub-3TGTC3C9,NA,NA,NA
sub-3TKL2EYB,NA,NA,1
sub-3TMCHLA7,NA,NA,NA
sub-3TRN51XL,NA,NA,NA
sub-3TT997HJ,NA,NA,NA
sub-3TUE7DV5,NA,NA,NA
sub-3TYW27P3,NA,NA,NA
sub-3U3CWTNF,NA,NA,1
sub-3U45MZ18,NA,NA,1
sub-3UCAB3ZC,NA,NA,NA
sub-3UKGZNFG,NA,NA,NA
sub-3UNMBY32,NA,NA,NA
sub-3UPL5YML,1,1,1
sub-3UTHYEB3,NA,NA,1
sub-3UTXWW38,NA,NA,NA
sub-3UUD5J8C,NA,NA,NA
sub-3UW7BCN8,NA,NA,NA
sub-3UZ9X88P,NA,NA,1
sub-3V05U0Z7,NA,NA,NA
sub-3V253V18,1,1,1
sub-3V7GL5Z2,1,1,1
sub-3VAXZUWK,1,1,1
sub-3VFZ2UCE,NA,NA,NA
sub-3VGP47P6,NA,NA,1
sub-3VNNK2J3,1,1,1
sub-3VU4N68P,NA,NA,NA
sub-3VX26MGH,NA,NA,NA
sub-3W15L2YE,NA,NA,1
sub-3W3CHB2Y,NA,NA,NA
sub-3W5X0ZBG,NA,NA,NA
sub-3W70HBT2,NA,NA,1
sub-3WA4PYL5,NA,NA,1
sub-3WDYMBWU,NA,NA,NA
sub-3WEDXU2N,NA,NA,NA
sub-3WGBKUN1,NA,NA,NA
sub-3WH5A5LB,NA,NA,NA
sub-3WHJ0U6T,NA,NA,1
sub-3WMHUK7W,NA,NA,1
sub-3WPKG63C,1,1,1
sub-3WRKC6EJ,NA,NA,NA
sub-3WT1TK9L,NA,NA,NA
sub-3WXXPJKW,NA,NA,NA
sub-3X1TYL13,NA,NA,NA
sub-3X41ZHVL,NA,NA,1
sub-3X48ZM73,NA,NA,NA
sub-3X8P95CZ,NA,NA,1
sub-3XCZ5XRY,1,1,1
sub-3XKBVA63,NA,NA,NA
sub-3XL11J4W,NA,NA,1
sub-3XM1RJF0,NA,NA,1
sub-3XMEM8L9,NA,NA,NA
sub-3XNH8EYM,NA,NA,NA
sub-3XNNBDPH,NA,NA,NA
sub-3XRWEG62,NA,NA,1
sub-3XVWEYUY,NA,NA,NA
sub-3XW4NJJV,NA,NA,1
sub-3XXL6HLE,NA,NA,NA
sub-3XZ29M5N,NA,NA,1
sub-3XZKYEVA,NA,NA,NA
sub-3Y3HGYYU,NA,NA,NA
sub-3Y3PK677,NA,NA,NA
sub-3Y5UF4TX,NA,NA,NA
sub-3YBDL5L3,NA,NA,NA
sub-3YCZGP8H,NA,NA,1
sub-3YDKCAH1,NA,NA,NA
sub-3YJ5XDU0,NA,NA,NA
sub-3YJA47GG,NA,NA,NA
sub-3YKLWXF1,NA,NA,NA
sub-3YRA5895,NA,NA,NA
sub-3YVFTTE6,NA,NA,NA
sub-3YW0VL2A,NA,NA,NA
sub-3YXD8CTZ,1,1,1
sub-3YXV3Y6W,NA,NA,1
sub-3YYCAC9G,NA,NA,1
sub-3Z0RW5RE,NA,NA,NA
sub-3Z4FM98K,NA,NA,1
sub-3Z5E0931,NA,NA,NA
sub-3Z6H5XU0,NA,NA,NA
sub-3Z6H844T,1,1,1
sub-3ZC3XKET,NA,NA,NA
sub-3ZCVTCG4,NA,NA,NA
sub-3ZFZ1WPD,NA,NA,NA
sub-3ZHEYRWE,2,1,1
sub-3ZHPLD0X,NA,NA,NA
sub-3ZM8HRKP,NA,NA,NA
sub-3ZPCUAK0,NA,NA,NA
sub-3ZPDZ9KU,NA,NA,NA
sub-3ZRVGHVN,NA,NA,NA
sub-3ZRYG6UB,NA,NA,NA
sub-3ZT6V44L,NA,NA,NA
sub-3ZUH1ZHD,NA,NA,NA
sub-3ZX15022,NA,NA,NA
sub-3ZXWNWZK,NA,NA,NA
sub-402278X9,NA,NA,NA
sub-403JXRX5,NA,NA,NA
sub-405DYFXP,NA,NA,NA
sub-40AA6KX2,NA,NA,1
sub-40BBMD8U,NA,NA,NA
sub-40GZ9MTA,NA,NA,NA
sub-40J0R30V,NA,NA,NA
sub-40J2BT3D,NA,NA,NA
sub-40JXNNYU,NA,NA,1
sub-40LC0P0V,NA,NA,1
sub-40LJLRZD,NA,NA,NA
sub-40NNEMXD,NA,NA,NA
sub-40T7TX7X,NA,NA,NA
sub-40TJWHRT,NA,NA,NA
sub-40UDB664,NA,NA,NA
sub-40UHKD3Y,NA,NA,NA
sub-40YFT2B2,NA,NA,NA
sub-414B0X0A,NA,NA,NA
sub-415JRYRK,NA,NA,NA
sub-415U67R2,NA,NA,NA
sub-41964BN4,NA,NA,NA
sub-41A6MY1V,NA,NA,NA
sub-41E41YFZ,NA,NA,1
sub-41KABJ1Z,NA,NA,NA
sub-41L5KPJC,NA,NA,NA
sub-41RVJVER,NA,NA,NA
sub-41TZ179J,NA,NA,NA
sub-41U1CNA9,NA,NA,NA
sub-41ZBCH48,NA,NA,1
sub-4206Z9NR,NA,NA,NA
sub-4208ZTJH,NA,NA,NA
sub-420P2HTM,NA,NA,NA
sub-422B2397,NA,NA,NA
sub-422PKRTL,1,1,1
sub-423DABE7,NA,NA,NA
sub-42425KF9,NA,NA,NA
sub-425C3PNM,NA,NA,NA
sub-425E5RC6,NA,NA,NA
sub-426ELY6T,NA,NA,NA
sub-4275X676,NA,NA,NA
sub-427BL6HA,NA,NA,NA
sub-42EDG566,NA,NA,NA
sub-42ELB372,NA,NA,NA
sub-42J1GB3Y,NA,NA,1
sub-42LK7GJJ,NA,NA,NA
sub-42N70P8A,NA,NA,NA
sub-42PR9CWM,NA,NA,NA
sub-439CWGCM,NA,NA,NA
sub-43AFH5U4,NA,NA,1
sub-43DEA5HT,NA,NA,1
sub-43M1L7PL,NA,NA,NA
sub-43P39GXX,NA,NA,1
sub-43TD8G0E,NA,NA,NA
sub-43VJ1LGA,NA,NA,1
sub-43VJ4GZ1,1,1,1
sub-43VWMCUC,NA,NA,NA
sub-43YWL3H0,NA,NA,NA
sub-4422DGC4,NA,NA,1
sub-449WT7FF,NA,NA,1
sub-44A0LV53,NA,NA,NA
sub-44AD8TE0,NA,NA,NA
sub-44AXV5FM,NA,NA,1
sub-44FW419F,NA,NA,1
sub-44K29WLN,NA,NA,1
sub-44VXW7YA,NA,NA,NA
sub-44WLHHC1,NA,NA,NA
sub-44YMAA5N,NA,NA,1
sub-455D0ZHD,NA,NA,NA
sub-459DR5EV,NA,NA,NA
sub-45BG08PF,2,1,1
sub-45F6VJ4T,NA,NA,NA
sub-45HV5L52,NA,NA,NA
sub-45WKYG93,NA,NA,NA
sub-45ZYAREH,NA,NA,NA
sub-462XNPPR,1,1,1
sub-464X4LJP,1,1,1
sub-469WWLEH,NA,NA,NA
sub-46B8VBDT,1,1,1
sub-46BR319Y,NA,NA,1
sub-46KRVLWU,NA,NA,NA
sub-46P89PTE,NA,NA,NA
sub-46TPVKEN,NA,NA,1
sub-46VFKP3F,NA,NA,NA
sub-46X37HLX,NA,NA,NA
sub-474A4X05,NA,NA,NA
sub-476NCATP,NA,NA,1
sub-47DGFAAJ,NA,NA,1
sub-47FFMT85,NA,NA,NA
sub-47H9F62N,NA,NA,NA
sub-47N6G712,NA,NA,1
sub-47RJB7Z0,NA,NA,1
sub-47UWAATW,1,1,1
sub-47W6DHJC,1,1,1
sub-481L0PYY,NA,NA,NA
sub-486GVBCD,NA,NA,1
sub-486UUF4D,NA,NA,1
sub-4878W3DV,NA,NA,NA
sub-48EYUFJ4,NA,NA,NA
sub-48FCH9BT,NA,NA,NA
sub-48JAWLFK,NA,NA,NA
sub-48LY4MLX,NA,NA,NA
sub-48NE3N41,NA,NA,NA
sub-48RC3H1N,NA,NA,NA
sub-493AHEA8,NA,NA,NA
sub-49B5ZDR2,NA,NA,NA
sub-49D4EDYG,NA,NA,NA
sub-49EG90M3,NA,NA,NA
sub-49PA9KKY,NA,NA,NA
sub-49YTZ5Z4,NA,NA,1
sub-4A443KDZ,2,1,1
sub-4AGK770Z,1,1,1
sub-4AP9GM2Z,NA,NA,NA
sub-4APZUGR2,NA,NA,NA
sub-4AY58X03,NA,NA,NA
sub-4AYYAKWZ,NA,NA,1
sub-4B0U03EB,1,1,1
sub-4B1YV01D,NA,NA,NA
sub-4BA28Y80,NA,NA,NA
sub-4BAP6ERL,NA,NA,1
sub-4BAX2G31,NA,NA,NA
sub-4BB6Z0VU,NA,NA,1
sub-4BEUPF9G,NA,NA,1
sub-4BFTB73U,NA,NA,NA
sub-4BH3W9Z3,NA,NA,NA
sub-4BJ1W8Z2,NA,NA,1
sub-4BK6Y7VR,NA,NA,NA
sub-4BKN34GB,NA,NA,NA
sub-4BPHYB7J,NA,NA,NA
sub-4BRAVBYU,NA,NA,NA
sub-4BRVTNUE,NA,NA,1
sub-4BU3CBM5,NA,NA,NA
sub-4BXZZV14,NA,NA,NA
sub-4C12ZREL,NA,NA,NA
sub-4C2YD3TH,NA,NA,NA
sub-4C616XF8,NA,NA,NA
sub-4C6LDFJF,NA,NA,NA
sub-4C8YJ9BG,NA,NA,NA
sub-4CB96L7N,NA,NA,NA
sub-4CFUY1KU,NA,NA,NA
sub-4CKYEHYL,NA,NA,1
sub-4CLN1AC5,NA,NA,NA
sub-4CNTJPDV,NA,NA,NA
sub-4D622NWA,1,1,1
sub-4D6F5KCG,NA,NA,NA
sub-4D81LEVG,NA,NA,NA
sub-4D917H14,NA,NA,1
sub-4DHL5TCP,NA,NA,NA
sub-4DPTUVZ7,NA,NA,NA
sub-4DVGGJE9,NA,NA,NA
sub-4DVR9EVD,NA,NA,NA
sub-4E0AG51B,NA,NA,NA
sub-4EHL4L0L,NA,NA,NA
sub-4EJ61L2C,NA,NA,1
sub-4EK87DJK,NA,NA,1
sub-4EKBZJTW,NA,NA,NA
sub-4ER765J7,NA,NA,NA
sub-4ET3VY02,NA,NA,NA
sub-4EXN0D8M,NA,NA,NA
sub-4EY631JB,NA,NA,1
sub-4F29HZH4,NA,NA,NA
sub-4F8LNY2K,NA,NA,NA
sub-4F95WY7X,NA,NA,NA
sub-4FBVLRNU,NA,NA,1
sub-4FMVZLLG,NA,NA,NA
sub-4FR29VNY,NA,NA,NA
sub-4FRT1ZYZ,1,1,1
sub-4FU0ZVUV,NA,NA,NA
sub-4FUXW9U4,NA,NA,NA
sub-4FXLVCG4,NA,NA,NA
sub-4G06713D,NA,NA,NA
sub-4G19G9J8,NA,NA,1
sub-4G2RL68U,NA,NA,NA
sub-4G3AXX1X,NA,NA,NA
sub-4G3XF9GX,NA,NA,NA
sub-4G80N2WG,NA,NA,NA
sub-4G9T9A6R,1,1,1
sub-4GA9CN7W,NA,NA,1
sub-4GG3D33R,NA,NA,NA
sub-4GHXF68C,NA,NA,NA
sub-4GL2HZC0,NA,NA,NA
sub-4GP0WREF,NA,NA,1
sub-4GRV3A5L,NA,NA,NA
sub-4GTMLDUE,NA,NA,NA
sub-4H3YKMX6,NA,NA,1
sub-4H6UC2YG,NA,NA,1
sub-4H7G4RXD,NA,NA,NA
sub-4H880493,1,1,1
sub-4H9VPPWC,NA,NA,NA
sub-4HBVU8XK,NA,NA,NA
sub-4HGTZ5NC,NA,NA,NA
sub-4HL4ATJ8,1,1,1
sub-4HUTD0B9,NA,NA,NA
sub-4HWVY2FD,NA,NA,NA
sub-4HX3418K,NA,NA,1
sub-4HYKF068,1,1,1
sub-4J7L4Y8X,NA,NA,NA
sub-4J8HX541,NA,NA,NA
sub-4JAZBMAX,NA,NA,NA
sub-4JCA65T3,NA,NA,NA
sub-4JD9NHNZ,1,1,1
sub-4JE67DZA,NA,NA,NA
sub-4JHN1XBR,NA,NA,1
sub-4JNMXAVB,NA,NA,1
sub-4JR952MJ,NA,NA,NA
sub-4JRV7N68,NA,NA,NA
sub-4JV61LZE,1,1,1
sub-4JVM9WML,NA,NA,NA
sub-4JZJD61Y,NA,NA,NA
sub-4JZNJZVZ,NA,NA,NA
sub-4K2HKN0K,1,1,1
sub-4KBPCMNW,NA,NA,NA
sub-4KKHGHCL,NA,NA,NA
sub-4KMCR8NT,NA,NA,1
sub-4KRWWP18,NA,NA,NA
sub-4L1WDFJ7,NA,NA,NA
sub-4L9UBRH1,NA,NA,NA
sub-4LC2AW2Z,NA,NA,NA
sub-4LCR7BFU,NA,NA,1
sub-4LF63ATG,NA,NA,NA
sub-4LPXB23R,NA,NA,NA
sub-4LUBR4AE,NA,NA,NA
sub-4LVCVDEC,NA,NA,NA
sub-4LX4UUWE,NA,NA,1
sub-4M21YVVK,NA,NA,NA
sub-4M3N3TW1,NA,NA,NA
sub-4M5JUCT8,NA,NA,NA
sub-4M8E1EGF,NA,NA,NA
sub-4M8H34KB,NA,NA,NA
sub-4ME5JJPC,NA,NA,NA
sub-4MEF6MVP,NA,NA,NA
sub-4MK3V5ZU,NA,NA,1
sub-4MLW19DR,NA,NA,NA
sub-4MMA1Y1U,NA,NA,NA
sub-4MPM83XL,1,1,1
sub-4MT8HH02,NA,NA,NA
sub-4N5LBL4W,NA,NA,NA
sub-4N732ND8,NA,NA,NA
sub-4N77M6YN,NA,NA,NA
sub-4NBKWH5N,NA,NA,NA
sub-4NC05L4V,NA,NA,1
sub-4NHTKK72,NA,NA,NA
sub-4NKVRBAJ,NA,NA,NA
sub-4NM94T35,NA,NA,1
sub-4NNE3HU8,NA,NA,1
sub-4NPWH7C3,NA,NA,NA
sub-4NV8ABYR,NA,NA,NA
sub-4NVN1B5J,NA,NA,NA
sub-4NVY5A41,NA,NA,1
sub-4NY4LM1D,NA,NA,NA
sub-4NZP000X,NA,NA,NA
sub-4P1Z8PCT,NA,NA,NA
sub-4P23T4RH,NA,NA,NA
sub-4P3K4E3R,NA,NA,NA
sub-4P46R5XT,NA,NA,NA
sub-4P5P4UP1,NA,NA,1
sub-4P9B9PGN,1,1,1
sub-4PBLR1XV,NA,NA,NA
sub-4PERLVAB,1,1,1
sub-4PKFHBXH,NA,NA,NA
sub-4PNZ397L,NA,NA,NA
sub-4PR3H6ZL,NA,NA,NA
sub-4PYRUPX6,1,1,1
sub-4PZ5WRHB,NA,NA,NA
sub-4R6E4A06,NA,NA,NA
sub-4R7NANWE,2,1,1
sub-4R9BND6G,NA,NA,NA
sub-4RE6L62Z,NA,NA,NA
sub-4RFZF7PZ,NA,NA,NA
sub-4RJPJXN3,NA,NA,NA
sub-4RM3CV2X,NA,NA,NA
sub-4RW0XZTG,NA,NA,1
sub-4RX5LRX2,NA,NA,NA
sub-4T1NP49C,1,1,1
sub-4T2VAM3Y,NA,NA,NA
sub-4T5TKK4J,NA,NA,NA
sub-4T71DFV4,NA,NA,1
sub-4TAHM74X,NA,NA,NA
sub-4TB7WE3E,1,1,1
sub-4TBGX8VU,NA,NA,NA
sub-4TG8X5LW,1,1,1
sub-4TK6P8E5,NA,NA,NA
sub-4TL31WGV,NA,NA,NA
sub-4TMZ755N,NA,NA,1
sub-4TR6CE01,NA,NA,NA
sub-4TT6ZX1A,NA,NA,NA
sub-4TX1YAGG,NA,NA,NA
sub-4UCBM11Y,NA,NA,NA
sub-4UFLY3Z0,NA,NA,NA
sub-4UHNX2WX,NA,NA,NA
sub-4UJ4B7YT,NA,NA,NA
sub-4UL7Y7JT,NA,NA,NA
sub-4UMAF27X,NA,NA,NA
sub-4UPKY2RA,NA,NA,NA
sub-4UVUKCDA,NA,NA,NA
sub-4UYK50KN,NA,NA,NA
sub-4UZ5M3N6,NA,NA,NA
sub-4UZ9DDJH,NA,NA,NA
sub-4V5RG3KP,NA,NA,NA
sub-4V78W98J,NA,NA,NA
sub-4V86FH9A,NA,NA,1
sub-4VA6Z7NV,NA,NA,NA
sub-4VF9CVGF,NA,NA,1
sub-4VGF410X,NA,NA,NA
sub-4VK7GGEN,NA,NA,NA
sub-4VUZUGXU,NA,NA,NA
sub-4VVDH6YT,NA,NA,NA
sub-4VVRLBUW,NA,NA,NA
sub-4VX4LN70,NA,NA,1
sub-4VXP5P0U,NA,NA,NA
sub-4W2U0GZN,NA,NA,NA
sub-4W3GW9WL,NA,NA,1
sub-4WA9A9A5,NA,NA,1
sub-4WB9H8LL,NA,NA,NA
sub-4WE1GJN2,NA,NA,NA
sub-4WE1U83T,NA,NA,NA
sub-4WKD8ANP,NA,NA,NA
sub-4WLLVCRR,1,1,1
sub-4WU2W91W,NA,NA,1
sub-4WVG1PZM,NA,NA,NA
sub-4X19HRWY,1,1,1
sub-4X3B9V7E,NA,NA,NA
sub-4X5HDK0F,NA,NA,NA
sub-4X6J651P,NA,NA,NA
sub-4X6RKLNJ,NA,NA,NA
sub-4X8Z8RG2,NA,NA,1
sub-4X9MDVXC,NA,NA,NA
sub-4XBEJ2E7,NA,NA,1
sub-4XCV92V0,NA,NA,NA
sub-4XEMVP0N,NA,NA,NA
sub-4XF3MZ2T,NA,NA,NA
sub-4XHEAMNY,NA,NA,1
sub-4XK3J70P,NA,NA,1
sub-4XKP2MT1,NA,NA,NA
sub-4XKZTC5R,NA,NA,NA
sub-4XMBYXGP,NA,NA,1
sub-4XT06HUA,NA,NA,NA
sub-4XTD87JK,NA,NA,NA
sub-4XTDZ6WT,NA,NA,NA
sub-4XWZ2LJE,NA,NA,NA
sub-4XYEZ86T,NA,NA,NA
sub-4Y3D04RT,NA,NA,NA
sub-4Y6K99MT,NA,NA,NA
sub-4Y828ZMP,NA,NA,1
sub-4YD2ARWH,NA,NA,NA
sub-4YF8CTPA,NA,NA,NA
sub-4YH8H7KU,NA,NA,NA
sub-4YKPPGKA,1,1,1
sub-4YL383FF,NA,NA,NA
sub-4YLARH23,NA,NA,NA
sub-4YPJW3P2,NA,NA,1
sub-4YVTN782,NA,NA,NA
sub-4Z38T1RY,NA,NA,NA
sub-4Z4RC8PH,NA,NA,NA
sub-4Z6WBWBG,NA,NA,NA
sub-4Z7P5V1J,NA,NA,NA
sub-4Z96NDW1,1,1,1
sub-4Z9KCC97,NA,NA,NA
sub-4Z9RE0CC,NA,NA,1
sub-4ZAN961T,NA,NA,NA
sub-4ZJNXGFE,NA,NA,NA
sub-4ZMG12VE,NA,NA,1
sub-4ZMTGFKA,NA,NA,NA
sub-4ZPG6HXX,NA,NA,NA
sub-4ZTJFWE1,NA,NA,NA
sub-4ZTRVWH5,NA,NA,1
sub-4ZV4U25B,NA,NA,NA
sub-50411TBC,NA,NA,NA
sub-504L1YB4,NA,NA,NA
sub-505DMEMX,1,1,1
sub-506NRV4C,NA,NA,NA
sub-507WXWN7,NA,NA,NA
sub-50A1BC7T,NA,NA,1
sub-50ABALT4,1,1,1
sub-50C4P125,NA,NA,NA
sub-50ELEKW9,1,1,NA
sub-50GW1CZT,NA,NA,NA
sub-50H55Y7T,NA,NA,NA
sub-50K76F6L,NA,NA,1
sub-50M00BEW,NA,NA,NA
sub-50P8MAGW,NA,NA,NA
sub-50R41NRM,NA,NA,NA
sub-50UAMBFC,NA,NA,NA
sub-50UATGZM,NA,NA,1
sub-50VKA9BE,NA,NA,NA
sub-50WZX903,NA,NA,NA
sub-512RTCH1,NA,NA,1
sub-515GDP15,NA,NA,NA
sub-515PBC21,NA,NA,NA
sub-516Z98HX,NA,NA,1
sub-5181UPMU,1,1,1
sub-51B6T1FL,NA,NA,NA
sub-51EYYMEY,NA,NA,NA
sub-51G1DFV9,NA,NA,NA
sub-51GZ9MPP,NA,NA,NA
sub-51MR96PG,NA,NA,NA
sub-51VNYKL7,NA,NA,NA
sub-51W3Y9EW,NA,NA,1
sub-51ZKXX4P,NA,NA,NA
sub-51ZUA0EC,NA,NA,NA
sub-51ZUKMA3,NA,NA,1
sub-52034BGR,NA,NA,NA
sub-528FZWXG,NA,NA,1
sub-52AE3MBX,NA,NA,NA
sub-52AU0VED,NA,NA,NA
sub-52CVLNFF,NA,NA,1
sub-52K3HFFN,NA,NA,NA
sub-52KBG0H4,NA,NA,NA
sub-52PY7ZPT,NA,NA,NA
sub-52UNJAGX,NA,NA,NA
sub-52XG9LJ3,NA,NA,NA
sub-52ZXUXVJ,NA,NA,NA
sub-5310Z6E2,NA,NA,NA
sub-533LN4K1,NA,NA,NA
sub-533LX1UY,NA,NA,NA
sub-53AA4BL6,1,1,1
sub-53BA6MNE,NA,NA,NA
sub-53CVF7NB,NA,NA,NA
sub-53DLM6RN,NA,NA,1
sub-53EP1G5X,NA,NA,NA
sub-53L8E8LF,NA,NA,NA
sub-53LYW9M5,NA,NA,1
sub-540M2VDX,NA,NA,NA
sub-546G53XG,NA,NA,NA
sub-54AFKCAX,NA,NA,1
sub-54BJY6WE,NA,NA,1
sub-54DNDTDX,NA,NA,1
sub-54EF1FZJ,NA,NA,NA
sub-54HNXP3N,1,1,1
sub-54KLKJNK,NA,NA,NA
sub-54U1B199,NA,NA,1
sub-54VT5R72,NA,NA,1
sub-54WD6UV3,NA,NA,NA
sub-54X5F37C,NA,NA,NA
sub-54YW796D,NA,NA,NA
sub-55285WTD,NA,NA,NA
sub-552D9NA7,NA,NA,NA
sub-556U6DJ0,NA,NA,NA
sub-557PKJKJ,NA,NA,NA
sub-55BK5ZXT,NA,NA,NA
sub-55D9M6F9,NA,NA,1
sub-55HCZHHV,1,1,1
sub-55K37VGA,NA,NA,NA
sub-55NJ5JK5,NA,NA,1
sub-55R9F7EX,NA,NA,1
sub-55XTBJ9D,NA,NA,NA
sub-568NJFWJ,NA,NA,NA
sub-569JK9GU,NA,NA,NA
sub-56B953GR,NA,NA,NA
sub-56J3P7WJ,1,1,1
sub-56KML05T,NA,NA,1
sub-56L41G67,1,1,1
sub-56L57G10,NA,NA,NA
sub-56P2568B,NA,NA,1
sub-56TWKCTL,NA,NA,1
sub-56UZU99J,NA,NA,NA
sub-56VJH1CR,1,1,1
sub-56YBTJHF,NA,NA,NA
sub-56YTNZ4V,NA,NA,1
sub-5784LZWF,NA,NA,NA
sub-578DB0G5,NA,NA,NA
sub-57961TUW,NA,NA,NA
sub-57CKHLC8,NA,NA,NA
sub-57F63WRL,NA,NA,1
sub-57R7NE0T,NA,NA,NA
sub-57TXVRYZ,1,1,1
sub-57V4LC2W,1,1,1
sub-57YDKB4W,NA,NA,NA
sub-581KGKG6,NA,NA,NA
sub-5823E4XG,NA,NA,1
sub-583EKH0A,NA,NA,1
sub-5890XJCZ,NA,NA,NA
sub-589PDMA0,NA,NA,1
sub-58G3ZX3W,NA,NA,NA
sub-58GL6F39,NA,NA,1
sub-58MP0B36,NA,NA,1
sub-58P73L9E,NA,NA,NA
sub-58P78T2W,NA,NA,NA
sub-58V0LMM9,NA,NA,NA
sub-58VGXCL7,NA,NA,NA
sub-58WUAJG4,1,1,1
sub-58XVZFMC,NA,NA,NA
sub-591LR2LK,1,1,1
sub-592319RL,NA,NA,NA
sub-5974KV94,NA,NA,NA
sub-59BE4FA2,NA,NA,NA
sub-59C2MYUA,NA,NA,NA
sub-59C49NWM,NA,NA,NA
sub-59C91GGB,NA,NA,NA
sub-59CAGP2B,NA,NA,1
sub-59K6Y5TC,NA,NA,NA
sub-59KP7TG2,NA,NA,1
sub-59MF6Y4H,NA,NA,NA
sub-59MJGL9R,NA,NA,NA
sub-59W523AL,NA,NA,NA
sub-5A1EKVU6,NA,NA,NA
sub-5A2VREUG,NA,NA,NA
sub-5A4EYCUX,NA,NA,NA
sub-5A4NMKKA,NA,NA,NA
sub-5A6YDAY7,NA,NA,NA
sub-5A88A0JW,NA,NA,1
sub-5AC9TVN4,1,1,1
sub-5AEUN2YL,NA,NA,NA
sub-5AF8JW1F,NA,NA,NA
sub-5AX7X2LE,NA,NA,NA
sub-5AXUMK7E,NA,NA,1
sub-5B0XG3JG,1,1,1
sub-5B32UHDY,NA,NA,1
sub-5B3Z5K9P,NA,NA,1
sub-5B5DML2V,NA,NA,NA
sub-5BA97WFG,NA,NA,NA
sub-5BAYCXNM,NA,NA,NA
sub-5BF7P17A,NA,NA,NA
sub-5BJZW7MU,1,1,1
sub-5BT1KR96,NA,NA,NA
sub-5BXCGPHW,NA,NA,NA
sub-5C2HRHM2,NA,NA,NA
sub-5C5YPMZH,NA,NA,NA
sub-5C6NT3K7,NA,NA,NA
sub-5C9WJ4B3,NA,NA,1
sub-5CAAJ5TK,NA,NA,NA
sub-5CAU9Y0N,NA,NA,1
sub-5CAVZWXG,NA,NA,NA
sub-5CHM4BJG,NA,NA,1
sub-5CY4JX3U,NA,NA,NA
sub-5D1E6KMW,NA,NA,NA
sub-5D3CDXCL,NA,NA,NA
sub-5D3CU8ML,NA,NA,NA
sub-5D4ADKUR,NA,NA,1
sub-5D540DWZ,NA,NA,NA
sub-5D5DENCM,NA,NA,NA
sub-5DCHFU4W,NA,NA,NA
sub-5DJB583J,NA,NA,1
sub-5DJB8FFX,NA,NA,1
sub-5DNKJ4H4,NA,NA,NA
sub-5DTVKE3L,1,1,1
sub-5DW63RTW,NA,NA,NA
sub-5DXMXDFV,NA,NA,1
sub-5E1VA5Z1,NA,NA,1
sub-5E5N8A4J,NA,NA,1
sub-5E784F4H,NA,NA,NA
sub-5E97AP49,NA,NA,NA
sub-5EFUXC2G,NA,NA,1
sub-5EY0WLBP,NA,NA,NA
sub-5F2R3TL8,1,1,1
sub-5F54ZMX4,NA,NA,1
sub-5F61GNU7,NA,NA,NA
sub-5F786HZ9,NA,NA,1
sub-5FB3U0EJ,NA,NA,NA
sub-5FB99JMV,NA,NA,1
sub-5FBJ0AJ1,NA,NA,NA
sub-5FBV2BUF,NA,NA,NA
sub-5FCN1RR9,1,1,1
sub-5FDXAA9F,NA,NA,NA
sub-5FEDVJTV,NA,NA,NA
sub-5FKNM21M,1,1,1
sub-5FR0A6E7,NA,NA,NA
sub-5FTGCUDV,NA,NA,NA
sub-5FUBUX54,NA,NA,NA
sub-5FY23Y7U,1,1,1
sub-5G2YX7EG,NA,NA,NA
sub-5G3DP835,1,1,1
sub-5G46RBZN,1,1,1
sub-5G5KBE3H,NA,NA,1
sub-5GAREWU2,NA,NA,NA
sub-5GB3TA25,NA,NA,NA
sub-5GD0VX6N,NA,NA,NA
sub-5GM4X9AB,NA,NA,1
sub-5GUMR9J0,NA,NA,1
sub-5H125N5W,NA,NA,NA
sub-5H1AW18P,NA,NA,NA
sub-5H28NDM9,NA,NA,NA
sub-5HDBZPE1,NA,NA,NA
sub-5HER88YM,NA,NA,1
sub-5HG40TVB,NA,NA,NA
sub-5HGRW46V,NA,NA,NA
sub-5HH9FDM1,NA,NA,NA
sub-5HJF8AGA,NA,NA,NA
sub-5HKYD59J,NA,NA,NA
sub-5HNAA4NT,1,1,1
sub-5HRL29UE,1,1,1
sub-5J1VTUME,2,1,1
sub-5J25ZKJV,NA,NA,NA
sub-5J93LHWW,1,1,1
sub-5JE05DJK,NA,NA,NA
sub-5JGG99ZM,NA,NA,NA
sub-5JKLGU54,NA,NA,NA
sub-5JMX50MK,NA,NA,NA
sub-5JX1E1YG,NA,NA,1
sub-5K0EKM7F,NA,NA,1
sub-5K5J2WLT,NA,NA,NA
sub-5K62JDBR,1,1,1
sub-5K67LYGB,NA,NA,NA
sub-5K9CU40G,1,1,1
sub-5KGZR02X,NA,NA,NA
sub-5KKFRGWA,NA,NA,NA
sub-5KKUBDAY,2,1,1
sub-5KTH90ED,NA,NA,1
sub-5L4LYVBY,NA,NA,1
sub-5L65JM7L,NA,NA,NA
sub-5L7AU3X8,NA,NA,NA
sub-5L9NEM2D,1,1,1
sub-5LC1UB7X,NA,NA,NA
sub-5LKTCB6L,NA,NA,NA
sub-5LKV9216,NA,NA,1
sub-5LM4TFDU,1,1,1
sub-5LUMKVGJ,NA,NA,NA
sub-5LX6W948,NA,NA,1
sub-5M3TZBG8,NA,NA,NA
sub-5M9Y06N7,NA,NA,NA
sub-5MB5KZXY,NA,NA,NA
sub-5MF8VMU6,NA,NA,NA
sub-5MFBJTBG,NA,NA,NA
sub-5MHT9RR4,NA,NA,NA
sub-5MJHVEB8,NA,NA,NA
sub-5MKR158G,NA,NA,NA
sub-5MP2XXGP,1,1,1
sub-5MRTJNYU,NA,NA,1
sub-5MXTGY8D,NA,NA,NA
sub-5MYF77YV,NA,NA,NA
sub-5N1N1DEL,NA,NA,NA
sub-5N40CFL4,NA,NA,NA
sub-5N8A69PF,NA,NA,NA
sub-5NBUYXAC,NA,NA,NA
sub-5NCKTGC0,NA,NA,NA
sub-5NHWRD1C,NA,NA,1
sub-5NNKMGJE,NA,NA,1
sub-5NPRNJAU,NA,NA,1
sub-5NR371CT,NA,NA,NA
sub-5NU3KPN3,NA,NA,NA
sub-5NUV12DN,NA,NA,NA
sub-5NVYVN9F,NA,NA,NA
sub-5NZ2TBC7,NA,NA,NA
sub-5NZW4ZBJ,NA,NA,NA
sub-5P2UAGPW,NA,NA,1
sub-5P5E90FX,NA,NA,1
sub-5P7MAKXF,1,1,1
sub-5PETUZNA,NA,NA,NA
sub-5PRF1M68,NA,NA,NA
sub-5PTVY6KC,NA,NA,NA
sub-5PU4UNRW,NA,NA,NA
sub-5PWUMKR0,1,1,1
sub-5PY4J4XG,1,1,1
sub-5PZJXKN6,NA,NA,NA
sub-5R386XD4,NA,NA,NA
sub-5R43K02F,NA,NA,NA
sub-5R57W4GA,NA,NA,1
sub-5RAR4VBD,NA,NA,1
sub-5RCURZX7,NA,NA,1
sub-5RW8MAXM,1,1,NA
sub-5RY4ZHHG,NA,NA,NA
sub-5RYKZBC7,1,1,1
sub-5T572NVH,NA,NA,NA
sub-5T6MEVTN,NA,NA,1
sub-5T6VPW2C,1,1,1
sub-5T85HNFX,NA,NA,NA
sub-5T9K540P,NA,NA,NA
sub-5TB3M4RT,NA,NA,1
sub-5TEDV177,NA,NA,NA
sub-5TJZTXMY,NA,NA,NA
sub-5TT0JL6Z,NA,NA,NA
sub-5TT4VN2V,NA,NA,NA
sub-5TW13RHH,NA,NA,1
sub-5TXRR9TT,NA,NA,1
sub-5U0B0UC3,NA,NA,NA
sub-5U1CRWKY,NA,NA,NA
sub-5U4NNRJJ,NA,NA,1
sub-5U642ALM,NA,NA,1
sub-5U6LFRPZ,NA,NA,NA
sub-5U7MX7KU,NA,NA,1
sub-5U8RGRGL,NA,NA,NA
sub-5U9JTZ3X,NA,NA,NA
sub-5UABVWT2,NA,NA,NA
sub-5UAF6YMT,NA,NA,NA
sub-5UAWUVFC,1,1,1
sub-5UBKJ57C,NA,NA,NA
sub-5UCM0NGX,NA,NA,NA
sub-5UCXG70X,NA,NA,NA
sub-5UE7EYK6,NA,NA,NA
sub-5UEM3B36,NA,NA,NA
sub-5UG94F1Y,NA,NA,NA
sub-5UGKB0HE,NA,NA,NA
sub-5UHHRZBV,NA,NA,1
sub-5UJ0L2AV,NA,NA,1
sub-5UJ10BMU,NA,NA,NA
sub-5UXMR1B3,NA,NA,NA
sub-5UYTUJ33,NA,NA,1
sub-5UZDXP10,NA,NA,1
sub-5V1FEEAW,NA,NA,NA
sub-5V2AYDE7,1,1,1
sub-5V348XPG,NA,NA,1
sub-5V6LPP6X,NA,NA,NA
sub-5VAD4B1H,NA,NA,NA
sub-5VD5LWH4,NA,NA,1
sub-5VETDCUY,NA,NA,NA
sub-5VFG6UKN,NA,NA,NA
sub-5VGKMHCR,NA,NA,NA
sub-5VJHAFVK,NA,NA,1
sub-5VJVZMV6,NA,NA,NA
sub-5VLNFBN7,1,1,1
sub-5VMC4WL1,NA,NA,NA
sub-5VNP0E50,NA,NA,NA
sub-5VP4RK9P,NA,NA,NA
sub-5VRKLMXL,NA,NA,NA
sub-5VRVMVVT,NA,NA,NA
sub-5VT1M6LF,NA,NA,1
sub-5VTE9R5K,NA,NA,NA
sub-5VVD4E6G,NA,NA,1
sub-5VWG4VXE,NA,NA,NA
sub-5VWTWJ9Y,NA,NA,NA
sub-5W0CC2UK,NA,NA,NA
sub-5WBZDXME,NA,NA,NA
sub-5WE268D9,NA,NA,1
sub-5WFFJBKU,NA,NA,NA
sub-5WHF8EZJ,1,1,1
sub-5WLH822H,NA,NA,NA
sub-5WPTZ0W9,NA,NA,NA
sub-5WTABLWY,1,1,1
sub-5WXD7A7X,NA,NA,NA
sub-5WZA04YF,NA,NA,1
sub-5WZDJT4C,NA,NA,1
sub-5X077B1L,NA,NA,NA
sub-5X1YW6XG,NA,NA,1
sub-5X1ZU6Z5,NA,NA,NA
sub-5X5TR2BK,2,1,1
sub-5X8TYY0W,NA,NA,1
sub-5XAZTBUE,NA,NA,NA
sub-5XCVC6RN,1,1,NA
sub-5XJMU584,NA,NA,NA
sub-5XLLB0FF,NA,NA,NA
sub-5XN1DB2X,NA,NA,NA
sub-5XPN7DR4,NA,NA,1
sub-5XR88XGH,1,1,NA
sub-5XRG1L4T,NA,NA,NA
sub-5XT9TNDL,NA,NA,NA
sub-5XU9RLTX,1,1,1
sub-5XV8TY4W,NA,NA,NA
sub-5XXGXM1J,1,1,1
sub-5XZZKLKM,NA,NA,NA
sub-5Y3DK6GX,1,1,1
sub-5YHWBYRD,NA,NA,NA
sub-5YKAB0PN,NA,NA,NA
sub-5YKVY4EN,NA,NA,NA
sub-5YLL09V1,NA,NA,NA
sub-5YM7M2ME,NA,NA,NA
sub-5Z57C4GY,1,1,1
sub-5ZAP9LUZ,1,1,1
sub-5ZEMD2C6,NA,NA,NA
sub-5ZHBV7HD,1,1,1
sub-5ZJBJZV9,NA,NA,1
sub-5ZKVPJ7T,NA,NA,NA
sub-5ZLLK0YM,NA,NA,NA
sub-5ZX89Y3X,NA,NA,NA
sub-6012XAJ6,NA,NA,NA
sub-6045WTHJ,NA,NA,NA
sub-607MN0KZ,NA,NA,NA
sub-60E1MMY6,NA,NA,NA
sub-60JX28L4,NA,NA,NA
sub-60TF6M3L,NA,NA,NA
sub-60TVEFTU,1,1,1
sub-60VLVXBP,NA,NA,NA
sub-60WMW4VN,NA,NA,NA
sub-60X2U63K,NA,NA,NA
sub-60X56ELW,NA,NA,NA
sub-60Y92AGP,NA,NA,NA
sub-60Z66BLA,NA,NA,NA
sub-615C9HX4,NA,NA,1
sub-616Z4KBR,NA,NA,1
sub-618RC28E,NA,NA,NA
sub-619DWVEK,NA,NA,1
sub-61GCTA64,NA,NA,NA
sub-61GRLR8M,NA,NA,NA
sub-61K56BR1,NA,NA,NA
sub-61LJLRTD,NA,NA,NA
sub-61PF7E1L,NA,NA,NA
sub-61RKCL4Y,NA,NA,NA
sub-61VV3W6U,NA,NA,NA
sub-61VX090A,NA,NA,NA
sub-61W2FJMD,NA,NA,NA
sub-61X565FX,NA,NA,1
sub-61ZHGXE4,2,1,NA
sub-620B7YP2,1,1,1
sub-623BMY8N,NA,NA,NA
sub-624NB85M,NA,NA,1
sub-625BWGDB,NA,NA,NA
sub-626AP3L0,NA,NA,NA
sub-628TL13A,NA,NA,NA
sub-62EUKL2P,NA,NA,NA
sub-62EXXY99,1,1,1
sub-62G4MJ4G,NA,NA,1
sub-62K5R39F,NA,NA,NA
sub-62P1BPWE,NA,NA,NA
sub-62VXCMPT,NA,NA,1
sub-630AFLN3,NA,NA,NA
sub-637CGUEV,NA,NA,NA
sub-63H879ZC,NA,NA,NA
sub-63JMZ9HT,NA,NA,NA
sub-63M0TP0H,NA,NA,1
sub-63MHPM68,NA,NA,NA
sub-63Y2M5BR,NA,NA,NA
sub-6471U3G7,NA,NA,NA
sub-64EVZUTB,NA,NA,NA
sub-64GAJKPV,NA,NA,1
sub-64GKZ96V,NA,NA,1
sub-64HHWR5T,NA,NA,NA
sub-64PE3J4T,NA,NA,NA
sub-64PVVHP3,NA,NA,1
sub-64VGNDWA,NA,NA,NA
sub-64VXDF5P,NA,NA,1
sub-654DRYXT,NA,NA,NA
sub-657UW3RF,NA,NA,NA
sub-65CU9XVH,NA,NA,1
sub-65CZ6X6K,NA,NA,NA
sub-65EH551L,NA,NA,NA
sub-65HEDB50,1,1,1
sub-65NLFHYD,1,1,1
sub-65P1JE5L,NA,NA,NA
sub-65P8PM1D,NA,NA,NA
sub-65TGVETU,NA,NA,NA
sub-65V1Z314,2,1,1
sub-65VTXZRA,NA,NA,1
sub-65X59CTR,1,1,1
sub-65ZT6M99,NA,NA,NA
sub-660006Z5,NA,NA,NA
sub-665J58DF,1,1,1
sub-666M5VR8,NA,NA,NA
sub-66708YNC,NA,NA,1
sub-66ANGUXW,NA,NA,NA
sub-66B2RLDF,NA,NA,NA
sub-66D8NKUD,NA,NA,NA
sub-66FXTFCD,1,1,1
sub-66LWGDCB,NA,NA,1
sub-66PM75JX,1,1,1
sub-66R9F57P,NA,NA,1
sub-66TNJAWV,1,1,1
sub-66ULU7EK,NA,NA,NA
sub-66W9RTUH,NA,NA,NA
sub-66XU9ULV,NA,NA,NA
sub-670CPHWJ,NA,NA,NA
sub-671RCPHA,NA,NA,NA
sub-677ED18Z,NA,NA,NA
sub-6790DE8Z,NA,NA,1
sub-679MKUFP,NA,NA,1
sub-67CCUNV4,NA,NA,NA
sub-67G76XVR,NA,NA,1
sub-67GRP56R,NA,NA,1
sub-67J2H4Y1,NA,NA,NA
sub-67JE45TU,NA,NA,NA
sub-67KWVPR7,NA,NA,NA
sub-67LUTZ66,NA,NA,NA
sub-67PGLMAX,NA,NA,NA
sub-67TUZJU7,NA,NA,NA
sub-67W1B7DK,1,1,1
sub-683LRYEL,NA,NA,NA
sub-686DFAG4,NA,NA,NA
sub-68DDW0WH,NA,NA,NA
sub-68K18L17,NA,NA,1
sub-68L0WZRB,NA,NA,1
sub-68R3JMCF,NA,NA,NA
sub-68TA7J93,NA,NA,NA
sub-68UE7DYK,NA,NA,NA
sub-68V7T6T1,NA,NA,NA
sub-68WXH24G,NA,NA,1
sub-68YKYYY5,NA,NA,1
sub-68ZA6HHA,NA,NA,NA
sub-692LVYC3,NA,NA,NA
sub-699886DJ,NA,NA,NA
sub-69EDG4B6,NA,NA,1
sub-69FLDML4,NA,NA,NA
sub-69MBGCB3,NA,NA,NA
sub-69NJR4DR,NA,NA,1
sub-69UKEYVY,NA,NA,NA
sub-69W6GH2W,NA,NA,NA
sub-69YP46W3,NA,NA,NA
sub-6A0Z6DN6,1,1,1
sub-6A16UBJN,NA,NA,1
sub-6A2D8DTU,NA,NA,1
sub-6A3945TH,NA,NA,NA
sub-6A7ACK4N,NA,NA,1
sub-6A87F2YX,NA,NA,NA
sub-6ABHCVYT,NA,NA,1
sub-6AC2J61C,NA,NA,NA
sub-6AFA8GU6,NA,NA,1
sub-6AK4GUVM,NA,NA,NA
sub-6AP3YFJV,NA,NA,1
sub-6AR47APF,NA,NA,1
sub-6AR8A46Z,NA,NA,1
sub-6ARV4JZP,NA,NA,NA
sub-6AYFVDEM,NA,NA,NA
sub-6B3HFDAY,NA,NA,NA
sub-6BAW7VRX,NA,NA,1
sub-6BB3VGEP,NA,NA,1
sub-6BE95J7K,NA,NA,1
sub-6BN8ZZN1,1,1,1
sub-6BVU3BDR,NA,NA,1
sub-6BVVAY29,1,1,1
sub-6BWXMYPY,NA,NA,NA
sub-6C8NRRP1,NA,NA,NA
sub-6CA2HNYJ,NA,NA,NA
sub-6CG6LPAT,1,1,1
sub-6CG96F0T,NA,NA,NA
sub-6CKN3XJT,NA,NA,1
sub-6CMPML77,NA,NA,NA
sub-6CN3DP5L,NA,NA,1
sub-6CNL0TLZ,NA,NA,NA
sub-6CUNP3EL,NA,NA,NA
sub-6CZ8A7P2,NA,NA,NA
sub-6D02DABX,NA,NA,NA
sub-6D3TTBKJ,2,1,1
sub-6D552CRB,NA,NA,1
sub-6D9PKM7V,NA,NA,NA
sub-6DC4XC3T,NA,NA,NA
sub-6DE6KC7V,1,1,1
sub-6DHM0P01,NA,NA,NA
sub-6DKE68K2,NA,NA,NA
sub-6DLPUK1V,NA,NA,NA
sub-6DWNWHUF,NA,NA,NA
sub-6DYLLUU6,NA,NA,NA
sub-6E5JG9U4,NA,NA,NA
sub-6E7NETJT,NA,NA,NA
sub-6E8NELFC,2,1,1
sub-6EDUREMP,NA,NA,NA
sub-6EJF2KCZ,NA,NA,NA
sub-6ELMHVPX,NA,NA,1
sub-6EPGL57G,NA,NA,1
sub-6ETG2FLM,NA,NA,1
sub-6ETG8KHZ,1,1,1
sub-6EU13388,NA,NA,NA
sub-6EVBBMKN,NA,NA,1
sub-6F1LPHLT,NA,NA,NA
sub-6F2ZB4BH,NA,NA,NA
sub-6F6ZH8XT,NA,NA,NA
sub-6F8VJE7N,NA,NA,1
sub-6FD78Z13,NA,NA,NA
sub-6FGUTK6K,NA,NA,NA
sub-6FH1EZP6,NA,NA,1
sub-6FJ7M4F7,NA,NA,NA
sub-6FTR88EC,NA,NA,NA
sub-6G091ALC,NA,NA,NA
sub-6G0MHGHA,NA,NA,NA
sub-6G618RT0,NA,NA,NA
sub-6G63P8W4,NA,NA,NA
sub-6G63TU7R,NA,NA,NA
sub-6G6L9NXY,NA,NA,NA
sub-6G8X0EP0,1,1,1
sub-6GBF9WDD,NA,NA,NA
sub-6GLTPT5T,NA,NA,NA
sub-6GMHV73C,NA,NA,NA
sub-6GNKZJJN,NA,NA,NA
sub-6H4LKF9P,NA,NA,NA
sub-6H7448TR,NA,NA,NA
sub-6H9BMNN8,NA,NA,NA
sub-6HAPRB0L,NA,NA,NA
sub-6HGTDBGT,NA,NA,1
sub-6HGWZFVC,NA,NA,NA
sub-6HH7ZULZ,1,1,1
sub-6HJXU3XZ,NA,NA,NA
sub-6HRC5TN7,NA,NA,1
sub-6HRCV5FM,NA,NA,NA
sub-6HTEC707,NA,NA,1
sub-6HTXA830,NA,NA,NA
sub-6HVN64HM,NA,NA,1
sub-6HZWUM71,NA,NA,NA
sub-6J2LL0DX,NA,NA,NA
sub-6J2PR0YF,NA,NA,NA
sub-6J4KCFWV,NA,NA,NA
sub-6J8LBGU5,1,1,1
sub-6J9EV4DL,NA,NA,NA
sub-6J9PLWZH,NA,NA,NA
sub-6JA3GMT0,NA,NA,NA
sub-6JAHU3DT,NA,NA,NA
sub-6JBD5MP2,NA,NA,1
sub-6JF8WUYT,NA,NA,1
sub-6JFY5LBB,NA,NA,NA
sub-6JHNJJUB,NA,NA,NA
sub-6JJBMHZL,NA,NA,NA
sub-6JJFGCTX,NA,NA,NA
sub-6JKR3P49,NA,NA,NA
sub-6JLX8H82,1,1,1
sub-6K2HE999,NA,NA,1
sub-6K2VKBU3,NA,NA,NA
sub-6K35WWL0,NA,NA,NA
sub-6KCEDZAY,NA,NA,NA
sub-6KCMKK84,NA,NA,NA
sub-6KDC9UJX,NA,NA,NA
sub-6KEGPJ6J,NA,NA,NA
sub-6KKX9JVK,NA,NA,NA
sub-6KL1B4H0,NA,NA,NA
sub-6KM1LGCB,1,1,1
sub-6KP3MKL1,NA,NA,NA
sub-6KRBKZYB,NA,NA,NA
sub-6KUUNE55,NA,NA,NA
sub-6KW88EPW,NA,NA,1
sub-6KYWMEB4,NA,NA,NA
sub-6KZ6GTEJ,NA,NA,NA
sub-6KZZZ5WU,NA,NA,NA
sub-6L03215H,NA,NA,NA
sub-6L19M78W,1,1,1
sub-6L7B1GX3,NA,NA,NA
sub-6L8KUMX4,NA,NA,1
sub-6L8M5J2R,NA,NA,1
sub-6LBMATCR,NA,NA,NA
sub-6LDKEBNM,NA,NA,NA
sub-6LJL1R97,NA,NA,NA
sub-6LMU82AJ,1,1,1
sub-6LNG5JWF,NA,NA,NA
sub-6LNW0KV6,NA,NA,NA
sub-6LPGM9UU,1,1,1
sub-6LR7XBTB,NA,NA,NA
sub-6LU3M80M,NA,NA,NA
sub-6LW8CTG9,NA,NA,NA
sub-6LWR0ZHT,NA,NA,NA
sub-6M1Y11R0,NA,NA,1
sub-6M531U7A,NA,NA,NA
sub-6MB1G78W,NA,NA,NA
sub-6MDP38L0,NA,NA,NA
sub-6MDZCZBV,NA,NA,1
sub-6MH7AY14,NA,NA,NA
sub-6MRZ56RM,NA,NA,NA
sub-6MVAMGRE,NA,NA,NA
sub-6N1XNYN7,NA,NA,NA
sub-6N349E4J,1,1,1
sub-6N503HJZ,NA,NA,NA
sub-6NFVRHFA,NA,NA,NA
sub-6NJ4UWH8,NA,NA,1
sub-6NKPMPRL,NA,NA,NA
sub-6NLC9UXB,NA,NA,1
sub-6NM33PV7,NA,NA,NA
sub-6NR4NZWL,1,1,1
sub-6NRB61V1,NA,NA,1
sub-6NU2WWNR,NA,NA,NA
sub-6NUTPPMD,NA,NA,NA
sub-6NYCB4Y6,1,1,1
sub-6P3M2G8K,NA,NA,1
sub-6P89KUD7,NA,NA,NA
sub-6PEZ2Z0K,NA,NA,NA
sub-6PK3TH3F,NA,NA,1
sub-6PUUHUTG,NA,NA,NA
sub-6PWHXMEW,NA,NA,NA
sub-6PX8VT24,NA,NA,NA
sub-6PYRR639,NA,NA,NA
sub-6PZCMKHU,NA,NA,NA
sub-6R35KCYL,NA,NA,1
sub-6R64U2H8,NA,NA,1
sub-6R8YX29J,NA,NA,1
sub-6R9H00F3,1,1,1
sub-6RPBF276,NA,NA,NA
sub-6RWCZUXZ,NA,NA,1
sub-6T5W1GHZ,NA,NA,NA
sub-6T7K85JU,1,1,1
sub-6TAAAJ4F,NA,NA,NA
sub-6TFE3J8G,NA,NA,NA
sub-6THWFPJL,NA,NA,NA
sub-6TK12BD1,NA,NA,NA
sub-6TL940V1,NA,NA,1
sub-6TM6V4CG,NA,NA,NA
sub-6U16ZH7L,NA,NA,NA
sub-6U1YT1NL,NA,NA,1
sub-6U7JK69M,NA,NA,NA
sub-6U7X519L,NA,NA,NA
sub-6UBYFA3R,NA,NA,1
sub-6UH8VGPA,NA,NA,NA
sub-6UPZCK82,NA,NA,1
sub-6UTCM96K,NA,NA,1
sub-6UU2L6YJ,2,1,1
sub-6UUPURN1,NA,NA,NA
sub-6UWU0UNB,NA,NA,1
sub-6UYXYTEH,NA,NA,NA
sub-6UZL0D8M,NA,NA,1
sub-6V35BPDJ,NA,NA,NA
sub-6V5YH922,NA,NA,NA
sub-6VB0DZ51,NA,NA,NA
sub-6VFFYA3R,NA,NA,NA
sub-6VN12UTG,1,1,1
sub-6VT5M0AL,NA,NA,NA
sub-6VUN0VRU,NA,NA,NA
sub-6VXADERG,NA,NA,1
sub-6VZ1LB3J,NA,NA,NA
sub-6VZBKHPK,NA,NA,NA
sub-6W2Z90PJ,NA,NA,NA
sub-6W30KJMZ,NA,NA,NA
sub-6W6JXPC8,1,1,1
sub-6WB14N47,NA,NA,1
sub-6WH2N8P4,NA,NA,NA
sub-6WJ57CC2,NA,NA,NA
sub-6WJRAFFM,NA,NA,NA
sub-6WNHDWPU,1,1,NA
sub-6WNLK5EN,NA,NA,NA
sub-6WV9X2KM,NA,NA,NA
sub-6WW1A9ER,NA,NA,NA
sub-6WXU5DEY,NA,NA,NA
sub-6X19N1LP,NA,NA,1
sub-6X4L1EPK,NA,NA,NA
sub-6X9N1DLT,1,1,1
sub-6X9U8P56,NA,NA,NA
sub-6XBTPUAH,NA,NA,NA
sub-6XE6J751,NA,NA,NA
sub-6XM2BBV2,NA,NA,NA
sub-6XMUW19F,NA,NA,1
sub-6XNGNVUC,NA,NA,NA
sub-6XNN68K1,NA,NA,NA
sub-6XT4AD09,NA,NA,NA
sub-6XTE4VEF,NA,NA,NA
sub-6XTLR9MW,NA,NA,NA
sub-6XYKHUD6,NA,NA,NA
sub-6Y1WA4WE,NA,NA,NA
sub-6Y2ZGZRC,NA,NA,NA
sub-6Y7D78GZ,NA,NA,NA
sub-6Y7LCCWT,NA,NA,NA
sub-6YFG0ZXV,NA,NA,NA
sub-6YFHHNGB,NA,NA,1
sub-6YMY7HCD,1,1,1
sub-6YP01DDF,NA,NA,1
sub-6YVYFKU7,NA,NA,NA
sub-6YYN1L6W,1,1,1
sub-6Z1RJLBY,NA,NA,NA
sub-6Z7HVAJD,NA,NA,NA
sub-6Z8ELWW1,1,1,1
sub-6ZDALB3F,NA,NA,NA
sub-6ZNTXKJ1,1,1,1
sub-6ZTLWMWW,NA,NA,NA
sub-6ZU9NKBV,NA,NA,NA
sub-7012EA0L,NA,NA,NA
sub-701F04JM,1,1,1
sub-702TNTVC,NA,NA,NA
sub-704AUHWH,NA,NA,NA
sub-704JUD94,NA,NA,NA
sub-7063065M,NA,NA,NA
sub-70EJ1089,NA,NA,NA
sub-70FU58C1,NA,NA,1
sub-70NBRYWP,NA,NA,1
sub-71136NP6,NA,NA,NA
sub-71580HYU,NA,NA,NA
sub-71KVYY5T,NA,NA,NA
sub-71L84YX6,NA,NA,1
sub-71LY516E,1,1,1
sub-71MKD752,NA,NA,NA
sub-71N5JHR2,NA,NA,NA
sub-7203PRBW,NA,NA,1
sub-7239K1HB,NA,NA,NA
sub-723AA4WA,NA,NA,1
sub-725NP8B2,NA,NA,NA
sub-7261JZGE,NA,NA,NA
sub-727KPM9N,NA,NA,NA
sub-72D5W9YN,NA,NA,NA
sub-72F575DA,NA,NA,NA
sub-72J2GA95,NA,NA,NA
sub-72J2TKB2,NA,NA,NA
sub-72JP5LKF,NA,NA,NA
sub-72MPGEWD,NA,NA,NA
sub-72MV78KG,NA,NA,NA
sub-72N0GYL5,NA,NA,NA
sub-72NE2AL6,NA,NA,NA
sub-72PBFKDM,NA,NA,1
sub-72Z70LY1,NA,NA,NA
sub-72ZPH2CL,NA,NA,NA
sub-735T3VEK,NA,NA,1
sub-73C9ZTFF,NA,NA,1
sub-73D1F1AM,NA,NA,NA
sub-73J1L7TG,NA,NA,NA
sub-73P1LVTY,NA,NA,NA
sub-73VBCJUJ,NA,NA,1
sub-73VTV7W4,NA,NA,NA
sub-73ZVLFTC,NA,NA,NA
sub-74291PGJ,NA,NA,1
sub-743YNW7Y,NA,NA,NA
sub-7466RMUA,NA,NA,NA
sub-747ZXA8Y,NA,NA,NA
sub-749XW1TD,NA,NA,NA
sub-74A66FHC,NA,NA,1
sub-74B0CYN6,NA,NA,NA
sub-74LR36LF,NA,NA,NA
sub-74MKXN03,NA,NA,1
sub-74MXUMZP,NA,NA,1
sub-74U01GZR,NA,NA,1
sub-753T05PF,NA,NA,NA
sub-75642VVU,1,1,1
sub-75APGWF2,NA,NA,NA
sub-75E8B1DX,NA,NA,NA
sub-75ECG86A,NA,NA,NA
sub-75EWTV73,NA,NA,NA
sub-75H3LM5P,2,1,1
sub-75RAY395,NA,NA,1
sub-75RKEU4Z,NA,NA,NA
sub-75UAC3KM,NA,NA,1
sub-75VFMGNT,NA,NA,NA
sub-75Y0PRA7,NA,NA,NA
sub-75ZYAV1X,NA,NA,NA
sub-7616XCLL,NA,NA,NA
sub-761E1JVD,NA,NA,NA
sub-764983UN,NA,NA,NA
sub-765GH2MK,NA,NA,NA
sub-7692F35W,NA,NA,NA
sub-769BNJY5,NA,NA,NA
sub-76K5LEL6,1,1,1
sub-76NR9YPR,NA,NA,NA
sub-76XDC3CZ,NA,NA,NA
sub-76XW5V3P,NA,NA,1
sub-77GU1E3W,NA,NA,1
sub-77L20NBP,NA,NA,1
sub-77M916PU,NA,NA,NA
sub-77PU8VG1,NA,NA,NA
sub-77R50T8J,NA,NA,NA
sub-77ZRTU6A,NA,NA,NA
sub-784C061J,NA,NA,NA
sub-788NL0CN,NA,NA,NA
sub-78DM8A8U,NA,NA,NA
sub-78F8PD48,NA,NA,1
sub-78L0ZLZW,1,1,1
sub-78NACXBB,NA,NA,1
sub-78PUEPUH,NA,NA,NA
sub-78R9N2X5,1,1,1
sub-78TL163B,NA,NA,NA
sub-78YTP5L9,NA,NA,NA
sub-78ZMU14W,1,1,1
sub-792K6B34,NA,NA,NA
sub-79KGLZX3,1,1,1
sub-79LWB567,NA,NA,NA
sub-79LXV51U,NA,NA,NA
sub-79NF4B2M,NA,NA,NA
sub-79PFNDFU,NA,NA,NA
sub-79ZA5TBC,NA,NA,NA
sub-79ZF8916,NA,NA,NA
sub-7A5RDHVW,1,1,1
sub-7A80G68A,NA,NA,1
sub-7AB2FTKZ,NA,NA,NA
sub-7ACL01JV,1,1,1
sub-7AEDEPH8,NA,NA,1
sub-7ALJZGKH,NA,NA,NA
sub-7APJG7TK,NA,NA,NA
sub-7ATXXJUG,NA,NA,NA
sub-7AW78FJX,NA,NA,1
sub-7AWGW55P,NA,NA,1
sub-7AYZ3UUP,NA,NA,NA
sub-7B2CAC25,1,1,1
sub-7B2FLVAY,NA,NA,NA
sub-7B2V2JHN,NA,NA,NA
sub-7B7LHAU0,NA,NA,NA
sub-7B9VZ5UU,NA,NA,NA
sub-7BB38F3D,NA,NA,NA
sub-7BCF45XY,NA,NA,NA
sub-7BJ6UKUT,NA,NA,NA
sub-7BKAGKM2,1,1,1
sub-7BKAZZAM,NA,NA,NA
sub-7BRAYU73,NA,NA,1
sub-7BTZH7L2,NA,NA,1
sub-7BVLKF6V,NA,NA,NA
sub-7C262RWK,NA,NA,NA
sub-7C9DD99Y,NA,NA,1
sub-7CAJVVXE,NA,NA,NA
sub-7CAPEPP7,NA,NA,NA
sub-7CB47GY8,NA,NA,NA
sub-7CBLTJJ7,NA,NA,NA
sub-7CBUV9AY,NA,NA,NA
sub-7CC21C8B,NA,NA,1
sub-7CN47GEF,1,1,1
sub-7D8F79P8,NA,NA,NA
sub-7DG2NPET,NA,NA,NA
sub-7DU2R3J4,NA,NA,1
sub-7DUJG7N2,NA,NA,1
sub-7DWZAMUR,NA,NA,NA
sub-7DY4B12E,NA,NA,NA
sub-7E13LZN6,1,1,1
sub-7E2LV7HF,NA,NA,NA
sub-7E36P23G,NA,NA,NA
sub-7E8WJTYE,NA,NA,NA
sub-7EGEBVF3,NA,NA,NA
sub-7ELLRXA6,1,1,1
sub-7EUD7HVK,NA,NA,NA
sub-7EZLVXDN,NA,NA,NA
sub-7EZLY570,NA,NA,NA
sub-7F064NWY,NA,NA,NA
sub-7F1N85W0,NA,NA,NA
sub-7F1PXABE,1,1,1
sub-7F2WNZ5D,NA,NA,NA
sub-7F555HX9,NA,NA,NA
sub-7F8T9HG0,NA,NA,NA
sub-7FC40YZ3,NA,NA,1
sub-7FG8NTPP,NA,NA,1
sub-7FGBBTWL,NA,NA,NA
sub-7FTHG8XU,NA,NA,1
sub-7G30XLFU,NA,NA,NA
sub-7G3ZUVUL,NA,NA,NA
sub-7G7KU2PH,NA,NA,NA
sub-7G8CPXCM,NA,NA,1
sub-7GC6PLZG,NA,NA,NA
sub-7GCR03MF,NA,NA,NA
sub-7GDD5D2D,NA,NA,1
sub-7GGXBFFE,NA,NA,NA
sub-7GJEUCGE,NA,NA,1
sub-7GMJLBGM,NA,NA,NA
sub-7GTT6FAU,NA,NA,1
sub-7GWDC9VR,1,1,1
sub-7GY7FV6N,NA,NA,NA
sub-7GYDJXB0,NA,NA,NA
sub-7H18U74U,NA,NA,NA
sub-7H3FYUBB,NA,NA,NA
sub-7H4272VU,NA,NA,NA
sub-7H5MK7FM,NA,NA,NA
sub-7H784TK5,2,1,1
sub-7H8LD2B5,NA,NA,1
sub-7HF5AAL9,NA,NA,1
sub-7HGZNC2A,NA,NA,NA
sub-7HLNGBZN,NA,NA,1
sub-7J250229,NA,NA,NA
sub-7J2P2KEU,NA,NA,NA
sub-7J3KXGBK,NA,NA,1
sub-7J4T7ZK4,NA,NA,NA
sub-7J8ECUH7,NA,NA,NA
sub-7J8EL4J8,NA,NA,NA
sub-7J9K5U1L,NA,NA,NA
sub-7JACC03N,NA,NA,1
sub-7JERJG3Z,NA,NA,NA
sub-7JG084UZ,NA,NA,NA
sub-7JG0B0Y1,NA,NA,1
sub-7JGE0MH9,NA,NA,1
sub-7JT2AK44,NA,NA,NA
sub-7JTB8FL3,NA,NA,NA
sub-7JUL4TDF,NA,NA,1
sub-7K0DFRE1,NA,NA,NA
sub-7K1MZVU9,NA,NA,NA
sub-7KB5VY4J,NA,NA,NA
sub-7KBHVDUZ,NA,NA,NA
sub-7KENV8ZC,NA,NA,NA
sub-7KN1R7KK,NA,NA,1
sub-7KNCDTVE,NA,NA,1
sub-7KP7C6RB,NA,NA,1
sub-7KT820XL,NA,NA,1
sub-7KTCPBRC,NA,NA,NA
sub-7L07LVXR,NA,NA,NA
sub-7L18GGXH,NA,NA,1
sub-7L2M29CY,NA,NA,1
sub-7L87171T,NA,NA,NA
sub-7L9EAFEX,NA,NA,1
sub-7LA0606V,NA,NA,NA
sub-7LB64CGV,NA,NA,NA
sub-7LBEJR41,NA,NA,NA
sub-7LCUDWGP,NA,NA,NA
sub-7LE7FH8R,NA,NA,NA
sub-7LKX2BU4,NA,NA,NA
sub-7LM8LGFW,NA,NA,NA
sub-7LMEMN09,NA,NA,NA
sub-7LNN715D,NA,NA,NA
sub-7LWNRC3F,NA,NA,NA
sub-7LY97KWM,NA,NA,NA
sub-7M5CVFA6,NA,NA,1
sub-7M6BGL3E,1,1,1
sub-7MAEB0ZY,NA,NA,NA
sub-7MB6N322,NA,NA,NA
sub-7MCB12JE,NA,NA,NA
sub-7MFDRPRV,NA,NA,NA
sub-7MGHKUJM,NA,NA,NA
sub-7MNYK138,NA,NA,NA
sub-7MR18DLV,1,1,1
sub-7MZN86PD,NA,NA,NA
sub-7N2E7G6Z,NA,NA,NA
sub-7N4ED3TP,NA,NA,1
sub-7N4MXK3N,NA,NA,NA
sub-7N6YDNYD,NA,NA,NA
sub-7N96D4UW,NA,NA,NA
sub-7N9P7K46,NA,NA,NA
sub-7NAGRWL5,NA,NA,NA
sub-7NAURRCE,NA,NA,NA
sub-7NJLRBPW,NA,NA,NA
sub-7NKVRYKG,NA,NA,NA
sub-7NNTJYGL,NA,NA,NA
sub-7NVJNHRE,NA,NA,1
sub-7NW5NH08,1,1,1
sub-7P2D519Z,NA,NA,1
sub-7P85K41E,NA,NA,NA
sub-7P8CG4M6,NA,NA,NA
sub-7P8YWK52,NA,NA,NA
sub-7P9PRTBA,NA,NA,NA
sub-7PB55MX2,NA,NA,NA
sub-7PBWV849,NA,NA,NA
sub-7PFNKMNM,NA,NA,NA
sub-7PJVKVHV,NA,NA,NA
sub-7PLTAW3E,NA,NA,NA
sub-7PMXEN0M,NA,NA,NA
sub-7PR9WHRN,NA,NA,NA
sub-7PU5X7GA,1,1,1
sub-7PX8RTR8,NA,NA,NA
sub-7PXH7ZBR,1,1,1
sub-7R0TF1TJ,NA,NA,NA
sub-7R43BC6Z,NA,NA,NA
sub-7R52U5A1,1,1,NA
sub-7R5D0BJ0,NA,NA,NA
sub-7R67NVBB,NA,NA,1
sub-7R9KB5XY,NA,NA,NA
sub-7RC0NHDC,NA,NA,NA
sub-7RGX9G26,NA,NA,1
sub-7RH75L3L,NA,NA,NA
sub-7RKRY0EC,NA,NA,NA
sub-7RNULXT2,NA,NA,NA
sub-7RPBV53C,NA,NA,NA
sub-7RZA3Y8A,NA,NA,NA
sub-7T4X8GL0,NA,NA,NA
sub-7T9ULU2M,NA,NA,NA
sub-7TB8096T,NA,NA,NA
sub-7TENJYLH,NA,NA,NA
sub-7TJ6MJ74,NA,NA,NA
sub-7TJ9713F,NA,NA,NA
sub-7TJVNX42,NA,NA,NA
sub-7TUNMGNZ,NA,NA,NA
sub-7TV9UT40,NA,NA,NA
sub-7TZHEHB0,NA,NA,NA
sub-7U0R6TL7,NA,NA,1
sub-7U8TPCF1,NA,NA,NA
sub-7U9JKJT0,NA,NA,NA
sub-7UD8PUWD,NA,NA,1
sub-7UEN9TX6,NA,NA,NA
sub-7UERCC7T,NA,NA,NA
sub-7UTXNP58,NA,NA,NA
sub-7UVY9E4B,NA,NA,NA
sub-7UWTN03J,2,1,1
sub-7UY7DLBX,NA,NA,NA
sub-7V10F8LD,NA,NA,1
sub-7V53915E,NA,NA,NA
sub-7VBC21L8,NA,NA,NA
sub-7VG73XLG,NA,NA,1
sub-7VJRB88H,NA,NA,NA
sub-7VL87WNF,NA,NA,NA
sub-7VPBLMJ8,NA,NA,NA
sub-7W42V487,NA,NA,NA
sub-7W4K75L0,NA,NA,NA
sub-7W71JDAD,NA,NA,1
sub-7WBW8TFG,NA,NA,NA
sub-7WETNA45,NA,NA,1
sub-7WG3F8GT,1,1,1
sub-7WH96F72,1,1,1
sub-7WM1CF95,1,1,1
sub-7WT9690H,1,1,1
sub-7WTD2B6V,NA,NA,1
sub-7X4CGXMP,NA,NA,1
sub-7X4N428L,NA,NA,NA
sub-7X576WFP,NA,NA,NA
sub-7X7GDHBZ,NA,NA,1
sub-7XER6781,NA,NA,NA
sub-7XF3TWTY,NA,NA,1
sub-7XL78LUT,NA,NA,NA
sub-7XMA6BG5,1,1,1
sub-7XMDVMD9,NA,NA,NA
sub-7XRE8WCY,NA,NA,NA
sub-7XUDC1NW,NA,NA,NA
sub-7XUV8V0N,NA,NA,NA
sub-7XVXWCME,NA,NA,NA
sub-7XZWWRZF,NA,NA,NA
sub-7Y39VTC8,NA,NA,NA
sub-7Y7JEGPW,1,1,1
sub-7Y8BVHEX,NA,NA,NA
sub-7Y8GAZ1P,NA,NA,NA
sub-7YA52BU1,NA,NA,1
sub-7YCFCH49,NA,NA,NA
sub-7YFTLJBG,NA,NA,1
sub-7YGY6CKP,NA,NA,NA
sub-7YJ6UFDB,1,1,1
sub-7YKXALB5,NA,NA,NA
sub-7YM285FW,NA,NA,NA
sub-7YU2MX4Y,NA,NA,1
sub-7YZP2ZNL,NA,NA,NA
sub-7Z1KL0E5,NA,NA,NA
sub-7Z1M7N95,NA,NA,NA
sub-7Z7XV0PB,NA,NA,1
sub-7Z8XPB8M,NA,NA,NA
sub-7Z9K6MEV,NA,NA,NA
sub-7ZE3WGCX,NA,NA,NA
sub-7ZEYLEV6,NA,NA,1
sub-7ZG74PKJ,NA,NA,NA
sub-7ZGKDCX1,NA,NA,NA
sub-7ZM9YYTN,NA,NA,1
sub-7ZN09VAT,NA,NA,NA
sub-7ZPBL89M,NA,NA,NA
sub-7ZRUXUX9,NA,NA,NA
sub-7ZTZMB99,NA,NA,NA
sub-7ZVJYLM3,NA,NA,NA
sub-802U9UW9,NA,NA,1
sub-804917DP,NA,NA,NA
sub-804KTLAN,NA,NA,NA
sub-808X1WYW,NA,NA,NA
sub-80AW193U,NA,NA,NA
sub-80CBC0L9,1,1,NA
sub-80G295L2,1,1,1
sub-80LPWRCD,NA,NA,NA
sub-80PA4NKL,NA,NA,1
sub-80PL5DHV,NA,NA,NA
sub-80VAXPN1,NA,NA,1
sub-80VX1MHD,NA,NA,NA
sub-80Z1RNR4,1,1,1
sub-8179BTRR,NA,NA,1
sub-818A39LB,NA,NA,NA
sub-818GME72,2,1,1
sub-81EP837V,NA,NA,NA
sub-81FXWN6L,NA,NA,NA
sub-81J6U6L2,1,1,1
sub-81L2CWB2,NA,NA,NA
sub-81M94TWZ,1,1,1
sub-81R15GP2,1,1,1
sub-81W1WMVM,NA,NA,1
sub-824JDLTM,NA,NA,NA
sub-82D8H4A0,NA,NA,1
sub-82ERJFA5,NA,NA,NA
sub-82FT97YR,1,1,1
sub-82HYA45D,NA,NA,NA
sub-82L824HF,NA,NA,NA
sub-82N7RUVA,NA,NA,1
sub-82NHMAYL,NA,NA,NA
sub-82W5UE50,NA,NA,1
sub-831V8XME,NA,NA,NA
sub-8371H1L8,NA,NA,NA
sub-838THCGU,NA,NA,1
sub-83AEF5MM,NA,NA,NA
sub-83FXH9MJ,NA,NA,NA
sub-83MAXVLU,NA,NA,NA
sub-83NXHZMC,NA,NA,NA
sub-83P4PG3J,NA,NA,NA
sub-83PDDV47,NA,NA,NA
sub-83TT3MW4,NA,NA,NA
sub-83VRUF8D,NA,NA,NA
sub-83ZDBYTJ,NA,NA,NA
sub-840V0YZ8,1,1,1
sub-8451EHXW,NA,NA,NA
sub-8491DRGC,NA,NA,1
sub-849FLFR0,1,1,1
sub-84AEJJN9,NA,NA,NA
sub-84EPJRY1,NA,NA,NA
sub-84EPPR51,NA,NA,NA
sub-84ERWFDR,NA,NA,NA
sub-84NCVEYA,NA,NA,1
sub-84PUG220,NA,NA,1
sub-84RPF7HW,NA,NA,1
sub-84V3NTN5,NA,NA,NA
sub-84XXL5T1,NA,NA,NA
sub-8506NUKE,NA,NA,NA
sub-851T3JYC,1,1,1
sub-8538BJYN,NA,NA,1
sub-854Y6WML,NA,NA,1
sub-857VP9C8,1,1,1
sub-859KRFB8,NA,NA,NA
sub-85DA6M5G,NA,NA,NA
sub-85FZZDV1,NA,NA,NA
sub-85LJWRMC,1,1,1
sub-85REKKD1,NA,NA,NA
sub-85UUUHN0,NA,NA,NA
sub-85V6822C,NA,NA,1
sub-85W3GP9V,2,1,1
sub-85W58U88,NA,NA,1
sub-8666P5JN,NA,NA,1
sub-86777MVZ,NA,NA,NA
sub-868A88PA,NA,NA,1
sub-86B2YCA7,NA,NA,NA
sub-86NEYD0L,1,1,1
sub-86PXMUHA,NA,NA,NA
sub-86RR49HT,NA,NA,NA
sub-86X5Z1TX,NA,NA,NA
sub-86XEMNPW,NA,NA,NA
sub-86XLFCDB,NA,NA,NA
sub-86XWPH2R,NA,NA,NA
sub-870F1Z1N,NA,NA,NA
sub-8720DP0M,NA,NA,NA
sub-874HFG94,NA,NA,NA
sub-87C4733D,NA,NA,NA
sub-87GZTDJ0,1,1,1
sub-87L30DBB,NA,NA,NA
sub-87LECBH8,NA,NA,NA
sub-87NMT6BW,NA,NA,NA
sub-87T95RHP,NA,NA,NA
sub-87WRYJ7F,NA,NA,1
sub-87XG4274,1,1,1
sub-87ZG2ZXC,NA,NA,NA
sub-880EZ4YA,NA,NA,NA
sub-8865H9WX,NA,NA,NA
sub-88HZ7ZCH,NA,NA,NA
sub-88JX7RKX,NA,NA,NA
sub-88NLCD99,NA,NA,NA
sub-88PFKACD,NA,NA,1
sub-88PHXJ3C,NA,NA,NA
sub-88RD5H70,NA,NA,NA
sub-88RGRPEF,NA,NA,1
sub-88V8C4GJ,NA,NA,1
sub-891DYM0E,NA,NA,NA
sub-8936X8Y5,NA,NA,NA
sub-897CW9GM,NA,NA,NA
sub-898CW3V8,NA,NA,1
sub-89B7M962,NA,NA,NA
sub-89DW5M7A,NA,NA,NA
sub-89FBL8RM,NA,NA,1
sub-89HG7074,NA,NA,NA
sub-89JWX730,NA,NA,NA
sub-89WA05NG,NA,NA,NA
sub-89ZP9REV,NA,NA,NA
sub-8A1N51J2,NA,NA,NA
sub-8ABZJ66W,NA,NA,NA
sub-8AGDK03U,NA,NA,1
sub-8AMD17WG,NA,NA,NA
sub-8AN54XEV,NA,NA,NA
sub-8ANDJD6V,NA,NA,1
sub-8AW4KTUF,NA,NA,NA
sub-8AWUPZE7,NA,NA,NA
sub-8AWV40W3,NA,NA,NA
sub-8B0WN5Z5,NA,NA,NA
sub-8B420LH2,NA,NA,1
sub-8B8WV7MT,NA,NA,NA
sub-8BG4EF9Y,NA,NA,1
sub-8BK50DPV,NA,NA,NA
sub-8BKUAN4C,NA,NA,NA
sub-8BMGPD45,NA,NA,NA
sub-8BMH9VM4,NA,NA,NA
sub-8BNYHNBW,NA,NA,NA
sub-8BTF3TP9,NA,NA,NA
sub-8BU41UCM,NA,NA,1
sub-8C2MCZ4K,NA,NA,NA
sub-8C5PMGAM,NA,NA,NA
sub-8C983NCV,NA,NA,NA
sub-8CBT9W65,NA,NA,NA
sub-8CE03L30,NA,NA,NA
sub-8CF2117B,NA,NA,1
sub-8CF76E8P,1,1,1
sub-8CGB04GK,NA,NA,1
sub-8CHH1482,NA,NA,NA
sub-8CHKACUM,NA,NA,NA
sub-8CNEFJ83,NA,NA,NA
sub-8CNPVNRX,2,1,1
sub-8CT52P5H,1,1,1
sub-8CV61W87,1,1,1
sub-8CW241FZ,NA,NA,NA
sub-8CY1MFAT,NA,NA,NA
sub-8D63FJKZ,1,1,1
sub-8D7K7HYL,NA,NA,NA
sub-8D82AY7G,NA,NA,NA
sub-8D8R2A31,NA,NA,NA
sub-8DFF1UZ1,NA,NA,NA
sub-8DH4WPC8,NA,NA,NA
sub-8DJ5XGV5,NA,NA,1
sub-8DM1YJAA,1,1,1
sub-8DP8Y67B,NA,NA,1
sub-8DPZJA7V,1,1,1
sub-8DRXTTAT,NA,NA,NA
sub-8DV0K9FK,1,1,1
sub-8DWNVCK3,NA,NA,1
sub-8DZWHUBC,NA,NA,NA
sub-8E028M6F,NA,NA,1
sub-8E2WVMNK,NA,NA,NA
sub-8E3RMLRD,NA,NA,NA
sub-8E3TY3RU,NA,NA,NA
sub-8E597FU6,NA,NA,NA
sub-8E5E6YV1,NA,NA,NA
sub-8E73MX03,NA,NA,NA
sub-8EH16V1R,NA,NA,1
sub-8EJT0HF6,NA,NA,NA
sub-8EM420D1,NA,NA,NA
sub-8ERM3UYW,NA,NA,NA
sub-8ETUUHCN,NA,NA,NA
sub-8EUP2KFK,NA,NA,1
sub-8EWZ9BDP,NA,NA,NA
sub-8F1DEP52,NA,NA,NA
sub-8F2LUFUR,NA,NA,NA
sub-8FCEHCME,NA,NA,NA
sub-8FHKFFRM,NA,NA,1
sub-8FPU6BRJ,NA,NA,NA
sub-8FTWL36D,NA,NA,NA
sub-8FYG1NE5,NA,NA,NA
sub-8FYWK4N5,NA,NA,NA
sub-8FZ50F2N,NA,NA,NA
sub-8G2F2MAF,NA,NA,NA
sub-8GE4JHY8,NA,NA,NA
sub-8GEUGXPD,NA,NA,NA
sub-8GMUJRGK,NA,NA,1
sub-8GNT6WT8,NA,NA,NA
sub-8GP2PFEE,NA,NA,1
sub-8GWBGTAB,NA,NA,NA
sub-8GZUK8EV,NA,NA,1
sub-8H3BZN6Y,NA,NA,NA
sub-8H756ZWX,NA,NA,NA
sub-8H821RXE,NA,NA,NA
sub-8HB05LMR,NA,NA,NA
sub-8HBTBDE2,NA,NA,1
sub-8HCCN8CF,NA,NA,NA
sub-8HCVHC17,NA,NA,NA
sub-8HJ6249P,NA,NA,1
sub-8HMHK4GC,NA,NA,1
sub-8HTB1ND3,1,1,1
sub-8HV180YG,NA,NA,NA
sub-8HX2TBDP,NA,NA,NA
sub-8J2PXGLH,NA,NA,1
sub-8J5VU553,NA,NA,NA
sub-8J6JMUXE,NA,NA,NA
sub-8J86AFF3,NA,NA,NA
sub-8J9WC4XB,NA,NA,NA
sub-8JAU83XJ,NA,NA,NA
sub-8JDM12TD,NA,NA,NA
sub-8JE4ME3N,1,1,1
sub-8JE580G0,NA,NA,NA
sub-8JFJ11AG,NA,NA,NA
sub-8JFP0XXH,NA,NA,NA
sub-8JHCHHNT,NA,NA,NA
sub-8JJXHDK8,1,1,1
sub-8JRA984M,NA,NA,NA
sub-8JRW2UVW,NA,NA,1
sub-8JT1BA75,1,1,1
sub-8JTY86NW,1,1,1
sub-8JX18G49,NA,NA,NA
sub-8JZYDPH1,NA,NA,NA
sub-8K2DKV3D,NA,NA,1
sub-8K2UWB1D,1,1,1
sub-8K5LRYHL,NA,NA,NA
sub-8K944C76,NA,NA,NA
sub-8K9N9DEZ,NA,NA,NA
sub-8KD4PFH7,NA,NA,1
sub-8KDDNHZY,NA,NA,NA
sub-8KHWVMVW,NA,NA,NA
sub-8KUKEWXK,NA,NA,NA
sub-8KX35YHA,1,1,1
sub-8KX9UXKE,NA,NA,NA
sub-8L43BG60,NA,NA,NA
sub-8L7MBY64,NA,NA,NA
sub-8L88HZVW,NA,NA,NA
sub-8L9X8K59,NA,NA,NA
sub-8LAC5EVC,NA,NA,NA
sub-8LAK45CG,NA,NA,NA
sub-8LAR07DB,NA,NA,NA
sub-8LBGM6LE,NA,NA,NA
sub-8LPXJU7B,NA,NA,NA
sub-8LU9U8DZ,NA,NA,NA
sub-8LUWPYZD,NA,NA,NA
sub-8LZNH731,NA,NA,NA
sub-8M1KK4KX,NA,NA,NA
sub-8M1VFMR8,NA,NA,NA
sub-8M2Z9BTA,NA,NA,NA
sub-8M3DC6NP,NA,NA,NA
sub-8M3JENZ9,NA,NA,NA
sub-8M3N131W,NA,NA,NA
sub-8M54WJ04,NA,NA,NA
sub-8M5R0YYF,NA,NA,NA
sub-8M6K3LNP,NA,NA,NA
sub-8M6UWFN7,NA,NA,1
sub-8M6XN83T,1,1,1
sub-8MC7B79X,NA,NA,NA
sub-8MD5H3AW,NA,NA,NA
sub-8MGGJ4FD,NA,NA,NA
sub-8MHLZCL8,1,1,1
sub-8MJUZ27T,NA,NA,NA
sub-8MKMV27D,NA,NA,NA
sub-8MMU6YZ0,NA,NA,1
sub-8MPUW7ZR,NA,NA,NA
sub-8MRME9FG,NA,NA,1
sub-8MXA9EYV,NA,NA,NA
sub-8MYFRL4J,NA,NA,NA
sub-8MYP0F8J,NA,NA,NA
sub-8N1M50YL,NA,NA,NA
sub-8N41W2W1,1,1,1
sub-8NBF737P,NA,NA,NA
sub-8NKGU38D,NA,NA,NA
sub-8NKY4X1D,NA,NA,NA
sub-8NLT77TT,NA,NA,NA
sub-8NRHNVZ9,NA,NA,1
sub-8NVCJ0FX,NA,NA,1
sub-8P1H87D1,NA,NA,NA
sub-8P2DZ5TR,NA,NA,1
sub-8P2LE3UR,NA,NA,NA
sub-8P62FV1D,NA,NA,NA
sub-8P7ZETEX,NA,NA,1
sub-8PAZYD33,1,1,1
sub-8PD9CRDR,1,1,1
sub-8PE4N8DM,NA,NA,NA
sub-8PFCYLGD,NA,NA,NA
sub-8PH0EZAT,NA,NA,1
sub-8PHEF3UH,NA,NA,NA
sub-8PM4DHGY,NA,NA,1
sub-8PMAFPCV,NA,NA,NA
sub-8PUU0W5P,NA,NA,NA
sub-8PVUD11K,1,1,1
sub-8R4TWUN1,NA,NA,NA
sub-8R988ZMR,NA,NA,NA
sub-8R9KBJ6M,NA,NA,NA
sub-8RHA34G8,1,1,1
sub-8RJK7YDV,NA,NA,NA
sub-8RKX7N9Y,NA,NA,1
sub-8RN0AJRP,NA,NA,NA
sub-8RNZXR25,NA,NA,NA
sub-8RP64EBL,NA,NA,NA
sub-8T0MD0HG,NA,NA,1
sub-8T2NUL38,NA,NA,NA
sub-8T46ZGD1,NA,NA,1
sub-8TANGV9P,NA,NA,NA
sub-8TCYNPU3,NA,NA,NA
sub-8TFN2FX0,NA,NA,1
sub-8THNUUY3,NA,NA,1
sub-8TJJB3MY,NA,NA,1
sub-8TJPUWXP,NA,NA,NA
sub-8TLTP9PT,NA,NA,NA
sub-8TUJVDPE,NA,NA,NA
sub-8TWGX6LF,NA,NA,NA
sub-8TWNRCGG,1,1,1
sub-8TYGH2JB,NA,NA,NA
sub-8U17X9M3,NA,NA,NA
sub-8U3ZUTV6,NA,NA,1
sub-8U4HJYJ1,NA,NA,NA
sub-8U5TGV95,NA,NA,NA
sub-8U909UGM,NA,NA,NA
sub-8UF58XPK,NA,NA,NA
sub-8UH0U6C0,NA,NA,1
sub-8ULGYC8V,NA,NA,NA
sub-8UTF6TC0,1,1,1
sub-8UV3CABP,NA,NA,NA
sub-8UVMNBZL,NA,NA,NA
sub-8V5WVRJ3,NA,NA,NA
sub-8V6A6DDE,NA,NA,NA
sub-8V6BU6UP,1,1,1
sub-8V8W0LJR,NA,NA,NA
sub-8VA4L6RD,NA,NA,NA
sub-8VJ8LJ3D,1,1,NA
sub-8VLTHVN5,NA,NA,1
sub-8VU3KZAR,NA,NA,1
sub-8VY66V2D,1,1,1
sub-8W0LZJ4G,NA,NA,1
sub-8W0XGHJ6,NA,NA,1
sub-8W2HU9CN,NA,NA,NA
sub-8W7RDY0T,NA,NA,NA
sub-8WBV631M,1,1,1
sub-8WBVLP6D,1,1,NA
sub-8WTDM5PA,NA,NA,NA
sub-8WTKMETK,2,1,1
sub-8X0UYC73,NA,NA,NA
sub-8X1RU5KT,NA,NA,NA
sub-8X4L319G,NA,NA,NA
sub-8X6CPV8N,NA,NA,1
sub-8XDHCHEA,NA,NA,NA
sub-8XEPPMAY,NA,NA,NA
sub-8XTC7XWY,NA,NA,NA
sub-8Y1VD9H7,NA,NA,NA
sub-8Y6RVMNM,NA,NA,1
sub-8Y8A8NU0,NA,NA,NA
sub-8YAAWZ1X,NA,NA,NA
sub-8YGE0TPF,NA,NA,NA
sub-8YGT3ABW,NA,NA,NA
sub-8YGWRPZ8,NA,NA,NA
sub-8YKR9JAK,NA,NA,NA
sub-8YPT1XL0,1,1,1
sub-8YW7NZDX,NA,NA,NA
sub-8YWYM3BL,NA,NA,NA
sub-8YXW9AD2,NA,NA,NA
sub-8Z3G152U,NA,NA,1
sub-8Z3UW49L,NA,NA,NA
sub-8Z3XXD69,NA,NA,NA
sub-8Z4PTP56,NA,NA,NA
sub-8Z59C4WA,NA,NA,NA
sub-8Z935ZNC,NA,NA,NA
sub-8Z9E3H2C,NA,NA,NA
sub-8ZAB17TC,NA,NA,1
sub-8ZBNEBU4,NA,NA,NA
sub-8ZCTKXDR,NA,NA,NA
sub-8ZELYTU5,NA,NA,NA
sub-8ZJDFVDW,NA,NA,NA
sub-8ZMLVTPR,NA,NA,1
sub-8ZNJ982B,NA,NA,NA
sub-8ZT3LDTV,NA,NA,NA
sub-8ZT3RL78,NA,NA,NA
sub-8ZTL1EXB,2,1,1
sub-8ZXPKPRN,NA,NA,NA
sub-900G0AZU,NA,NA,NA
sub-901KYNND,1,1,1
sub-9053L040,NA,NA,NA
sub-905XNJK8,NA,NA,NA
sub-908NEAJ2,NA,NA,NA
sub-90DJ18JF,NA,NA,NA
sub-90EAVZED,1,1,1
sub-90FEV190,NA,NA,NA
sub-90HEMJDR,NA,NA,NA
sub-90MAZ9N7,NA,NA,NA
sub-90MGDTFD,NA,NA,NA
sub-90RDFNXK,NA,NA,NA
sub-90RWGDAR,NA,NA,1
sub-90T8PKLB,NA,NA,1
sub-90VTTWND,1,1,1
sub-910NJYX0,NA,NA,1
sub-911FW8FP,NA,NA,NA
sub-915YKBPY,NA,NA,NA
sub-91BAHLL2,NA,NA,NA
sub-91C1LD7P,NA,NA,NA
sub-91EWHTJ4,NA,NA,NA
sub-91KPPX8A,NA,NA,NA
sub-91MTH18D,NA,NA,NA
sub-91NNHKF0,NA,NA,NA
sub-91P92GNW,NA,NA,NA
sub-91X6JZ76,NA,NA,1
sub-91ZBKM4B,NA,NA,NA
sub-920MEG9V,NA,NA,NA
sub-921XB69U,NA,NA,NA
sub-9245VEY5,NA,NA,1
sub-925PNR1C,NA,NA,NA
sub-92V7K5PE,NA,NA,NA
sub-92WZKT4Y,NA,NA,NA
sub-92Z37BWN,NA,NA,NA
sub-92Z89C3Z,NA,NA,1
sub-92ZMA6L7,NA,NA,NA
sub-930295U4,NA,NA,NA
sub-9314BB14,NA,NA,NA
sub-9316NFE7,1,1,1
sub-936LMN28,NA,NA,NA
sub-93AY6461,NA,NA,1
sub-93BC5F04,NA,NA,NA
sub-93CTR3FD,NA,NA,NA
sub-93D98KMC,NA,NA,NA
sub-93DMBG2D,NA,NA,NA
sub-93FRJHXC,NA,NA,1
sub-93J5H7BU,NA,NA,NA
sub-93JXKKF3,NA,NA,1
sub-93JYGAXC,NA,NA,NA
sub-93KR583V,NA,NA,1
sub-93R56PJA,NA,NA,1
sub-93U4YVJ1,NA,NA,NA
sub-93W1HHJN,NA,NA,NA
sub-93WX6071,NA,NA,NA
sub-93Y14TG4,NA,NA,1
sub-94DY9KKD,2,1,1
sub-94LUVVX8,NA,NA,NA
sub-94N0G9TC,NA,NA,1
sub-94N4B0N9,NA,NA,NA
sub-94NCJR76,NA,NA,NA
sub-94TFREHY,NA,NA,NA
sub-94V97129,NA,NA,NA
sub-94Y93T1G,NA,NA,1
sub-953WUR8C,NA,NA,NA
sub-9553AJPG,NA,NA,NA
sub-956C4ZGG,1,1,1
sub-956TANLH,NA,NA,1
sub-9593TAX5,1,1,1
sub-959DHBNF,NA,NA,1
sub-95EC7CAZ,NA,NA,1
sub-95L3764E,NA,NA,NA
sub-95TJXP19,NA,NA,NA
sub-95V2LL1W,NA,NA,1
sub-95WR5KVA,NA,NA,NA
sub-95YMR61C,NA,NA,1
sub-962XTXRC,NA,NA,NA
sub-963BVH03,NA,NA,NA
sub-963N6B2W,NA,NA,1
sub-96536WUJ,NA,NA,1
sub-968XN9T9,NA,NA,NA
sub-96G7MJ87,NA,NA,1
sub-96KG6C49,NA,NA,NA
sub-96KLPLFJ,NA,NA,NA
sub-96LJXHD0,NA,NA,NA
sub-96WYY4C5,NA,NA,1
sub-96X5ZCCH,NA,NA,NA
sub-96YWY80W,1,1,NA
sub-974A42PH,NA,NA,NA
sub-974A9111,1,1,1
sub-976U49PT,NA,NA,NA
sub-979TRHXJ,NA,NA,NA
sub-97A3711A,NA,NA,NA
sub-97DU7DER,NA,NA,NA
sub-97EZB853,NA,NA,1
sub-97K3KGF4,NA,NA,NA
sub-97RBCNE4,NA,NA,NA
sub-97RLXMF9,NA,NA,NA
sub-97YHGYC9,NA,NA,1
sub-97YY6Y1R,NA,NA,NA
sub-98096D02,NA,NA,NA
sub-987KVUCX,NA,NA,NA
sub-98A4Z8JL,NA,NA,1
sub-98E4JFTY,NA,NA,NA
sub-98GXP9EA,NA,NA,NA
sub-98LXLFTV,NA,NA,1
sub-98M1KJUD,NA,NA,NA
sub-9924G4W9,NA,NA,NA
sub-993K33DZ,NA,NA,NA
sub-99BP99WU,NA,NA,NA
sub-99DBA2DJ,NA,NA,NA
sub-99F38BWD,NA,NA,1
sub-99GKTN71,NA,NA,NA
sub-99J6PWJX,NA,NA,1
sub-99KTC3NN,NA,NA,1
sub-99NA21PA,NA,NA,NA
sub-99TVX9G8,NA,NA,NA
sub-99XGJFE8,NA,NA,NA
sub-99YDLEBZ,NA,NA,NA
sub-9A111GA5,NA,NA,NA
sub-9A4WYDA8,NA,NA,NA
sub-9A5TCA50,NA,NA,1
sub-9A6HTXF6,NA,NA,1
sub-9A7809ZH,NA,NA,NA
sub-9A8PB4J0,NA,NA,NA
sub-9A9TXNTZ,NA,NA,1
sub-9ACM4FBA,1,1,1
sub-9AD6NWVN,NA,NA,1
sub-9AEE483X,NA,NA,NA
sub-9AH5WYA7,NA,NA,NA
sub-9AHK0Y6D,NA,NA,NA
sub-9AJ433R7,NA,NA,NA
sub-9AK6T1YU,NA,NA,NA
sub-9AMTA922,NA,NA,1
sub-9ANUKVD0,NA,NA,NA
sub-9AP81GGJ,NA,NA,NA
sub-9AULPA6C,NA,NA,NA
sub-9AWDDJ7H,1,1,1
sub-9AWJE5BU,NA,NA,NA
sub-9B14E538,NA,NA,NA
sub-9B3TN6RL,NA,NA,NA
sub-9BBUE6LG,NA,NA,NA
sub-9BC4K3FV,NA,NA,NA
sub-9BGN5Y57,1,1,1
sub-9BH45R0D,1,1,1
sub-9BV5RW8J,NA,NA,1
sub-9BWXTJNF,NA,NA,NA
sub-9BZ2E5LT,NA,NA,NA
sub-9C4CCRWN,NA,NA,NA
sub-9C8A57E7,NA,NA,1
sub-9CA16AC9,NA,NA,NA
sub-9CEXNF7D,1,1,1
sub-9CR0L7A7,NA,NA,NA
sub-9D044E5P,NA,NA,NA
sub-9D1R1M0C,NA,NA,NA
sub-9D4H07GT,NA,NA,NA
sub-9D4JG706,NA,NA,NA
sub-9D6W29Z7,NA,NA,1
sub-9D91PDLZ,1,1,1
sub-9D98AYBL,1,1,1
sub-9DJ99NND,1,1,1
sub-9DK0BCEB,NA,NA,NA
sub-9DLWDBL9,NA,NA,NA
sub-9DTKH5ER,NA,NA,NA
sub-9DV0865Y,NA,NA,NA
sub-9DWM4Z1U,NA,NA,NA
sub-9DYPTPR7,NA,NA,1
sub-9E5462Z5,1,1,1
sub-9E57ARM0,NA,NA,NA
sub-9E889W2K,NA,NA,NA
sub-9E8PXJ9L,NA,NA,NA
sub-9E9EAJ15,1,1,1
sub-9EC8VLZC,NA,NA,1
sub-9EFM2PFZ,NA,NA,1
sub-9EG02533,NA,NA,NA
sub-9EM32PUW,NA,NA,NA
sub-9EVRB30H,NA,NA,NA
sub-9EXP03YM,NA,NA,NA
sub-9EYHTYJT,NA,NA,NA
sub-9EZZCWGY,NA,NA,NA
sub-9F4G1M9E,NA,NA,NA
sub-9F618PVY,1,1,1
sub-9F61BP6X,NA,NA,NA
sub-9F6T1P5L,NA,NA,NA
sub-9F75BL0A,NA,NA,NA
sub-9FB6NNVG,NA,NA,NA
sub-9FDDHWDL,NA,NA,NA
sub-9FKN8J61,NA,NA,NA
sub-9FNUYHC2,NA,NA,NA
sub-9FXBK9TB,NA,NA,NA
sub-9G2Y1NLA,NA,NA,NA
sub-9G3DJ8GF,NA,NA,NA
sub-9G4YB8UG,NA,NA,NA
sub-9G62YACW,NA,NA,NA
sub-9G641C44,NA,NA,NA
sub-9G7FY3HX,NA,NA,1
sub-9GDMLH7C,1,1,1
sub-9GH5YF96,NA,NA,NA
sub-9GU6ALKJ,1,1,NA
sub-9GUXU365,NA,NA,NA
sub-9GWM2HBT,NA,NA,NA
sub-9GXYL3HL,NA,NA,NA
sub-9H1DR3JY,NA,NA,1
sub-9H4U1DHY,NA,NA,NA
sub-9H9R20K5,NA,NA,NA
sub-9HB34LLU,NA,NA,NA
sub-9HEMN0UL,NA,NA,NA
sub-9HJW1K36,NA,NA,NA
sub-9HP92RX0,NA,NA,1
sub-9HR4XXJ2,NA,NA,1
sub-9HVAC68Z,NA,NA,NA
sub-9HVP5GZ1,NA,NA,NA
sub-9J0ZB3NY,NA,NA,NA
sub-9J2GH4BM,NA,NA,NA
sub-9J9ECJ8U,1,1,NA
sub-9JA8XUYX,1,1,1
sub-9JCYGTV3,NA,NA,NA
sub-9JFKBC3X,NA,NA,1
sub-9JLEZ6WE,NA,NA,NA
sub-9JPDLJ78,NA,NA,NA
sub-9JVCWZP3,NA,NA,NA
sub-9K086XZF,NA,NA,1
sub-9K1GRJNJ,NA,NA,NA
sub-9K39VXKE,NA,NA,1
sub-9K46ANFP,NA,NA,NA
sub-9K595FHA,NA,NA,NA
sub-9K7D4LHD,1,1,1
sub-9K913JG5,NA,NA,NA
sub-9KCVTWFZ,NA,NA,NA
sub-9KF0YHH2,NA,NA,NA
sub-9KT9V114,NA,NA,1
sub-9KTD8UK1,1,1,1
sub-9KX83G7Z,NA,NA,NA
sub-9L4P2RJJ,1,1,1
sub-9L5C55GA,NA,NA,NA
sub-9L5C6ATX,NA,NA,NA
sub-9LKMUE8U,NA,NA,NA
sub-9LL2UB0W,1,1,1
sub-9LRE3A49,1,1,1
sub-9LU6R773,NA,NA,NA
sub-9LVF1WUU,1,1,1
sub-9LYA6D2J,NA,NA,NA
sub-9LZU5PJD,NA,NA,NA
sub-9M8UXK0A,NA,NA,NA
sub-9M8W1495,NA,NA,1
sub-9MAPUA7C,1,1,1
sub-9MDFD681,NA,NA,NA
sub-9MEZA5H2,NA,NA,NA
sub-9MF93B7R,NA,NA,1
sub-9N22J93H,NA,NA,NA
sub-9N36777T,NA,NA,NA
sub-9N7VAA7U,NA,NA,NA
sub-9N895VTP,NA,NA,NA
sub-9N9B1Z7A,NA,NA,NA
sub-9NAL2XKV,NA,NA,NA
sub-9NCUKKWW,NA,NA,NA
sub-9NFYJG06,NA,NA,NA
sub-9NJKP5VL,NA,NA,NA
sub-9NMAFFJR,NA,NA,NA
sub-9NN5G173,NA,NA,NA
sub-9NN9PU4H,NA,NA,NA
sub-9NNKVUGY,NA,NA,NA
sub-9NXP23VX,NA,NA,1
sub-9P1BKB6G,NA,NA,NA
sub-9P7FV88J,NA,NA,NA
sub-9PA518RY,NA,NA,NA
sub-9PJ7VRDA,1,1,1
sub-9PLKGRTV,NA,NA,NA
sub-9PNVA22B,NA,NA,NA
sub-9PP6V3JU,NA,NA,NA
sub-9PTH3VTR,NA,NA,1
sub-9PUA8D0B,1,1,1
sub-9PVJXVCK,1,1,1
sub-9PVR76W7,NA,NA,NA
sub-9PYFVDC9,NA,NA,NA
sub-9R0Z0T45,NA,NA,1
sub-9R23N8LH,NA,NA,NA
sub-9R2CE8M4,1,1,1
sub-9R3R8MW4,NA,NA,NA
sub-9R3YVGD6,NA,NA,1
sub-9R536T7D,NA,NA,NA
sub-9R5J1TC2,NA,NA,NA
sub-9R9GRUXU,NA,NA,NA
sub-9RJGJECN,NA,NA,1
sub-9RRGXBK5,NA,NA,NA
sub-9RUX0DHA,NA,NA,NA
sub-9RWN9ZGX,1,1,1
sub-9RWW076B,NA,NA,NA
sub-9RYUGDF2,1,1,1
sub-9T11JN9J,NA,NA,NA
sub-9T93ZZFP,NA,NA,NA
sub-9TC0P493,NA,NA,1
sub-9TCELHYE,NA,NA,NA
sub-9TE5V8TH,NA,NA,NA
sub-9TV65EPM,NA,NA,NA
sub-9TYHLK5T,NA,NA,NA
sub-9TZYNDC7,NA,NA,NA
sub-9U20C432,NA,NA,NA
sub-9U2F5BG0,NA,NA,NA
sub-9U32H2E4,1,1,1
sub-9U33DV8X,NA,NA,NA
sub-9U3NYGX5,NA,NA,NA
sub-9UL0YHV1,NA,NA,NA
sub-9URXZ3FM,1,1,1
sub-9UUFK2MY,NA,NA,NA
sub-9UV6PK7Y,1,1,1
sub-9UW3YHRB,NA,NA,NA
sub-9UZXV6TK,NA,NA,NA
sub-9V1ANUDZ,NA,NA,NA
sub-9V1RV3V5,NA,NA,NA
sub-9V46ARXX,NA,NA,NA
sub-9V4WNUEA,NA,NA,NA
sub-9V77D3CT,NA,NA,NA
sub-9V9MLV7N,NA,NA,1
sub-9VGLAX8E,NA,NA,NA
sub-9VU6KMC8,NA,NA,NA
sub-9VW8MT82,NA,NA,NA
sub-9W3PU5P5,NA,NA,NA
sub-9W62GG8X,NA,NA,NA
sub-9W6CZFBK,NA,NA,NA
sub-9W7Y3VLX,NA,NA,1
sub-9W9BF541,1,1,1
sub-9WDTKY2A,NA,NA,1
sub-9WFYVL1U,NA,NA,NA
sub-9WG8CVTX,NA,NA,NA
sub-9WJ1WBFC,NA,NA,NA
sub-9WKK0FDT,NA,NA,1
sub-9WKYUT0T,NA,NA,NA
sub-9WPEG5AE,NA,NA,NA
sub-9WT4F32B,NA,NA,NA
sub-9WTM03DF,NA,NA,NA
sub-9WY3R321,NA,NA,1
sub-9X1R94EZ,NA,NA,1
sub-9X7P9U2G,NA,NA,NA
sub-9X8VZ9R1,1,1,1
sub-9XA5VMF4,NA,NA,NA
sub-9XEANHKF,NA,NA,1
sub-9XHNUHUZ,NA,NA,NA
sub-9XHWXY3G,NA,NA,1
sub-9XLY4VBC,NA,NA,NA
sub-9XU9GFCB,NA,NA,NA
sub-9XZMNP0M,NA,NA,NA
sub-9Y0DDKT2,NA,NA,NA
sub-9Y3FX7J8,NA,NA,NA
sub-9Y43MGV3,NA,NA,NA
sub-9YBX357L,NA,NA,NA
sub-9YE4BWY8,NA,NA,NA
sub-9YG22T0B,NA,NA,NA
sub-9YG9PWZ2,1,1,1
sub-9YGYR492,NA,NA,NA
sub-9YZGBDTD,NA,NA,NA
sub-9YZV41AE,NA,NA,1
sub-9Z0LE0BL,NA,NA,NA
sub-9Z2UV26Z,NA,NA,NA
sub-9Z5XDTG9,NA,NA,NA
sub-9Z6E4FXG,NA,NA,1
sub-9Z6Z0441,NA,NA,NA
sub-9Z9HRUM9,NA,NA,NA
sub-9ZAVYK55,NA,NA,NA
sub-9ZDG7BT5,NA,NA,NA
sub-9ZFFC49P,NA,NA,1
sub-9ZLX5XU2,NA,NA,1
sub-9ZMB5YUX,NA,NA,NA
sub-9ZNYBPMF,NA,NA,NA
sub-9ZTXVA4J,NA,NA,NA
sub-9ZW7Y2R7,NA,NA,1
sub-9ZXTBCKF,NA,NA,NA
sub-9ZY1DGMU,NA,NA,NA
sub-9ZYJZEVH,NA,NA,NA
sub-9ZZA72ZY,NA,NA,NA
sub-A001KGR6,NA,NA,NA
sub-A01DRNBZ,NA,NA,NA
sub-A05T670W,NA,NA,NA
sub-A06511K8,NA,NA,NA
sub-A067FHRN,NA,NA,NA
sub-A0BVG0DF,1,1,1
sub-A0D0J1PP,NA,NA,NA
sub-A0DJGMNG,NA,NA,NA
sub-A0KZT97H,NA,NA,1
sub-A0NWYU17,1,1,1
sub-A0RKMN4A,NA,NA,NA
sub-A0V2Y3DD,NA,NA,NA
sub-A1018P2X,1,1,1
sub-A12JUH5Z,NA,NA,NA
sub-A12WR7JP,NA,NA,1
sub-A140KMXY,1,1,1
sub-A16LM1XU,NA,NA,NA
sub-A1A1R65H,NA,NA,NA
sub-A1A2WJG5,NA,NA,NA
sub-A1BEPBK9,1,1,1
sub-A1CW8FGN,NA,NA,NA
sub-A1KXWA2W,NA,NA,1
sub-A1L9YHKZ,NA,NA,NA
sub-A1MV25KY,NA,NA,NA
sub-A1PNCBDH,NA,NA,NA
sub-A1PU5AHW,NA,NA,NA
sub-A1R20DF2,NA,NA,NA
sub-A1TDVMA1,NA,NA,NA
sub-A1ZEXKYL,NA,NA,1
sub-A21J7NW4,NA,NA,NA
sub-A21KBMCG,NA,NA,NA
sub-A25H3MCK,NA,NA,NA
sub-A2CU3J4E,NA,NA,NA
sub-A2D0XGJC,NA,NA,NA
sub-A2E10KVU,NA,NA,NA
sub-A2HTKAHY,NA,NA,NA
sub-A2JU9A24,NA,NA,1
sub-A2K79V43,NA,NA,NA
sub-A2KW69TW,NA,NA,NA
sub-A2T7V5L9,1,1,1
sub-A2UL6VYN,1,1,1
sub-A2VRT06X,NA,NA,NA
sub-A2ZPZTJJ,NA,NA,1
sub-A31C7WYJ,NA,NA,NA
sub-A354YMUE,NA,NA,NA
sub-A36UUP5T,NA,NA,NA
sub-A3A3F421,NA,NA,NA
sub-A3CCJD5V,NA,NA,1
sub-A3G711KJ,1,1,1
sub-A3JTEY6X,NA,NA,NA
sub-A3VX7WRD,NA,NA,1
sub-A41WLWNU,NA,NA,NA
sub-A47KYGTV,NA,NA,NA
sub-A4EVCYRA,NA,NA,1
sub-A4GBE30B,NA,NA,1
sub-A4K4TW8Y,NA,NA,1
sub-A4KJXLYH,NA,NA,NA
sub-A4MH2U9C,NA,NA,NA
sub-A4MKK2EJ,NA,NA,NA
sub-A4N4XMZ4,NA,NA,NA
sub-A4PJGHJV,NA,NA,NA
sub-A4PY09B5,NA,NA,NA
sub-A4V1CUK7,NA,NA,NA
sub-A4ZHJBK2,NA,NA,NA
sub-A52KHGAJ,1,1,1
sub-A52LKE4U,NA,NA,NA
sub-A54MB68D,NA,NA,NA
sub-A5CTPCDV,NA,NA,NA
sub-A5GXM81U,NA,NA,NA
sub-A5U7E8B5,NA,NA,NA
sub-A5VVBY98,1,1,1
sub-A5YLKP02,NA,NA,NA
sub-A62ZL91V,NA,NA,NA
sub-A66H2HT8,NA,NA,1
sub-A66XU98A,NA,NA,NA
sub-A68KVBKG,NA,NA,NA
sub-A68WCRUL,NA,NA,NA
sub-A6BFV98B,1,1,1
sub-A6FR087J,NA,NA,1
sub-A6GY7AGE,NA,NA,NA
sub-A6LB7NLM,NA,NA,1
sub-A6N6NV10,NA,NA,NA
sub-A6PN17HD,NA,NA,NA
sub-A6RWBHZ7,NA,NA,NA
sub-A6WTAHL0,NA,NA,NA
sub-A70DPKY0,NA,NA,1
sub-A70NMJZP,NA,NA,NA
sub-A776K15W,NA,NA,1
sub-A79CZENJ,NA,NA,1
sub-A7C00LCP,NA,NA,1
sub-A7CLY4PL,NA,NA,NA
sub-A7E3XLG4,NA,NA,NA
sub-A7NXF2HT,1,1,1
sub-A7PB1MWM,1,1,1
sub-A7RNTEHU,NA,NA,NA
sub-A7WZE75W,NA,NA,NA
sub-A81M2MAF,NA,NA,NA
sub-A82HJRPA,NA,NA,1
sub-A850LWF0,NA,NA,NA
sub-A89JYXF3,NA,NA,NA
sub-A8G6RKCR,NA,NA,NA
sub-A8J2VT49,NA,NA,NA
sub-A8JXUDR3,NA,NA,NA
sub-A8U01EHN,NA,NA,1
sub-A8VDXCHY,NA,NA,NA
sub-A928P6B7,NA,NA,NA
sub-A940A4NE,NA,NA,NA
sub-A96FEFT1,1,1,1
sub-A9BGXAY7,NA,NA,NA
sub-A9CA7RPB,NA,NA,NA
sub-A9E5RPZH,NA,NA,NA
sub-A9G27XL9,NA,NA,NA
sub-A9G80GT1,NA,NA,NA
sub-A9GJMD11,NA,NA,NA
sub-A9H3WMHD,NA,NA,NA
sub-A9M92FW1,NA,NA,1
sub-A9REPBD4,NA,NA,NA
sub-A9YBPFCH,NA,NA,NA
sub-A9ZW33TZ,NA,NA,1
sub-AA1BAPT1,NA,NA,NA
sub-AA1NVE4B,NA,NA,1
sub-AA36AHWR,NA,NA,NA
sub-AA78REX1,NA,NA,NA
sub-AADDZK5V,NA,NA,NA
sub-AANB675J,NA,NA,NA
sub-AAPJB31X,NA,NA,NA
sub-AAR0XGYL,NA,NA,NA
sub-AAV56RVU,NA,NA,NA
sub-AAX7P792,1,1,NA
sub-AB0FFGNZ,NA,NA,1
sub-AB10CA5H,NA,NA,NA
sub-AB134L14,NA,NA,NA
sub-AB3XR5P1,NA,NA,NA
sub-AB4L113B,NA,NA,NA
sub-AB4LD7PL,NA,NA,1
sub-AB4VZUWB,NA,NA,NA
sub-AB55U5W2,NA,NA,NA
sub-ABCY2GG6,1,1,1
sub-ABKRZFC9,NA,NA,NA
sub-ABL68UJN,NA,NA,1
sub-ABLFF21T,NA,NA,NA
sub-ABMADLKV,NA,NA,1
sub-ABMM7ZRX,NA,NA,1
sub-ABRG7EH0,NA,NA,1
sub-ABT64EYE,NA,NA,NA
sub-ABT9X85F,NA,NA,NA
sub-ABY2MJRN,1,1,1
sub-AC8KCUT4,NA,NA,NA
sub-AC94Y5WA,NA,NA,NA
sub-ACKXV1WP,NA,NA,NA
sub-ACLWDDC2,1,1,1
sub-ACWHYYFT,NA,NA,1
sub-ACZ024Y5,NA,NA,NA
sub-ACZZH8LM,NA,NA,1
sub-AD301F7N,NA,NA,NA
sub-AD527HMC,NA,NA,1
sub-AD8N7RW7,1,1,1
sub-AD9KK8P7,NA,NA,1
sub-ADAE4UFN,NA,NA,NA
sub-ADJMFTFP,NA,NA,NA
sub-ADMNXPWH,NA,NA,NA
sub-ADW3JCNG,NA,NA,NA
sub-ADWJCAR7,NA,NA,NA
sub-ADX6U66L,NA,NA,NA
sub-ADXVJDCJ,NA,NA,NA
sub-AE0K8UGX,NA,NA,NA
sub-AE6F0NRP,NA,NA,NA
sub-AEAYWLPJ,NA,NA,NA
sub-AEC3N2AL,NA,NA,NA
sub-AED2T8J0,NA,NA,1
sub-AEHDBWMH,NA,NA,NA
sub-AELAXTM1,NA,NA,NA
sub-AEMLZKT4,NA,NA,NA
sub-AER4MX1D,NA,NA,1
sub-AF0XLNF0,NA,NA,NA
sub-AF36HM7X,NA,NA,NA
sub-AF517NF3,NA,NA,NA
sub-AF68YE4X,NA,NA,NA
sub-AF722ZVJ,NA,NA,NA
sub-AF7KTP72,NA,NA,NA
sub-AFBYBN26,NA,NA,NA
sub-AFCVVYJ2,NA,NA,NA
sub-AFGG3213,NA,NA,1
sub-AFNHCVUJ,NA,NA,1
sub-AFVV598X,NA,NA,NA
sub-AFZ44PA8,NA,NA,1
sub-AG1DBDKY,NA,NA,NA
sub-AG3VM3CR,1,1,1
sub-AG7ZLEJP,NA,NA,NA
sub-AG81YFMT,NA,NA,NA
sub-AGCC9200,1,1,1
sub-AGGKXW0P,NA,NA,NA
sub-AGKTLUJU,1,1,1
sub-AGKUL2JG,NA,NA,NA
sub-AGP8V8LW,NA,NA,NA
sub-AGR3FFR1,NA,NA,NA
sub-AGTPK840,1,1,1
sub-AGWRBJHA,NA,NA,NA
sub-AGWWTK4T,NA,NA,NA
sub-AH6KK71Y,NA,NA,NA
sub-AH82J7NB,1,1,1
sub-AH92KG8X,NA,NA,NA
sub-AHBX7CYX,NA,NA,NA
sub-AHDU5HRW,NA,NA,NA
sub-AHHN0B3E,NA,NA,NA
sub-AHREHU85,NA,NA,1
sub-AHRMZ8T8,1,1,1
sub-AHRRU15U,NA,NA,NA
sub-AHUKGDEE,NA,NA,NA
sub-AJ78XD39,NA,NA,1
sub-AJBZT1BK,NA,NA,NA
sub-AJD3N43Z,NA,NA,1
sub-AJHPG2YC,NA,NA,NA
sub-AJJKFU1C,NA,NA,1
sub-AJNNT0JH,NA,NA,NA
sub-AJU25405,NA,NA,NA
sub-AK35AT6W,NA,NA,NA
sub-AK6DKBUL,NA,NA,NA
sub-AKCU5UPL,NA,NA,NA
sub-AKF1Z0JV,NA,NA,NA
sub-AKG9Z7UN,NA,NA,1
sub-AKLPG0GB,NA,NA,NA
sub-AKMT4BEA,NA,NA,NA
sub-AKPAUM7W,NA,NA,1
sub-AKPAVUC0,NA,NA,NA
sub-AKWF7A8C,NA,NA,NA
sub-AL2YP78R,NA,NA,NA
sub-AL3KPGZ7,NA,NA,NA
sub-AL8NAKXY,2,1,1
sub-ALAAC3EU,NA,NA,NA
sub-ALAMYFP6,NA,NA,NA
sub-ALKAWEWB,NA,NA,NA
sub-ALLKP7M5,NA,NA,1
sub-ALTBLNYG,NA,NA,1
sub-ALWW1VUJ,NA,NA,NA
sub-ALXUBB3W,NA,NA,1
sub-ALY5B82T,1,1,1
sub-AM1DW4J2,1,1,1
sub-AM2YFACM,NA,NA,1
sub-AM8K670H,NA,NA,NA
sub-AMJTLR9N,1,1,1
sub-AMLLW49U,NA,NA,1
sub-AMW3EDUZ,NA,NA,NA
sub-AMY9H571,NA,NA,NA
sub-AN03AH80,NA,NA,NA
sub-AN0BA3ZM,NA,NA,NA
sub-AN1CXXZF,NA,NA,NA
sub-AN1G06D2,NA,NA,NA
sub-AN3D7PHM,NA,NA,1
sub-ANDMZJM4,NA,NA,NA
sub-ANDUZADC,NA,NA,1
sub-ANEX1Y2H,NA,NA,NA
sub-ANH9WRCV,NA,NA,1
sub-ANMZGAVD,NA,NA,NA
sub-ANRP1FCF,NA,NA,1
sub-ANT1H5G3,NA,NA,NA
sub-ANUGPBR4,NA,NA,1
sub-ANZ68BY0,NA,NA,NA
sub-AP0L6AHN,1,1,1
sub-AP0P9PX1,NA,NA,1
sub-AP80JDC6,NA,NA,NA
sub-APFA98LF,NA,NA,NA
sub-APJKJ5KB,1,1,1
sub-APL25X3B,NA,NA,NA
sub-APLUW62L,NA,NA,NA
sub-APWWNB9N,1,1,1
sub-APYPHXZ7,NA,NA,NA
sub-AR03WFKR,NA,NA,NA
sub-AR5X194J,NA,NA,NA
sub-AR6CM6PB,NA,NA,NA
sub-AR90UWGC,NA,NA,1
sub-ARECPXAP,NA,NA,NA
sub-ARFAEL21,1,1,1
sub-ARHC5HBJ,NA,NA,1
sub-ARJG7LG1,1,1,1
sub-ARKPPU88,NA,NA,1
sub-ARPFTPE9,NA,NA,NA
sub-ARTCY0CW,NA,NA,NA
sub-ARVF2D21,NA,NA,1
sub-ARWXFNJF,NA,NA,NA
sub-ARXK7V3W,NA,NA,NA
sub-AT01LBA6,1,1,1
sub-AT176RJ8,NA,NA,1
sub-AT1UAHM3,NA,NA,NA
sub-AT4Z1HCV,NA,NA,NA
sub-AT7AUUPF,NA,NA,NA
sub-ATE29B31,1,1,1
sub-ATF43BLA,NA,NA,NA
sub-ATGH6WHA,NA,NA,NA
sub-ATGY6TA4,NA,NA,1
sub-ATHJWZR1,NA,NA,NA
sub-ATM516LE,NA,NA,1
sub-ATZ3RNRJ,NA,NA,NA
sub-AU2AGPUR,NA,NA,NA
sub-AU57LP5P,NA,NA,NA
sub-AU6RTB5K,NA,NA,NA
sub-AU7FW44R,NA,NA,NA
sub-AU8LN4NP,2,1,1
sub-AU8YJ8BH,NA,NA,NA
sub-AU979320,1,1,1
sub-AUF4RB9L,NA,NA,1
sub-AUG6P848,NA,NA,NA
sub-AUGA1ZYM,NA,NA,NA
sub-AUK18A9C,NA,NA,NA
sub-AUPF28ZE,NA,NA,NA
sub-AUR9UZH4,NA,NA,1
sub-AUW9X5KJ,NA,NA,NA
sub-AUWM0VRE,1,1,1
sub-AUYRNJPC,1,1,1
sub-AV034AUW,NA,NA,NA
sub-AV0XTVFA,1,1,1
sub-AV2BE511,1,1,1
sub-AV39CN05,NA,NA,NA
sub-AV4XUTD7,NA,NA,NA
sub-AV50Y5VX,NA,NA,NA
sub-AV9564YP,NA,NA,1
sub-AVEFGTH2,1,1,1
sub-AVEHHLC7,NA,NA,1
sub-AVGVA2V9,1,1,1
sub-AVJXHAEC,NA,NA,NA
sub-AVR6TURT,NA,NA,NA
sub-AVX9HYUA,NA,NA,1
sub-AW1XZUW5,NA,NA,NA
sub-AW7EWP69,NA,NA,1
sub-AWA5076Z,NA,NA,NA
sub-AWAEU3P4,NA,NA,NA
sub-AWBG0K00,NA,NA,1
sub-AWBNZMY0,NA,NA,NA
sub-AWG2NZC4,NA,NA,NA
sub-AWLTFU9P,NA,NA,NA
sub-AWMVEC49,NA,NA,NA
sub-AWNDT22T,1,1,1
sub-AWP77RE3,NA,NA,NA
sub-AWPM62MM,1,1,1
sub-AWR7CA19,NA,NA,NA
sub-AWTR4N3T,NA,NA,NA
sub-AWU4PL84,NA,NA,1
sub-AWUHPL3X,NA,NA,NA
sub-AWYGG9MN,NA,NA,NA
sub-AX2MYFH9,NA,NA,NA
sub-AX3FLT98,1,1,1
sub-AX3TU7RA,NA,NA,NA
sub-AX8FD7BZ,NA,NA,NA
sub-AXGVYABC,NA,NA,NA
sub-AXJ5HB5B,NA,NA,1
sub-AXWA8CAE,NA,NA,NA
sub-AXXG3HHV,NA,NA,1
sub-AY1LT98N,NA,NA,1
sub-AY223C4J,NA,NA,NA
sub-AY3PH51J,NA,NA,NA
sub-AY9W0F99,NA,NA,NA
sub-AYAW3D7X,NA,NA,1
sub-AYC2PLB5,1,1,1
sub-AYCZM73P,NA,NA,NA
sub-AYDW5XXV,NA,NA,1
sub-AYDXW667,NA,NA,NA
sub-AYF05UA0,NA,NA,NA
sub-AYHAR3EY,NA,NA,NA
sub-AYKLB2BZ,NA,NA,NA
sub-AYL4T0GT,1,1,1
sub-AYLJ9DAH,NA,NA,1
sub-AYPCGB15,NA,NA,NA
sub-AYPFM3MV,NA,NA,NA
sub-AZ0PNBVG,NA,NA,NA
sub-AZ1GVXNZ,1,1,1
sub-AZ2THFRK,NA,NA,NA
sub-AZ3DJH9K,NA,NA,NA
sub-AZ4ZE28H,NA,NA,NA
sub-AZAEEXZ9,NA,NA,NA
sub-AZCBM6MW,NA,NA,NA
sub-AZEURR81,NA,NA,NA
sub-AZL0KJME,NA,NA,1
sub-AZPCL56V,NA,NA,NA
sub-AZU4UDGZ,NA,NA,1
sub-AZVG2FEC,NA,NA,1
sub-AZWRU7C4,NA,NA,NA
sub-AZY0D7JP,NA,NA,NA
sub-AZYU06NV,NA,NA,NA
sub-B015B6D3,NA,NA,NA
sub-B0557YW8,NA,NA,NA
sub-B05AYAD7,NA,NA,NA
sub-B05L3CJ5,NA,NA,NA
sub-B08C0TZH,NA,NA,NA
sub-B0ADADN3,1,1,1
sub-B0CTH1JW,NA,NA,1
sub-B0DK62E0,NA,NA,NA
sub-B0DM4DHN,NA,NA,NA
sub-B0G69H1H,NA,NA,1
sub-B0G9GYRY,NA,NA,NA
sub-B0M8PHVN,NA,NA,NA
sub-B0P6W6EC,NA,NA,1
sub-B0ZML1XP,NA,NA,NA
sub-B11UX0B3,NA,NA,NA
sub-B120ZVGU,NA,NA,NA
sub-B13JP45V,NA,NA,NA
sub-B14AY6F8,NA,NA,NA
sub-B14DZFG7,NA,NA,NA
sub-B15ECXNF,NA,NA,NA
sub-B18N983V,NA,NA,NA
sub-B1BC9HDJ,NA,NA,NA
sub-B1CK69PR,NA,NA,NA
sub-B1D8CUNP,NA,NA,1
sub-B1DEJVMN,NA,NA,1
sub-B1DNH7JC,NA,NA,NA
sub-B1E3XW7P,NA,NA,NA
sub-B1EW737N,NA,NA,NA
sub-B1H43XWA,NA,NA,NA
sub-B1JWNR9J,NA,NA,NA
sub-B1T0LLC8,NA,NA,NA
sub-B1U31PV9,NA,NA,1
sub-B1VMAP3Z,NA,NA,1
sub-B20VM7P8,1,1,1
sub-B228FCJ6,NA,NA,NA
sub-B240DXDP,1,1,1
sub-B255ERX4,NA,NA,1
sub-B2DX8YD7,NA,NA,NA
sub-B2FVBDTD,NA,NA,1
sub-B2GAGFRJ,NA,NA,NA
sub-B2KKR9FP,NA,NA,1
sub-B2L14JBR,NA,NA,NA
sub-B2PAU417,NA,NA,NA
sub-B2PT115G,NA,NA,NA
sub-B2X30GHC,NA,NA,NA
sub-B2ZN28L8,NA,NA,NA
sub-B3438R23,NA,NA,NA
sub-B349E4D3,NA,NA,NA
sub-B37AW857,NA,NA,NA
sub-B3CU3GHK,1,1,1
sub-B3GLY6BU,NA,NA,NA
sub-B3JNH7F6,NA,NA,NA
sub-B3L1EM9T,NA,NA,NA
sub-B3MUM37R,NA,NA,NA
sub-B3VHJDXU,NA,NA,NA
sub-B3XNA40G,1,1,1
sub-B44DGBR7,NA,NA,NA
sub-B473AJZX,NA,NA,NA
sub-B49HX84F,NA,NA,1
sub-B4CA1YNH,NA,NA,NA
sub-B4G4RPE1,NA,NA,1
sub-B4M89GUP,NA,NA,NA
sub-B4TY8LVM,NA,NA,NA
sub-B4XP9VV8,NA,NA,NA
sub-B4Z249PC,NA,NA,NA
sub-B4Z46M1B,NA,NA,NA
sub-B530RZJA,NA,NA,NA
sub-B53WHJBA,NA,NA,NA
sub-B5C9G957,NA,NA,1
sub-B5J6YE8V,NA,NA,1
sub-B5JG1BH6,NA,NA,NA
sub-B5LU9UPG,NA,NA,1
sub-B5PN305C,NA,NA,NA
sub-B5VJ3KEG,NA,NA,NA
sub-B5VK9XEN,NA,NA,1
sub-B5XPKWGZ,NA,NA,NA
sub-B60GTH59,NA,NA,NA
sub-B61U9XZA,NA,NA,1
sub-B68067CD,NA,NA,NA
sub-B6AN7YDK,1,1,1
sub-B6KYFLDG,NA,NA,NA
sub-B6N2VN7X,NA,NA,1
sub-B6R2TDV5,NA,NA,NA
sub-B6YGLTJK,NA,NA,NA
sub-B70M4Z6D,NA,NA,NA
sub-B72KCUK5,NA,NA,NA
sub-B7440KXP,NA,NA,NA
sub-B74PPWH0,NA,NA,NA
sub-B7A2MURD,NA,NA,NA
sub-B7BG5TYR,1,1,1
sub-B7BRV9R1,1,1,1
sub-B7CBMZ2F,1,1,1
sub-B7CUAZH9,NA,NA,NA
sub-B7DEY5F6,1,1,1
sub-B7FUD8ZP,NA,NA,1
sub-B7PW7GZA,NA,NA,NA
sub-B7T61NTA,NA,NA,1
sub-B7WFVLM3,NA,NA,NA
sub-B8234KWV,NA,NA,NA
sub-B8AV1T7K,NA,NA,NA
sub-B8B0K9TG,NA,NA,NA
sub-B8G9KFMC,1,1,1
sub-B8J23RH6,NA,NA,NA
sub-B8MBHMWM,1,1,1
sub-B8N5TFHV,NA,NA,NA
sub-B8UX2D6Y,NA,NA,1
sub-B8W8N3ME,NA,NA,NA
sub-B8WVUJ5G,NA,NA,NA
sub-B93956M3,1,1,1
sub-B94P392H,NA,NA,NA
sub-B96RJ10D,NA,NA,NA
sub-B97H0LH3,NA,NA,NA
sub-B9BEKCD9,NA,NA,NA
sub-B9CDPZUA,NA,NA,NA
sub-B9G2X39Y,NA,NA,NA
sub-B9J9H4PK,NA,NA,NA
sub-B9PWRAUA,NA,NA,NA
sub-B9RXNJDB,NA,NA,NA
sub-B9UHUNKZ,NA,NA,1
sub-B9V0KP7H,NA,NA,1
sub-B9VLJHR0,NA,NA,NA
sub-B9VMNMMZ,NA,NA,1
sub-B9WLDALN,1,1,1
sub-BAATCKCB,NA,NA,NA
sub-BAGGF8UK,NA,NA,NA
sub-BB0FDDL0,NA,NA,NA
sub-BB64CLXY,NA,NA,NA
sub-BB7E1VW5,NA,NA,NA
sub-BB8UACMP,NA,NA,NA
sub-BB9X243N,NA,NA,NA
sub-BBE2GWRH,NA,NA,1
sub-BBH4GW2D,NA,NA,NA
sub-BBKGL2B8,NA,NA,NA
sub-BC53RFDD,NA,NA,NA
sub-BC7FZ0GR,NA,NA,NA
sub-BCDX16XF,NA,NA,1
sub-BCEBWGDG,NA,NA,1
sub-BCHF6V85,1,1,1
sub-BCLYU9UD,NA,NA,1
sub-BCMXWCV0,NA,NA,1
sub-BCRLXUZX,NA,NA,NA
sub-BD3JGYKK,NA,NA,NA
sub-BD527MYG,NA,NA,NA
sub-BDAMTERV,NA,NA,1
sub-BDE6PW3H,NA,NA,1
sub-BDGGPJYX,NA,NA,1
sub-BDHAN68D,NA,NA,NA
sub-BDHFHJUN,1,1,1
sub-BDMDX4EW,NA,NA,NA
sub-BDMGZK3B,1,1,1
sub-BDTGBXYZ,NA,NA,NA
sub-BDVLJXTL,NA,NA,1
sub-BDW1RRUR,NA,NA,NA
sub-BDXU5BUT,NA,NA,NA
sub-BDZFGJ3V,NA,NA,NA
sub-BE0PREAC,NA,NA,NA
sub-BE3GZCPG,NA,NA,1
sub-BE6KKTH2,NA,NA,NA
sub-BE7CJ121,NA,NA,NA
sub-BEADWGRU,NA,NA,1
sub-BEG60AUC,1,1,1
sub-BEGMET5J,NA,NA,NA
sub-BENKM4B0,NA,NA,NA
sub-BEZL3E23,NA,NA,NA
sub-BF0NYFPE,NA,NA,1
sub-BF7U088Y,NA,NA,NA
sub-BF8H4PR1,NA,NA,NA
sub-BFEWTU2N,NA,NA,1
sub-BFGLJHYJ,2,1,1
sub-BFHP67YN,NA,NA,NA
sub-BFJ6N0KJ,NA,NA,NA
sub-BFWDV2VM,NA,NA,1
sub-BFXU68F9,NA,NA,NA
sub-BFZJK5R5,NA,NA,NA
sub-BG040P9Z,NA,NA,1
sub-BG2Z79LC,NA,NA,NA
sub-BG59D5MV,NA,NA,NA
sub-BG7FNXZB,NA,NA,NA
sub-BG7ZM9D2,NA,NA,1
sub-BGD53R5K,NA,NA,NA
sub-BGF86P29,NA,NA,1
sub-BGH53Z59,2,1,1
sub-BGMH3BZ3,1,1,1
sub-BGYRJERP,NA,NA,NA
sub-BGYWYRGH,NA,NA,NA
sub-BH1HTPR0,1,1,1
sub-BH2C38UG,NA,NA,NA
sub-BH7UHE62,NA,NA,NA
sub-BHA692K1,NA,NA,NA
sub-BHCAN3DK,NA,NA,1
sub-BHD2GF0Z,NA,NA,1
sub-BHHEUCLB,NA,NA,NA
sub-BHM0HRB4,NA,NA,1
sub-BHNYRR2J,NA,NA,NA
sub-BHVKFKF7,NA,NA,1
sub-BHYXXNJJ,NA,NA,1
sub-BJ0A0JN2,NA,NA,1
sub-BJ0CWVRF,NA,NA,NA
sub-BJ2L8N9D,NA,NA,1
sub-BJ8CZ3CJ,NA,NA,NA
sub-BJDX22E8,NA,NA,NA
sub-BJM8ABYZ,1,1,1
sub-BJPA9DDM,NA,NA,1
sub-BJTX0LBM,NA,NA,NA
sub-BJUB7H8B,1,1,1
sub-BJUT8TR0,NA,NA,NA
sub-BJVF8AGB,NA,NA,NA
sub-BJYZ741F,NA,NA,NA
sub-BK0V5AJK,NA,NA,NA
sub-BK1CNLJ5,NA,NA,NA
sub-BK1V38WW,1,1,1
sub-BK3K7AN8,NA,NA,NA
sub-BK5APVLC,NA,NA,NA
sub-BK8KBAZM,NA,NA,1
sub-BKAL413B,NA,NA,1
sub-BKFUY718,NA,NA,NA
sub-BKHXB1E6,NA,NA,NA
sub-BKN88GVE,2,1,1
sub-BKNLWG3Z,NA,NA,1
sub-BKNVGWPC,1,1,1
sub-BKR2UJL2,NA,NA,NA
sub-BKW33JVR,NA,NA,NA
sub-BKZWPP4E,NA,NA,NA
sub-BL3B50GW,1,1,1
sub-BL4HN6F4,NA,NA,1
sub-BL5709X3,NA,NA,NA
sub-BL9481WL,2,1,1
sub-BL9KRALR,NA,NA,NA
sub-BLD8K10D,NA,NA,1
sub-BLGYX1M4,NA,NA,NA
sub-BLHP1W5L,1,1,1
sub-BLJJA3KF,NA,NA,NA
sub-BLL494GE,NA,NA,NA
sub-BLR3A9XC,NA,NA,1
sub-BLX310KU,NA,NA,NA
sub-BLYFK2HJ,NA,NA,NA
sub-BLZ7H5LD,NA,NA,NA
sub-BM143U2H,NA,NA,1
sub-BM6WMFTA,NA,NA,NA
sub-BM8CW3PV,NA,NA,NA
sub-BMBVZTAG,NA,NA,NA
sub-BMF1MNMV,NA,NA,NA
sub-BMFRB748,NA,NA,NA
sub-BMKV8MN1,NA,NA,NA
sub-BMLUJ1LD,NA,NA,NA
sub-BMMEGVWT,1,1,1
sub-BMMM82AG,NA,NA,1
sub-BMN6LJFN,NA,NA,NA
sub-BMTA765G,1,1,1
sub-BMTP1HD9,NA,NA,NA
sub-BN0GRJ6R,NA,NA,NA
sub-BN1EY1AM,NA,NA,NA
sub-BN32J01P,NA,NA,1
sub-BN48LR8B,NA,NA,NA
sub-BN6JZ5DM,NA,NA,NA
sub-BN70T9E1,NA,NA,NA
sub-BN8Z67UX,NA,NA,1
sub-BN9W8LXG,NA,NA,1
sub-BNBBL7HY,NA,NA,NA
sub-BNBF1GWB,NA,NA,1
sub-BNGM6V1R,NA,NA,NA
sub-BNKYC33Z,NA,NA,1
sub-BNRN2W15,NA,NA,NA
sub-BNW6NPRK,1,1,1
sub-BNX5D9VZ,NA,NA,1
sub-BNXAAKCX,NA,NA,NA
sub-BNZ5WTFT,1,1,NA
sub-BP1L83DA,NA,NA,1
sub-BP6UMBG8,NA,NA,NA
sub-BPB9W02P,NA,NA,NA
sub-BPBXFDRZ,NA,NA,NA
sub-BPE6600Z,NA,NA,1
sub-BPF299DF,NA,NA,NA
sub-BPPLUGKN,NA,NA,NA
sub-BR0R4R8M,NA,NA,NA
sub-BR0V5H2X,1,1,1
sub-BR1YZPV4,NA,NA,NA
sub-BR1ZHAEJ,NA,NA,1
sub-BR7WZCN7,NA,NA,1
sub-BRGDE78M,NA,NA,NA
sub-BRJ19JN1,NA,NA,NA
sub-BRL2W991,NA,NA,NA
sub-BRMGY929,NA,NA,1
sub-BRRAE16V,NA,NA,NA
sub-BRT7E7UK,NA,NA,NA
sub-BRZ3742Z,NA,NA,1
sub-BT1JM1WA,NA,NA,NA
sub-BT3FWGL7,NA,NA,NA
sub-BTA2BMZ6,NA,NA,NA
sub-BTABKVCU,NA,NA,NA
sub-BTCDDVU1,NA,NA,NA
sub-BTCG4GKG,NA,NA,NA
sub-BTLEZJL0,NA,NA,1
sub-BTTCJX9R,NA,NA,NA
sub-BTVBZ5VX,NA,NA,1
sub-BTWHMF8T,NA,NA,NA
sub-BU29WUVD,NA,NA,NA
sub-BU2E2YDP,NA,NA,1
sub-BU31791C,NA,NA,NA
sub-BU9KJZX7,NA,NA,NA
sub-BUAM55H0,NA,NA,NA
sub-BUBD3WNE,NA,NA,NA
sub-BUEAVPUZ,NA,NA,NA
sub-BUEMRDVF,NA,NA,1
sub-BUPETT7Z,1,1,NA
sub-BUPMZF11,1,1,1
sub-BUR63H05,NA,NA,NA
sub-BUT20X7W,NA,NA,NA
sub-BUWRGTG6,NA,NA,NA
sub-BUZ6HVF0,NA,NA,NA
sub-BV461JTB,NA,NA,NA
sub-BV75E69L,1,1,1
sub-BV7R8DVW,NA,NA,NA
sub-BVDU98XG,1,1,1
sub-BVEY2KG3,NA,NA,1
sub-BVFT0RMG,NA,NA,NA
sub-BVJYW4PY,NA,NA,NA
sub-BVK1GET3,NA,NA,1
sub-BVRNBBNL,NA,NA,NA
sub-BVUJB0R3,NA,NA,NA
sub-BVX28AFV,1,1,1
sub-BVYD3AAF,1,1,1
sub-BW02TMBE,NA,NA,1
sub-BW17AA1F,NA,NA,NA
sub-BW3JU66Z,1,1,1
sub-BW85BNL5,NA,NA,NA
sub-BW8W61WT,NA,NA,1
sub-BW8Y49L6,NA,NA,NA
sub-BW96UH0D,NA,NA,NA
sub-BWD48X0J,NA,NA,1
sub-BWFE6KU6,NA,NA,NA
sub-BWJKR7B5,1,1,1
sub-BWMPM306,NA,NA,1
sub-BWR1WXUG,NA,NA,NA
sub-BWT96BWH,NA,NA,NA
sub-BWTD7W8G,NA,NA,NA
sub-BWZ4GF6V,NA,NA,NA
sub-BX1Z1PJ9,NA,NA,1
sub-BX3VYZF1,NA,NA,1
sub-BX3X4GG7,NA,NA,NA
sub-BXB3GFFM,NA,NA,1
sub-BXDF81XE,NA,NA,NA
sub-BXFPPY15,NA,NA,NA
sub-BXK5N7Y1,NA,NA,1
sub-BXR1L7N8,1,1,1
sub-BXY02162,NA,NA,NA
sub-BY68RNKJ,1,1,1
sub-BY8XVNJT,NA,NA,1
sub-BY912AK4,NA,NA,1
sub-BYARCL2L,NA,NA,NA
sub-BYGZT3F6,NA,NA,1
sub-BYRNRHA1,NA,NA,NA
sub-BYVXL66N,NA,NA,1
sub-BZ0JV1FF,NA,NA,NA
sub-BZ1YG32T,NA,NA,1
sub-BZ24FY2K,NA,NA,NA
sub-BZ2GDWF1,NA,NA,NA
sub-BZ7YAT48,NA,NA,NA
sub-BZ9BCWWP,NA,NA,NA
sub-BZ9H2FLC,NA,NA,NA
sub-BZA5F2M2,NA,NA,1
sub-BZBW11DL,NA,NA,1
sub-BZH975R2,NA,NA,NA
sub-BZJGG4AN,NA,NA,1
sub-BZKEHZY8,NA,NA,1
sub-BZNT6DTT,NA,NA,NA
sub-BZT4D3W2,NA,NA,1
sub-BZTF233W,NA,NA,NA
sub-BZZ8KWTC,NA,NA,NA
sub-BZZGY7AM,NA,NA,NA
sub-BZZYL1L5,NA,NA,NA
sub-C0BDYBKD,NA,NA,NA
sub-C0KCZG24,NA,NA,NA
sub-C0LET0DU,1,1,1
sub-C0LR31N5,1,1,1
sub-C0M1UAY5,NA,NA,NA
sub-C0P22ZPJ,NA,NA,NA
sub-C0V8F883,NA,NA,NA
sub-C0W9C4R6,NA,NA,NA
sub-C157K1KH,NA,NA,1
sub-C176LYR4,NA,NA,NA
sub-C19XGK75,NA,NA,NA
sub-C1E9XZ2Y,NA,NA,NA
sub-C1T4T2DC,1,1,1
sub-C1TLGE8E,1,1,1
sub-C1VM5JUL,NA,NA,1
sub-C25291CE,1,1,1
sub-C25XBH2T,NA,NA,NA
sub-C260Z0HT,1,1,1
sub-C27Z02JK,NA,NA,1
sub-C29KYLLN,NA,NA,NA
sub-C2V6LPG4,NA,NA,NA
sub-C2VA4EY6,NA,NA,NA
sub-C2ZLETPN,NA,NA,1
sub-C331WXR7,NA,NA,NA
sub-C33HFY1D,NA,NA,NA
sub-C388V5RH,NA,NA,1
sub-C39CENF6,NA,NA,NA
sub-C3A7UBT2,NA,NA,1
sub-C3AAYJ18,NA,NA,1
sub-C3AKNY6Y,NA,NA,NA
sub-C3E7K9A7,NA,NA,NA
sub-C3L6PP41,NA,NA,NA
sub-C3LRZTRT,NA,NA,NA
sub-C3N3P450,NA,NA,NA
sub-C3Y8MBZ8,NA,NA,NA
sub-C4056LRF,NA,NA,NA
sub-C4CMCEGE,NA,NA,NA
sub-C4EAMHZ7,NA,NA,NA
sub-C4GYKW12,NA,NA,NA
sub-C4H4Y34B,NA,NA,1
sub-C4HKHURN,NA,NA,NA
sub-C4HPTXKN,NA,NA,NA
sub-C4KP3KCA,NA,NA,NA
sub-C4M8E621,NA,NA,1
sub-C4MV1Y0C,NA,NA,NA
sub-C4XAJGAN,NA,NA,NA
sub-C53FTV59,NA,NA,NA
sub-C53PW1V8,NA,NA,NA
sub-C54LRKCR,NA,NA,NA
sub-C58P3WTG,NA,NA,NA
sub-C59Y1E3K,NA,NA,NA
sub-C5ACWVVY,NA,NA,1
sub-C5B20020,1,1,1
sub-C5EU2L2M,NA,NA,1
sub-C5FFBPE9,NA,NA,1
sub-C5G293GX,NA,NA,NA
sub-C5H2UXTA,NA,NA,NA
sub-C5KPLUZ5,NA,NA,NA
sub-C5L95ZPX,NA,NA,1
sub-C5N9X6VG,NA,NA,NA
sub-C5ZM8R2X,NA,NA,NA
sub-C624EF1K,NA,NA,NA
sub-C63Z86E8,1,1,1
sub-C65H30NV,NA,NA,NA
sub-C68NXGHP,NA,NA,NA
sub-C6941X6U,NA,NA,1
sub-C6FH4E9F,NA,NA,1
sub-C6KRAHVE,NA,NA,NA
sub-C6MPJ7ZF,NA,NA,1
sub-C6VGL4N1,NA,NA,NA
sub-C6Z9A3VP,NA,NA,NA
sub-C6ZT38L4,NA,NA,1
sub-C76VKX00,NA,NA,NA
sub-C7BXUG5T,NA,NA,NA
sub-C7DGN7HA,NA,NA,NA
sub-C7HBE7N7,NA,NA,NA
sub-C7P1CVEU,1,1,1
sub-C7TDBVV1,NA,NA,NA
sub-C80PK9BL,NA,NA,NA
sub-C83JPTL2,NA,NA,NA
sub-C861LGDC,1,1,1
sub-C868NEEC,NA,NA,NA
sub-C88CYTJE,1,1,1
sub-C9139NWM,NA,NA,NA
sub-C92BA5NX,NA,NA,NA
sub-C94L2H0F,1,1,1
sub-C96FRWYB,NA,NA,1
sub-C96XA4XL,NA,NA,1
sub-C9CUGR6X,NA,NA,1
sub-C9DWTY95,1,1,1
sub-C9GR4GM4,NA,NA,NA
sub-C9HVT0XG,NA,NA,NA
sub-C9JF43C7,NA,NA,NA
sub-C9N11UXX,NA,NA,NA
sub-C9XCZW0F,NA,NA,1
sub-C9YL3K7V,NA,NA,NA
sub-C9ZZ3NYD,NA,NA,NA
sub-CA3F8YLV,NA,NA,NA
sub-CA5FDEFD,NA,NA,NA
sub-CA6R8P2J,NA,NA,NA
sub-CA6UX1YE,NA,NA,1
sub-CACFMM98,1,1,1
sub-CAL4W4CW,NA,NA,NA
sub-CAL7H8E5,NA,NA,NA
sub-CB2NZA8D,NA,NA,NA
sub-CB2Z3BZD,NA,NA,NA
sub-CB3T3T8X,NA,NA,1
sub-CB9AY93V,NA,NA,NA
sub-CBLVCZDM,NA,NA,NA
sub-CBM6X4MC,NA,NA,NA
sub-CBPYR2EY,NA,NA,NA
sub-CBRAKW03,NA,NA,NA
sub-CBV85UMM,NA,NA,NA
sub-CBVP6BDH,NA,NA,NA
sub-CC7178BU,NA,NA,NA
sub-CCBAJKLY,NA,NA,NA
sub-CCBRA37Z,NA,NA,NA
sub-CCL8MNW4,NA,NA,NA
sub-CCPGPFR1,NA,NA,NA
sub-CCWR4KMC,NA,NA,NA
sub-CCYUB5TM,NA,NA,NA
sub-CD3GLYXK,NA,NA,NA
sub-CD4KJZEY,NA,NA,NA
sub-CD63NC88,NA,NA,NA
sub-CDEVBT55,NA,NA,NA
sub-CDF01T03,NA,NA,NA
sub-CDNAUD1U,NA,NA,1
sub-CDNXAUT3,NA,NA,NA
sub-CDP4CRFV,NA,NA,NA
sub-CE0TWGXM,NA,NA,NA
sub-CE16DXG2,1,1,1
sub-CE2AYCK6,NA,NA,NA
sub-CE74W945,NA,NA,1
sub-CE8LF65E,NA,NA,NA
sub-CE9MY4X4,NA,NA,NA
sub-CEBCR090,NA,NA,NA
sub-CECKJY72,NA,NA,NA
sub-CEGFEM93,NA,NA,1
sub-CEJHKU6W,NA,NA,1
sub-CENTPAJU,NA,NA,NA
sub-CERCRP3L,NA,NA,NA
sub-CEWUA63Z,NA,NA,NA
sub-CF5R0X98,NA,NA,NA
sub-CFCXNV7G,NA,NA,NA
sub-CFD4KND6,NA,NA,1
sub-CFFWJJ1H,NA,NA,1
sub-CFK3HDCF,NA,NA,NA
sub-CFK7R6RZ,NA,NA,NA
sub-CFPHXFHE,NA,NA,NA
sub-CFPMDG7R,1,1,1
sub-CFT8L45Y,NA,NA,NA
sub-CFTDDBW7,NA,NA,NA
sub-CFYJ60VA,NA,NA,1
sub-CFYN2FEF,NA,NA,NA
sub-CG1XBZFD,NA,NA,NA
sub-CG7XE3KT,NA,NA,NA
sub-CG8XPP5D,NA,NA,NA
sub-CGBM7G8T,NA,NA,NA
sub-CGEMFA5B,NA,NA,NA
sub-CGHNP1DK,1,1,1
sub-CGLGYDAH,NA,NA,NA
sub-CGMN92RW,NA,NA,1
sub-CGNRE8LG,NA,NA,1
sub-CGWV06JE,2,1,1
sub-CGXC468Y,NA,NA,NA
sub-CH01N86F,NA,NA,NA
sub-CH4XW8M5,NA,NA,NA
sub-CHEA6N8V,NA,NA,NA
sub-CHJ9MR5U,NA,NA,NA
sub-CHLG4G6P,1,1,1
sub-CHUKUNFD,NA,NA,NA
sub-CJ001M61,NA,NA,1
sub-CJ0YPLW6,NA,NA,NA
sub-CJ5UYUBX,NA,NA,NA
sub-CJ8FE0MN,NA,NA,NA
sub-CJA85ZRD,NA,NA,1
sub-CJG4D05U,NA,NA,NA
sub-CJH4YEDW,1,1,1
sub-CJHJMM1A,NA,NA,NA
sub-CJJ6DH5D,NA,NA,1
sub-CJN8VTTY,NA,NA,NA
sub-CJW0RAFP,NA,NA,NA
sub-CK2JFJP6,1,1,1
sub-CK4E8YDE,NA,NA,1
sub-CK8BV0JF,NA,NA,NA
sub-CK8WM58K,NA,NA,NA
sub-CKA8AFM8,NA,NA,NA
sub-CKB3W23J,NA,NA,NA
sub-CKDH5018,NA,NA,NA
sub-CKDU4DXE,NA,NA,NA
sub-CKMG9A44,NA,NA,NA
sub-CKPFPG3N,NA,NA,NA
sub-CKTT8HAT,NA,NA,NA
sub-CL18941F,1,1,1
sub-CL1R63XL,NA,NA,NA
sub-CL50XAPB,NA,NA,NA
sub-CL57VY2A,NA,NA,1
sub-CL748RXE,NA,NA,1
sub-CL9HK006,NA,NA,NA
sub-CLA2CZ2U,NA,NA,NA
sub-CLAFAT0D,NA,NA,NA
sub-CLJVMA6R,1,1,1
sub-CLL3TR97,1,1,1
sub-CLL6BCXN,NA,NA,NA
sub-CLPUR48B,NA,NA,1
sub-CLPZV4DJ,NA,NA,NA
sub-CLWMJ2FL,NA,NA,NA
sub-CM5LWCBW,NA,NA,NA
sub-CM7KCH5J,NA,NA,NA
sub-CM8902RM,NA,NA,NA
sub-CM90UZ9J,NA,NA,NA
sub-CMBCKPBP,NA,NA,NA
sub-CMBYYG5A,NA,NA,NA
sub-CMGFWG2E,1,1,1
sub-CMPRKMKC,NA,NA,NA
sub-CMX833NE,NA,NA,1
sub-CMZW3E54,NA,NA,1
sub-CN1HRZGC,NA,NA,1
sub-CN7V5XKE,1,1,1
sub-CN8DWC2V,NA,NA,NA
sub-CNCRDPTT,NA,NA,NA
sub-CNEJ2G76,1,1,1
sub-CNFM9U01,NA,NA,NA
sub-CNGUX127,NA,NA,NA
sub-CNW0CYU4,NA,NA,NA
sub-CNYD3GCA,NA,NA,NA
sub-CNZEMPHG,NA,NA,1
sub-CP16BG12,NA,NA,NA
sub-CP2K1NFW,NA,NA,1
sub-CP3Z2564,NA,NA,NA
sub-CP854T1A,NA,NA,1
sub-CP9MXC42,NA,NA,NA
sub-CPAB62JD,NA,NA,NA
sub-CPJCZKP2,NA,NA,NA
sub-CPJU37VH,NA,NA,NA
sub-CPKCD2H0,NA,NA,NA
sub-CPMC364N,NA,NA,NA
sub-CPMFLM9H,NA,NA,NA
sub-CPP81585,NA,NA,NA
sub-CPPYNGF9,NA,NA,NA
sub-CPT9ZT4B,NA,NA,NA
sub-CPUDHWZM,NA,NA,1
sub-CPYE49R9,NA,NA,NA
sub-CPYLG68G,NA,NA,NA
sub-CR43W7MR,NA,NA,NA
sub-CR5CRNZU,NA,NA,NA
sub-CR7WRBTX,NA,NA,NA
sub-CR8X09T2,NA,NA,NA
sub-CRCB0WAL,1,1,1
sub-CRKZ5CYD,NA,NA,NA
sub-CRLTE0K4,1,1,1
sub-CRM6V6NX,NA,NA,NA
sub-CRU3H91G,NA,NA,NA
sub-CRY0YLTV,NA,NA,NA
sub-CT178KT0,NA,NA,NA
sub-CT1P8L38,NA,NA,NA
sub-CT3X58XN,NA,NA,NA
sub-CT4DY62X,NA,NA,NA
sub-CT6229CR,1,1,1
sub-CT6N4C6Y,NA,NA,NA
sub-CT6XB4BR,NA,NA,NA
sub-CTCGHXFZ,NA,NA,NA
sub-CTDL9XAC,NA,NA,NA
sub-CTFL718M,NA,NA,NA
sub-CTH2AK0B,NA,NA,NA
sub-CTHR2CNF,1,1,1
sub-CTJXAVJ2,NA,NA,1
sub-CTLNR3G6,NA,NA,NA
sub-CTM83NPV,NA,NA,1
sub-CTNP7R5Z,NA,NA,NA
sub-CTUNLN80,NA,NA,1
sub-CTVENUN4,2,1,1
sub-CTWB1W45,1,1,1
sub-CTY8WJMJ,NA,NA,NA
sub-CU04NHFZ,NA,NA,NA
sub-CU05ND45,NA,NA,1
sub-CU0FZ4FB,NA,NA,1
sub-CU4L4APH,NA,NA,NA
sub-CU8GZZV0,NA,NA,NA
sub-CU8K037T,NA,NA,NA
sub-CUABM4D8,NA,NA,NA
sub-CUCX0GFM,NA,NA,NA
sub-CUDZ40WZ,NA,NA,NA
sub-CUF36WP2,NA,NA,NA
sub-CUGYRU5T,NA,NA,NA
sub-CUHZ4YBK,NA,NA,NA
sub-CUJ4YKJ3,NA,NA,NA
sub-CUNJD89E,1,1,1
sub-CUPEY1Z0,NA,NA,NA
sub-CURLTGW2,NA,NA,NA
sub-CURU4G26,NA,NA,1
sub-CUTYZFH7,1,1,1
sub-CUWEV7K6,NA,NA,NA
sub-CUYYHH2D,NA,NA,NA
sub-CV07Y8GY,NA,NA,NA
sub-CV0BAW89,NA,NA,NA
sub-CV5P454F,NA,NA,NA
sub-CV5U8ZJ8,NA,NA,NA
sub-CV6DK10M,NA,NA,NA
sub-CVAAN2Y5,1,1,1
sub-CVAXRBP7,NA,NA,NA
sub-CVEWVJ5J,NA,NA,1
sub-CVH6ELRF,NA,NA,NA
sub-CVK8YHVR,NA,NA,NA
sub-CVNFXR7V,NA,NA,NA
sub-CVUJ1RDN,1,1,1
sub-CVWPX3EA,1,1,NA
sub-CVZ70012,NA,NA,1
sub-CVZF350C,NA,NA,NA
sub-CW82V6Z6,NA,NA,1
sub-CW834UMA,NA,NA,1
sub-CW8WDA3J,NA,NA,NA
sub-CWB97KGL,NA,NA,NA
sub-CWC14R4P,NA,NA,NA
sub-CWC53CBP,NA,NA,NA
sub-CWKWUAL1,NA,NA,NA
sub-CWN52N9L,NA,NA,1
sub-CWN8ARJK,1,1,1
sub-CWRMZH2U,NA,NA,NA
sub-CX4YJGUW,NA,NA,NA
sub-CX5X4BAH,NA,NA,1
sub-CX7YWXVP,NA,NA,1
sub-CX8B391V,NA,NA,NA
sub-CX9VNMT6,NA,NA,NA
sub-CXFUHCJ1,NA,NA,NA
sub-CXGPDB42,NA,NA,NA
sub-CXKTLU8R,NA,NA,1
sub-CXN95RV7,1,1,1
sub-CXTWKWU8,NA,NA,NA
sub-CXW3Y64K,NA,NA,NA
sub-CXWGDH5F,NA,NA,NA
sub-CXXT5U2P,NA,NA,NA
sub-CY1CFU0B,NA,NA,NA
sub-CY2EFX4V,NA,NA,NA
sub-CY3FV4T9,NA,NA,1
sub-CY4X20TC,NA,NA,NA
sub-CY51KY08,NA,NA,NA
sub-CY81EJ52,NA,NA,1
sub-CYA7HWRK,NA,NA,1
sub-CYD11BRB,NA,NA,NA
sub-CYDU871W,NA,NA,NA
sub-CYE071L0,1,1,1
sub-CYF28BRB,NA,NA,1
sub-CYFCWE6X,NA,NA,NA
sub-CYMF7WT5,NA,NA,NA
sub-CYRHXW2G,NA,NA,1
sub-CYVT35R2,1,1,1
sub-CYVYJKMV,NA,NA,1
sub-CZ2UNC0K,NA,NA,NA
sub-CZ5MFAJL,NA,NA,NA
sub-CZ822Z4M,NA,NA,NA
sub-CZ89L9CB,NA,NA,NA
sub-CZGRXUKT,1,1,1
sub-CZKCFP32,1,1,1
sub-CZLHZX4C,NA,NA,NA
sub-CZU8RL3L,NA,NA,NA
sub-CZWTTCVK,NA,NA,NA
sub-D01UZ41P,NA,NA,NA
sub-D06ADJ09,NA,NA,NA
sub-D0ETUKJA,NA,NA,NA
sub-D0FLVY2Y,1,1,1
sub-D0KNT1VK,NA,NA,1
sub-D0TZD25R,NA,NA,NA
sub-D0VUNDTN,NA,NA,1
sub-D0WWVAGX,NA,NA,NA
sub-D0Y8TLGZ,1,1,1
sub-D11XG6G3,NA,NA,NA
sub-D11Y7BH7,NA,NA,NA
sub-D13H7C62,NA,NA,NA
sub-D13HXD5H,NA,NA,1
sub-D13XNZ1E,NA,NA,NA
sub-D176PR5Y,NA,NA,1
sub-D1APEXLT,NA,NA,NA
sub-D1C3Z8TZ,NA,NA,NA
sub-D1DCEAJH,NA,NA,NA
sub-D1EMLDV6,NA,NA,NA
sub-D1ETWWPE,NA,NA,NA
sub-D1JBJBFY,NA,NA,NA
sub-D1MG320G,NA,NA,NA
sub-D1PL1RD3,NA,NA,NA
sub-D1PRDRJG,NA,NA,NA
sub-D1WVLLJ1,NA,NA,1
sub-D1YTW0G6,NA,NA,NA
sub-D23C6A4C,NA,NA,NA
sub-D25VAT32,NA,NA,NA
sub-D2C4V9ZT,NA,NA,NA
sub-D2V80DW2,NA,NA,NA
sub-D31ULK08,NA,NA,NA
sub-D32LCBUY,NA,NA,NA
sub-D33P1GPC,NA,NA,NA
sub-D3A2CTFX,NA,NA,NA
sub-D3C9HGW1,NA,NA,NA
sub-D3D1K2BX,NA,NA,NA
sub-D3GNFZJJ,NA,NA,NA
sub-D3H6KFFT,1,1,1
sub-D3JNF8YF,NA,NA,NA
sub-D3TCEW2P,NA,NA,1
sub-D3TWTXDB,NA,NA,NA
sub-D435BDPH,NA,NA,NA
sub-D43PR719,NA,NA,NA
sub-D45YJJRT,NA,NA,NA
sub-D49YH7LB,NA,NA,NA
sub-D4J6E7PK,NA,NA,NA
sub-D4KGD45Y,NA,NA,NA
sub-D4LYED11,NA,NA,NA
sub-D4TH0FM6,NA,NA,NA
sub-D4TVEL8N,NA,NA,1
sub-D4VZ00NR,NA,NA,NA
sub-D4YYXM1K,NA,NA,NA
sub-D505AZ4G,NA,NA,NA
sub-D52N8T9J,1,1,1
sub-D55MXB64,NA,NA,NA
sub-D580Y1WJ,NA,NA,1
sub-D59G5M7D,NA,NA,NA
sub-D59HZA15,NA,NA,NA
sub-D5B0X85Y,NA,NA,NA
sub-D5CN8JME,NA,NA,1
sub-D5DMDCCC,NA,NA,1
sub-D5FWJDCY,NA,NA,NA
sub-D5GDC3YC,NA,NA,1
sub-D5P9PY9L,1,1,1
sub-D5RCMNJU,NA,NA,NA
sub-D5TNL3PL,NA,NA,1
sub-D5U7YYE5,NA,NA,NA
sub-D5UV2RGA,NA,NA,NA
sub-D5XAZXJG,2,1,1
sub-D5YA5MWR,NA,NA,1
sub-D5ZMXFG6,NA,NA,NA
sub-D60A8JHT,NA,NA,NA
sub-D61Y7K88,1,1,1
sub-D646F8XA,1,1,1
sub-D66M522R,NA,NA,NA
sub-D67JDXM6,NA,NA,1
sub-D681TFUL,NA,NA,NA
sub-D69W33NC,1,1,1
sub-D69WPF6G,1,1,1
sub-D6AR573N,NA,NA,1
sub-D6E70E57,NA,NA,NA
sub-D6F6W39J,NA,NA,NA
sub-D6PPNY0N,NA,NA,NA
sub-D6U7VKP6,NA,NA,1
sub-D6X8GC05,NA,NA,NA
sub-D76PJ8X7,NA,NA,NA
sub-D7969NZ4,NA,NA,NA
sub-D7A01KPR,NA,NA,NA
sub-D7D90WV5,NA,NA,NA
sub-D7KE07MF,NA,NA,NA
sub-D7MKAFA0,NA,NA,NA
sub-D7RR0C8L,NA,NA,1
sub-D7UZ5ABH,NA,NA,NA
sub-D7W0Y8XM,NA,NA,NA
sub-D7XD417L,NA,NA,NA
sub-D7YYK7CY,NA,NA,NA
sub-D806H93D,NA,NA,NA
sub-D8327JHB,NA,NA,1
sub-D83LZP78,NA,NA,NA
sub-D8490T5J,NA,NA,NA
sub-D84HH9B1,1,1,1
sub-D8B8HNN7,NA,NA,NA
sub-D8LWX10X,NA,NA,NA
sub-D8M17149,NA,NA,NA
sub-D8MMEU9B,1,1,1
sub-D8N6RPYP,NA,NA,NA
sub-D8NF2X35,NA,NA,NA
sub-D8PZ10F0,NA,NA,NA
sub-D91UPVA1,NA,NA,1
sub-D92APFZ2,NA,NA,NA
sub-D96NU5LH,NA,NA,1
sub-D9BC5CUY,NA,NA,NA
sub-D9GD4VKM,NA,NA,1
sub-D9JF68MK,NA,NA,1
sub-D9KW5TPY,NA,NA,1
sub-D9L81NY5,NA,NA,NA
sub-D9LT4A11,NA,NA,1
sub-D9WZ5K8Y,NA,NA,NA
sub-D9XWPRMX,1,1,1
sub-D9ZEJ36L,NA,NA,NA
sub-DA6VVDEG,1,1,1
sub-DACXYF2G,1,1,1
sub-DADVB5PG,NA,NA,NA
sub-DAF6VRMG,NA,NA,NA
sub-DAH3KGYG,NA,NA,NA
sub-DAJ4P19P,NA,NA,NA
sub-DAJWW6DH,NA,NA,NA
sub-DAL9UY1P,NA,NA,NA
sub-DAMXKG0G,NA,NA,NA
sub-DAV11B6Z,NA,NA,NA
sub-DAWZ7L6D,NA,NA,NA
sub-DAY78DG2,NA,NA,1
sub-DAYP39E1,NA,NA,NA
sub-DAYVFF0J,NA,NA,NA
sub-DB241KG5,NA,NA,NA
sub-DB28XX06,NA,NA,NA
sub-DB35KZ07,NA,NA,NA
sub-DB3KP2VA,1,1,1
sub-DB6W7NT0,NA,NA,NA
sub-DB8CUMHL,NA,NA,NA
sub-DBBYXNYH,NA,NA,NA
sub-DBCH13DE,NA,NA,1
sub-DBDZBT2K,NA,NA,NA
sub-DBF7Z5CL,NA,NA,NA
sub-DBFKM6A3,NA,NA,NA
sub-DBFPW3EK,NA,NA,NA
sub-DBGLBFCJ,NA,NA,NA
sub-DBHYPZ31,NA,NA,1
sub-DBJ78DCD,NA,NA,1
sub-DBKJ96UF,1,1,1
sub-DBNVP9UD,NA,NA,NA
sub-DBVY4B8K,NA,NA,NA
sub-DC5LMY0K,1,1,1
sub-DCE53AYC,1,1,1
sub-DCFU6FKR,NA,NA,NA
sub-DCLKDZ6K,NA,NA,NA
sub-DCMB3LBH,NA,NA,NA
sub-DCMG4GTD,NA,NA,NA
sub-DCRLF3FV,NA,NA,NA
sub-DCRUCJGE,NA,NA,NA
sub-DCTNAUD1,NA,NA,1
sub-DCUXCWPG,NA,NA,NA
sub-DD40AJMW,1,1,1
sub-DD4736KA,NA,NA,NA
sub-DD69ZWF9,NA,NA,1
sub-DD8PKFLD,NA,NA,1
sub-DD94ZBTP,NA,NA,NA
sub-DDKF5HBX,NA,NA,NA
sub-DDKXYJ2D,NA,NA,NA
sub-DDRLC2VM,NA,NA,1
sub-DDWUHYTJ,NA,NA,NA
sub-DE17JJG5,NA,NA,NA
sub-DE3J6HBM,NA,NA,NA
sub-DE6MBD6N,NA,NA,NA
sub-DE8G5XB3,1,1,1
sub-DEHN3PH7,NA,NA,NA
sub-DEKRPJ5X,1,1,1
sub-DEN6XZLU,NA,NA,NA
sub-DEPBAJ6L,NA,NA,NA
sub-DETFEUW4,NA,NA,NA
sub-DETP7ENE,NA,NA,NA
sub-DEVYGDL7,NA,NA,NA
sub-DF21C95K,NA,NA,NA
sub-DF4CFND3,NA,NA,NA
sub-DF9702P2,NA,NA,NA
sub-DF9XM4YB,NA,NA,1
sub-DFB4NL0N,NA,NA,NA
sub-DFHXELP0,1,1,1
sub-DFNR4UMM,NA,NA,1
sub-DFY7YYM9,NA,NA,NA
sub-DG2H0995,NA,NA,NA
sub-DG4FUC70,1,1,1
sub-DG5TKGEX,NA,NA,NA
sub-DG951Z11,NA,NA,NA
sub-DGABKCP2,1,1,1
sub-DGP58A6H,NA,NA,NA
sub-DGP7217P,NA,NA,NA
sub-DGPX16XN,NA,NA,NA
sub-DGTRNE7V,NA,NA,NA
sub-DGVADKJA,1,1,1
sub-DGW9RHNK,NA,NA,NA
sub-DGWRT6PB,NA,NA,1
sub-DH29TC6V,NA,NA,1
sub-DH2GTB06,NA,NA,NA
sub-DH67XW36,NA,NA,NA
sub-DH8W6H22,1,1,1
sub-DHCAPYWM,NA,NA,NA
sub-DHCPMWJD,NA,NA,NA
sub-DHCRAR0T,NA,NA,NA
sub-DHDLJ5CV,NA,NA,NA
sub-DHJNAJ5Y,NA,NA,NA
sub-DHJV77RB,NA,NA,NA
sub-DHL2ZT1M,NA,NA,1
sub-DHPX2Z6Y,2,1,1
sub-DHPZGW4T,NA,NA,NA
sub-DHR25U4H,NA,NA,1
sub-DHRF3CYT,NA,NA,NA
sub-DHRT3GB2,NA,NA,NA
sub-DHTK4H0L,NA,NA,NA
sub-DHVY95MH,1,1,1
sub-DJ1BBR1F,NA,NA,1
sub-DJ22WEAT,NA,NA,NA
sub-DJ81TV7Z,NA,NA,NA
sub-DJDNYY46,NA,NA,1
sub-DJHUKGLH,NA,NA,NA
sub-DJU1GZNN,NA,NA,1
sub-DKEXEJKC,NA,NA,NA
sub-DKJDWHJH,NA,NA,1
sub-DKM7MF67,NA,NA,NA
sub-DKMHGCEM,1,1,1
sub-DKUF65EK,NA,NA,NA
sub-DKXF1X2F,NA,NA,NA
sub-DL4TR86H,1,1,1
sub-DL871HVM,1,1,1
sub-DL8U4ZNT,NA,NA,NA
sub-DLE6LXEP,NA,NA,NA
sub-DLEMTN1E,NA,NA,NA
sub-DLEUAKLH,NA,NA,NA
sub-DLG15XM2,1,1,NA
sub-DLJB7FKL,NA,NA,NA
sub-DLMML76V,NA,NA,NA
sub-DLR8T512,NA,NA,NA
sub-DLRDW633,NA,NA,NA
sub-DLXJMXAG,NA,NA,NA
sub-DM4EXUCD,NA,NA,1
sub-DMD17V8N,NA,NA,NA
sub-DML4KVG0,NA,NA,NA
sub-DMMAKV5Y,NA,NA,1
sub-DMT3XG3K,NA,NA,NA
sub-DMW1F5TW,NA,NA,NA
sub-DMWULU1K,1,1,1
sub-DMXMW991,NA,NA,NA
sub-DN11K433,NA,NA,NA
sub-DN2W0CYG,1,1,1
sub-DN3XE4ZK,NA,NA,1
sub-DN453NWJ,NA,NA,1
sub-DN5NUU7W,NA,NA,NA
sub-DN6HKHAW,1,1,1
sub-DNGGNJ0B,1,1,1
sub-DNLMD7DZ,NA,NA,NA
sub-DNNCWZP6,NA,NA,NA
sub-DP1WJ2JC,NA,NA,NA
sub-DP5670V4,NA,NA,NA
sub-DP6X7EL4,1,1,1
sub-DPB4NHEX,2,1,1
sub-DPB7N7HA,NA,NA,1
sub-DPM9DWBB,NA,NA,NA
sub-DPMB558X,1,1,1
sub-DPP9W7AV,NA,NA,1
sub-DPT16GX3,NA,NA,NA
sub-DPU8752W,NA,NA,NA
sub-DPWJMF3B,NA,NA,1
sub-DPYR4KM2,NA,NA,NA
sub-DR13TAXK,NA,NA,1
sub-DR3M36J1,NA,NA,1
sub-DR4CWHTM,NA,NA,1
sub-DREL4LBY,NA,NA,NA
sub-DRM97DTU,NA,NA,NA
sub-DRRTEW06,NA,NA,NA
sub-DT2WNL94,NA,NA,NA
sub-DT71ACZT,NA,NA,NA
sub-DT744K7Y,NA,NA,1
sub-DT85NUFE,NA,NA,NA
sub-DTAY6VX0,NA,NA,NA
sub-DTHBFTNZ,NA,NA,NA
sub-DTHJM3Y9,NA,NA,1
sub-DTKLRD8X,NA,NA,NA
sub-DTL56WZU,1,1,1
sub-DTRERMG2,NA,NA,NA
sub-DTWEMX2Z,NA,NA,NA
sub-DU50FZ05,NA,NA,NA
sub-DU5EVD1W,NA,NA,1
sub-DU5LEWJK,NA,NA,NA
sub-DU5LPVRJ,NA,NA,NA
sub-DU8NAVRN,NA,NA,NA
sub-DUJJ740F,NA,NA,1
sub-DUKN0GD9,NA,NA,NA
sub-DULBXX1K,NA,NA,NA
sub-DV2D7CXJ,NA,NA,NA
sub-DV34EFNH,NA,NA,NA
sub-DV403EUN,NA,NA,1
sub-DV5217A4,NA,NA,NA
sub-DV9BCU3J,1,1,1
sub-DV9BYP17,NA,NA,NA
sub-DVEWNJZ1,NA,NA,NA
sub-DVJ76ALR,2,1,1
sub-DVMAP47N,NA,NA,NA
sub-DVVR7GEL,NA,NA,NA
sub-DW0J04J4,NA,NA,NA
sub-DW1BKLJN,1,1,1
sub-DW2F4HTC,NA,NA,NA
sub-DWAKH0W5,NA,NA,1
sub-DWDV4K53,NA,NA,1
sub-DWGT6R32,NA,NA,1
sub-DWJKX2YR,NA,NA,NA
sub-DWKHJ8MG,NA,NA,1
sub-DWM6KEW3,NA,NA,NA
sub-DWP35H7Y,NA,NA,1
sub-DWP48R1X,NA,NA,1
sub-DWR71C3N,NA,NA,1
sub-DWRFW2TP,NA,NA,NA
sub-DWRM6BPD,NA,NA,NA
sub-DWTK3PP0,NA,NA,NA
sub-DX53W9GM,NA,NA,NA
sub-DX7DPE6L,NA,NA,NA
sub-DXEP8X66,NA,NA,1
sub-DXFPGCH8,2,1,1
sub-DXG3YU5W,NA,NA,NA
sub-DXM5BDFW,NA,NA,NA
sub-DXR1A58H,NA,NA,NA
sub-DXUEU10W,NA,NA,NA
sub-DXVD4UW0,NA,NA,NA
sub-DXVYN6W5,NA,NA,NA
sub-DY0X871X,NA,NA,NA
sub-DYACTVYF,1,1,1
sub-DYB30L2R,NA,NA,NA
sub-DYB5X09B,NA,NA,NA
sub-DYNUN0GN,NA,NA,NA
sub-DYP4KLFJ,NA,NA,NA
sub-DYPE3LNV,NA,NA,1
sub-DYR0ZBCZ,NA,NA,NA
sub-DYRVD6AZ,NA,NA,NA
sub-DYVN8B1C,NA,NA,NA
sub-DZ1H9HTE,NA,NA,NA
sub-DZ8GELZ6,NA,NA,NA
sub-DZBVMMGB,NA,NA,NA
sub-DZDM2HFC,NA,NA,NA
sub-DZKEBE4K,NA,NA,NA
sub-DZLD38UM,1,1,1
sub-DZN6A328,NA,NA,NA
sub-DZR2Y8PX,NA,NA,NA
sub-DZT03PNN,NA,NA,NA
sub-DZVTE3N0,NA,NA,NA
sub-DZW90FY7,NA,NA,1
sub-E02NUBGT,NA,NA,1
sub-E0577FC4,NA,NA,NA
sub-E06V8Y23,NA,NA,NA
sub-E073JNG1,NA,NA,NA
sub-E0AED7HM,1,1,1
sub-E0B9A5VN,NA,NA,NA
sub-E0CL572F,NA,NA,NA
sub-E0FCTWAR,NA,NA,NA
sub-E0KZKF5V,NA,NA,1
sub-E0MBDEG1,NA,NA,NA
sub-E117NA3X,NA,NA,NA
sub-E11CUKJT,NA,NA,NA
sub-E12MPEVU,NA,NA,NA
sub-E17V0N4K,NA,NA,NA
sub-E198R99Y,NA,NA,NA
sub-E1DC53WA,NA,NA,NA
sub-E1DN91Z9,NA,NA,NA
sub-E1F5L504,NA,NA,NA
sub-E1H1HLHG,NA,NA,NA
sub-E1HR9837,NA,NA,NA
sub-E1MRKJ3N,NA,NA,1
sub-E1TKY79C,NA,NA,NA
sub-E1WW821K,1,1,1
sub-E1XC51DB,NA,NA,NA
sub-E1XFB4MU,NA,NA,NA
sub-E1XNAPC7,1,1,NA
sub-E26BNZDK,NA,NA,NA
sub-E26RRHNP,NA,NA,NA
sub-E2755CEH,NA,NA,NA
sub-E2887AGF,NA,NA,NA
sub-E299DCVM,NA,NA,1
sub-E29JDT7Y,NA,NA,NA
sub-E2BD0XE6,NA,NA,NA
sub-E2GEK6A2,NA,NA,1
sub-E2JXEZ3N,1,1,1
sub-E2MXC5UG,NA,NA,1
sub-E2PWTA4F,NA,NA,NA
sub-E2TMN5K2,NA,NA,1
sub-E30MYZ4J,NA,NA,NA
sub-E32G7HZE,NA,NA,1
sub-E367LYLC,NA,NA,NA
sub-E38ABK6X,NA,NA,NA
sub-E39X2HV4,NA,NA,1
sub-E3BETTT2,NA,NA,NA
sub-E3DYU63E,NA,NA,NA
sub-E3F19GUV,NA,NA,NA
sub-E3GZGT66,NA,NA,NA
sub-E3LRK5VH,NA,NA,NA
sub-E3MEFJL5,NA,NA,NA
sub-E3NPVWW3,NA,NA,NA
sub-E3V8C4N5,NA,NA,1
sub-E414T9WK,NA,NA,NA
sub-E42NY47E,NA,NA,NA
sub-E46BJ2YA,1,1,1
sub-E48MJ8GE,NA,NA,1
sub-E48TT5LN,NA,NA,NA
sub-E4BZT1U8,NA,NA,1
sub-E4D49B9Z,NA,NA,NA
sub-E4K5ZBE2,NA,NA,1
sub-E4KDYWD0,NA,NA,1
sub-E4NE0L80,NA,NA,NA
sub-E4PWCYC0,NA,NA,NA
sub-E4T6ZUA5,NA,NA,NA
sub-E4V221E1,NA,NA,1
sub-E4WTDHPJ,NA,NA,NA
sub-E4YNZCW7,NA,NA,NA
sub-E51WF5J0,NA,NA,1
sub-E56GMC5F,NA,NA,NA
sub-E56HZVKV,NA,NA,NA
sub-E56RVCP5,NA,NA,1
sub-E59K1A64,NA,NA,NA
sub-E5K3E4XA,1,1,1
sub-E5L31ZGW,NA,NA,NA
sub-E5L7WXDY,NA,NA,NA
sub-E5WTBCCC,NA,NA,NA
sub-E5XTBT7L,1,1,1
sub-E5Y0P1DR,NA,NA,NA
sub-E5ZT034G,NA,NA,NA
sub-E60JGBTX,NA,NA,NA
sub-E63CUYZW,NA,NA,1
sub-E63ZENV2,NA,NA,NA
sub-E6D54XED,NA,NA,NA
sub-E6E13XJZ,NA,NA,NA
sub-E6ECWB2T,NA,NA,1
sub-E6JRKTBJ,NA,NA,1
sub-E6KKE4TT,NA,NA,1
sub-E6LJVFVY,NA,NA,NA
sub-E6T95560,NA,NA,NA
sub-E6YNKLXT,NA,NA,1
sub-E736Y9K5,NA,NA,1
sub-E75NTPTJ,NA,NA,NA
sub-E7869241,NA,NA,NA
sub-E7949ZLU,1,1,1
sub-E7A3LAAD,NA,NA,1
sub-E7CFEXUC,NA,NA,NA
sub-E7EG3Y66,NA,NA,NA
sub-E7ZTHWWW,NA,NA,NA
sub-E82EGZJB,NA,NA,NA
sub-E843DPZL,NA,NA,NA
sub-E85HG9YD,NA,NA,1
sub-E860RUUB,NA,NA,NA
sub-E89DPFY8,1,1,1
sub-E8DG7RVD,1,1,1
sub-E8FNCVCL,NA,NA,NA
sub-E8L48Y5N,NA,NA,NA
sub-E8L6WHAY,NA,NA,NA
sub-E8PCBGJ0,NA,NA,NA
sub-E8XYW32W,NA,NA,NA
sub-E92HH5DM,NA,NA,NA
sub-E9KNUZDH,NA,NA,NA
sub-E9M1UJ00,NA,NA,NA
sub-E9T75A4M,NA,NA,NA
sub-E9UPJ2ET,NA,NA,NA
sub-E9VXBRYU,1,1,1
sub-E9W5ZGMN,NA,NA,NA
sub-E9WF3YE7,NA,NA,NA
sub-EA2VND20,NA,NA,NA
sub-EA3K7P0F,NA,NA,NA
sub-EA7VZ2YU,NA,NA,NA
sub-EAEC49WA,NA,NA,NA
sub-EAH0VU8C,1,1,1
sub-EAK38TE7,NA,NA,NA
sub-EAKFA13T,NA,NA,1
sub-EANH4HXE,NA,NA,NA
sub-EAP0TNV8,NA,NA,NA
sub-EAY771YT,1,1,1
sub-EB59FX7V,NA,NA,NA
sub-EB5MXEXM,NA,NA,NA
sub-EB844BJA,NA,NA,NA
sub-EBCC48Y4,NA,NA,1
sub-EBFE32Z1,NA,NA,NA
sub-EBFULY5Y,1,1,1
sub-EBK5NFR3,NA,NA,1
sub-EBMR55XD,NA,NA,1
sub-EBRRMZY3,NA,NA,NA
sub-EBVE1NF9,NA,NA,1
sub-EBVXV8NL,NA,NA,NA
sub-EBYKBJ5Z,NA,NA,NA
sub-EC1NEE93,2,1,1
sub-EC2CN745,NA,NA,1
sub-EC4FTVA6,NA,NA,NA
sub-EC6F7NL7,NA,NA,NA
sub-EC7WAR53,1,1,1
sub-EC8X3JL7,NA,NA,NA
sub-ECC0UT5E,NA,NA,1
sub-ECDXKKY4,NA,NA,NA
sub-ECFADJPF,NA,NA,NA
sub-ECGB83RY,1,1,1
sub-ECM7TBEL,NA,NA,NA
sub-ECNC0CZP,NA,NA,NA
sub-ECNLRY0U,1,1,1
sub-ECNVZ5MT,NA,NA,1
sub-ECPRBR19,NA,NA,NA
sub-ECTME361,NA,NA,NA
sub-ECUVCZD9,NA,NA,1
sub-ED05HV5A,NA,NA,1
sub-ED2RMTP1,NA,NA,NA
sub-ED2XF3C4,1,1,1
sub-ED4GJ51W,1,1,1
sub-ED51W527,1,1,1
sub-ED7CA79P,NA,NA,NA
sub-ED8PDZLE,NA,NA,NA
sub-ED9YFTFB,NA,NA,1
sub-EDALBX5M,NA,NA,NA
sub-EDBGH2KG,NA,NA,1
sub-EDE0TXYZ,NA,NA,NA
sub-EDF5950W,NA,NA,NA
sub-EDLY2KYA,NA,NA,NA
sub-EDNJMEJ0,NA,NA,1
sub-EE19BRYA,NA,NA,1
sub-EE52ZTTG,NA,NA,NA
sub-EE6R9ATH,NA,NA,NA
sub-EE9A4993,NA,NA,NA
sub-EECTB567,NA,NA,NA
sub-EEEJ9XTB,NA,NA,NA
sub-EEGFEXUY,NA,NA,NA
sub-EERV77GP,NA,NA,NA
sub-EEVBDEC7,NA,NA,NA
sub-EEY2XYCA,NA,NA,1
sub-EF02CVNX,NA,NA,NA
sub-EF0X6LUC,NA,NA,NA
sub-EF0Z9NKP,NA,NA,NA
sub-EF2A6ATB,NA,NA,NA
sub-EF2EVE42,NA,NA,NA
sub-EF3A52CN,1,1,1
sub-EF5MBMJF,NA,NA,NA
sub-EFAV5D00,NA,NA,1
sub-EFCEPKCD,NA,NA,NA
sub-EFCVZYTR,NA,NA,NA
sub-EFEM89HR,NA,NA,NA
sub-EFMK5HUC,NA,NA,NA
sub-EFV8GUKC,NA,NA,1
sub-EFZDW1ZR,NA,NA,NA
sub-EG6ZN7VC,NA,NA,NA
sub-EG7V5UN3,NA,NA,NA
sub-EGCADPBF,NA,NA,NA
sub-EGCJDH40,NA,NA,1
sub-EGER8LYM,NA,NA,NA
sub-EGFEVU9N,NA,NA,NA
sub-EGHAHA0D,NA,NA,NA
sub-EGRH63PV,NA,NA,1
sub-EGZWYGFM,NA,NA,NA
sub-EH3T61EE,NA,NA,NA
sub-EH51X272,NA,NA,NA
sub-EH8JDNG3,NA,NA,NA
sub-EHDLCE0W,NA,NA,NA
sub-EHK3MYNR,NA,NA,NA
sub-EHLY59UX,NA,NA,NA
sub-EHM6WFDX,NA,NA,NA
sub-EHP8VX1B,NA,NA,1
sub-EHVK33X7,NA,NA,1
sub-EJ0L9HZA,1,1,1
sub-EJ1NL7U8,NA,NA,1
sub-EJ2BUCAH,NA,NA,1
sub-EJ8E4U10,NA,NA,1
sub-EJ8M7WJ8,NA,NA,NA
sub-EJHM574R,NA,NA,NA
sub-EJJGPBL3,NA,NA,NA
sub-EJXM20D6,NA,NA,NA
sub-EK4406ZW,NA,NA,NA
sub-EK63U4PJ,1,1,1
sub-EK7BN7Y4,NA,NA,NA
sub-EK9B02NP,NA,NA,NA
sub-EKJJFW9J,NA,NA,NA
sub-EKL2JGYR,NA,NA,NA
sub-EKN9FWNN,NA,NA,1
sub-EKRGXJZ0,NA,NA,NA
sub-EKUXNRB3,NA,NA,NA
sub-EKYG0E33,NA,NA,NA
sub-EKZEA71F,NA,NA,NA
sub-EL21AUAJ,NA,NA,NA
sub-EL2DU62H,NA,NA,NA
sub-EL7GGP0Y,NA,NA,1
sub-EL8GFR7G,1,1,1
sub-EL8YUZKU,NA,NA,NA
sub-ELCKPTGB,1,1,1
sub-ELJ01PAA,NA,NA,NA
sub-ELK0KFTA,NA,NA,NA
sub-ELPA917K,NA,NA,1
sub-ELT0XBV8,NA,NA,1
sub-ELUYAFWW,1,1,1
sub-ELW92005,NA,NA,NA
sub-EM2F38BY,NA,NA,NA
sub-EM76GN60,NA,NA,1
sub-EM9U5YCH,NA,NA,1
sub-EMTC5U0K,NA,NA,NA
sub-EMTG90C4,1,1,NA
sub-EMV4AHY1,NA,NA,NA
sub-EMZZZWB9,1,1,1
sub-EN1P5RFL,NA,NA,NA
sub-EN633MJR,NA,NA,1
sub-ENACF8VK,NA,NA,NA
sub-ENJV9P26,NA,NA,NA
sub-ENK3GEU3,NA,NA,NA
sub-ENKLYX1L,NA,NA,1
sub-ENLU0EN4,NA,NA,1
sub-ENV7F6EZ,NA,NA,1
sub-EP0DL4X4,NA,NA,NA
sub-EP4T9K93,NA,NA,NA
sub-EP6DZX2M,NA,NA,1
sub-EPDHTY87,NA,NA,NA
sub-EPEE5V5J,NA,NA,NA
sub-EPENTXVB,NA,NA,NA
sub-EPFAURHA,NA,NA,NA
sub-EPFT013C,1,1,1
sub-EPHMDB33,NA,NA,NA
sub-EPHNCTV0,NA,NA,NA
sub-EPM1GJ03,NA,NA,NA
sub-EPMR7U1F,1,1,1
sub-EPPVALP0,NA,NA,1
sub-EPPVZ4F9,NA,NA,NA
sub-EPU5X40H,NA,NA,NA
sub-EPV33CZJ,NA,NA,NA
sub-EPVBPNVU,NA,NA,NA
sub-ER3Y13P5,1,1,1
sub-ER4M9TW3,NA,NA,NA
sub-ERCR7XYW,NA,NA,NA
sub-ERNB4DT2,NA,NA,NA
sub-ERNFXT89,NA,NA,NA
sub-ERTEM0DZ,NA,NA,NA
sub-ERU8ZJKV,NA,NA,1
sub-ERWG31K7,NA,NA,1
sub-ET1RUD2W,1,1,1
sub-ET2UMV8G,NA,NA,NA
sub-ET4W53Z8,NA,NA,NA
sub-ET503WH4,NA,NA,1
sub-ET5DBKFV,1,1,1
sub-ET79HWRK,NA,NA,NA
sub-ETAJZCBP,NA,NA,1
sub-ETBY89H2,NA,NA,NA
sub-ETDKN8PJ,NA,NA,NA
sub-ETEZAGR2,1,1,1
sub-ETF368ZG,NA,NA,NA
sub-ETNDZFKZ,NA,NA,1
sub-ETNF2G44,NA,NA,NA
sub-ETR322Y3,NA,NA,1
sub-ETWT6P43,NA,NA,NA
sub-EU0LET8P,NA,NA,NA
sub-EU57U8JH,NA,NA,NA
sub-EU6H3VU0,NA,NA,1
sub-EU6NMEWP,NA,NA,NA
sub-EUF9CGA7,NA,NA,NA
sub-EUFTT1XU,NA,NA,1
sub-EUG9LNKF,NA,NA,NA
sub-EUL8X7PX,NA,NA,NA
sub-EUR2B638,NA,NA,NA
sub-EUWUAN42,NA,NA,NA
sub-EUXEFUP5,NA,NA,1
sub-EV1EYRCB,NA,NA,NA
sub-EV2TLTFZ,NA,NA,NA
sub-EV4ZUKCU,NA,NA,NA
sub-EV8YYACG,NA,NA,1
sub-EVC26KZ4,NA,NA,1
sub-EVFG8LC1,NA,NA,1
sub-EVGNLB2Y,NA,NA,NA
sub-EVN2CFJL,NA,NA,NA
sub-EVN5HV9V,NA,NA,NA
sub-EVR33BX3,NA,NA,NA
sub-EVXURKC9,NA,NA,NA
sub-EVXYPYFU,NA,NA,NA
sub-EW0CN0CD,NA,NA,1
sub-EW620A0B,NA,NA,NA
sub-EW9ZPKZK,NA,NA,1
sub-EWDP96RH,NA,NA,NA
sub-EWHRTRC2,NA,NA,1
sub-EWMZTM2M,NA,NA,NA
sub-EWXFHLKP,1,1,1
sub-EWYRM0KZ,1,1,1
sub-EX51JT1N,NA,NA,NA
sub-EXAKNZ18,NA,NA,1
sub-EXB1B45G,NA,NA,NA
sub-EXJ42WJT,NA,NA,NA
sub-EXMPT9GM,NA,NA,NA
sub-EXV8BJ4M,NA,NA,1
sub-EXWHLUB5,NA,NA,NA
sub-EY3GRANZ,NA,NA,NA
sub-EY4BB6R7,NA,NA,NA
sub-EY5NUHNA,NA,NA,NA
sub-EY67B030,NA,NA,NA
sub-EY7BLH33,NA,NA,NA
sub-EYANDC02,NA,NA,NA
sub-EYAX14LC,NA,NA,NA
sub-EYHJ6V3Z,NA,NA,NA
sub-EYKTM50X,NA,NA,1
sub-EYLZ9J7D,NA,NA,NA
sub-EYTXWY7X,NA,NA,NA
sub-EYXZ3PDP,NA,NA,1
sub-EZ910AGY,NA,NA,NA
sub-EZ9M70BX,NA,NA,NA
sub-EZB0PEEF,NA,NA,NA
sub-EZE3Z53R,NA,NA,NA
sub-EZHEHCR4,NA,NA,NA
sub-EZNGVY2P,NA,NA,NA
sub-EZR60E9U,NA,NA,NA
sub-EZWRNA3Y,NA,NA,NA
sub-EZXL2KXT,NA,NA,1
sub-EZZEG295,NA,NA,1
sub-F00P4A2L,NA,NA,NA
sub-F039FKEV,1,1,1
sub-F08DPWLT,NA,NA,NA
sub-F0C17HWX,NA,NA,NA
sub-F0C1XLZD,NA,NA,1
sub-F0G439YW,NA,NA,NA
sub-F0GZLPC2,NA,NA,1
sub-F0KJB1P2,NA,NA,1
sub-F0XCUZN6,1,1,1
sub-F0ZZ96XL,NA,NA,NA
sub-F10GU9K6,NA,NA,1
sub-F1585TVY,NA,NA,NA
sub-F15Z4WLL,NA,NA,NA
sub-F19EHX8V,NA,NA,NA
sub-F19VWPA1,NA,NA,NA
sub-F1B8U3G5,NA,NA,1
sub-F1E6TJJ9,NA,NA,NA
sub-F1HX2W45,NA,NA,1
sub-F1JR8615,1,1,1
sub-F1L01D94,NA,NA,1
sub-F1T3HWCV,NA,NA,NA
sub-F1TB9CPJ,NA,NA,NA
sub-F1W2BTPZ,NA,NA,NA
sub-F1XKPBT6,NA,NA,1
sub-F20K5ZNE,NA,NA,NA
sub-F26CU0X0,NA,NA,NA
sub-F28KN8WU,NA,NA,NA
sub-F2BU99TZ,1,1,1
sub-F2KR1Y5T,NA,NA,NA
sub-F2PT8GN5,NA,NA,NA
sub-F3A5KFBX,NA,NA,NA
sub-F3EWHDJR,NA,NA,NA
sub-F3FYXH1G,NA,NA,NA
sub-F3MPP1ZN,NA,NA,1
sub-F3NXEU7J,NA,NA,NA
sub-F3R0FGHL,1,1,1
sub-F3RDG1N2,NA,NA,1
sub-F3TR916K,NA,NA,NA
sub-F3V98C81,1,1,1
sub-F3XULUFD,NA,NA,NA
sub-F3Y1JRRP,NA,NA,1
sub-F3YGVG6M,NA,NA,NA
sub-F3Z2K76G,NA,NA,1
sub-F40W150V,NA,NA,NA
sub-F41DEHAC,NA,NA,NA
sub-F46ZBBVA,NA,NA,1
sub-F4ADZ6G5,NA,NA,NA
sub-F4G76BRL,NA,NA,NA
sub-F4HCTG43,NA,NA,NA
sub-F4NKLBXV,NA,NA,NA
sub-F4P23JMZ,NA,NA,NA
sub-F4PLLUF8,NA,NA,NA
sub-F4Z1R5WK,NA,NA,1
sub-F504BFVB,NA,NA,NA
sub-F53AN12Z,NA,NA,NA
sub-F548JWWW,NA,NA,NA
sub-F58CLY07,NA,NA,NA
sub-F59ZM3ZJ,NA,NA,1
sub-F5AE11V8,NA,NA,NA
sub-F5G6PA74,NA,NA,NA
sub-F5G7EUP1,NA,NA,NA
sub-F5GC1Z80,NA,NA,NA
sub-F5JAU1UT,NA,NA,NA
sub-F5JET3CJ,1,1,1
sub-F5PMDLB4,NA,NA,NA
sub-F5R46XKV,NA,NA,NA
sub-F5TKJL3R,NA,NA,NA
sub-F5XUX115,NA,NA,NA
sub-F5YHY0Z0,NA,NA,1
sub-F60M393G,NA,NA,NA
sub-F61FJ1XR,NA,NA,NA
sub-F61PL8NR,1,1,1
sub-F6553H6E,NA,NA,NA
sub-F65R9VTJ,NA,NA,NA
sub-F6784XR4,NA,NA,NA
sub-F68FFNZG,NA,NA,NA
sub-F6BJCNW6,NA,NA,NA
sub-F6DCPCJ0,NA,NA,NA
sub-F6FNZP8T,NA,NA,NA
sub-F6JGRMBP,NA,NA,NA
sub-F6MPJW7M,NA,NA,NA
sub-F6ZPU6YK,NA,NA,NA
sub-F719R612,NA,NA,NA
sub-F71CL4P2,NA,NA,NA
sub-F72J4L68,NA,NA,NA
sub-F735JEHL,NA,NA,NA
sub-F74AJ43P,NA,NA,1
sub-F76ZR3W2,NA,NA,NA
sub-F79B3KEU,NA,NA,1
sub-F7AUUWC6,NA,NA,NA
sub-F7E957WL,1,1,1
sub-F7F6URTR,NA,NA,NA
sub-F7G1YTJV,NA,NA,NA
sub-F7K681U5,1,1,1
sub-F7RLL816,NA,NA,NA
sub-F7TYWYV2,NA,NA,NA
sub-F7UTX830,NA,NA,NA
sub-F7XD8336,NA,NA,NA
sub-F858E5X6,NA,NA,NA
sub-F86XUHXD,NA,NA,NA
sub-F894WBDM,NA,NA,1
sub-F8GDZ06Y,NA,NA,NA
sub-F8GWYLW5,NA,NA,NA
sub-F8M7HCCK,NA,NA,NA
sub-F8T2UPP4,NA,NA,NA
sub-F8WF9476,NA,NA,NA
sub-F8Z5L5BK,1,1,1
sub-F9053E6V,NA,NA,NA
sub-F9496V9W,1,1,1
sub-F96WG0CG,NA,NA,NA
sub-F99CJ6A0,NA,NA,1
sub-F9AA4D38,NA,NA,1
sub-F9DYBC4U,NA,NA,NA
sub-F9KVX7JE,NA,NA,NA
sub-F9LU8GW8,NA,NA,NA
sub-F9RGL53U,NA,NA,NA
sub-F9U3MCN7,NA,NA,NA
sub-F9V1PJH4,NA,NA,1
sub-F9XMG0N0,1,1,NA
sub-F9XWPX7P,NA,NA,NA
sub-F9ZWE4J9,NA,NA,1
sub-FA0DV854,NA,NA,1
sub-FA0MG9VF,NA,NA,1
sub-FA2VZJ0H,NA,NA,NA
sub-FA37LXB3,NA,NA,NA
sub-FA3PW5BW,NA,NA,NA
sub-FA643HU5,NA,NA,NA
sub-FA7A0BZ3,NA,NA,NA
sub-FA7TAR0L,NA,NA,1
sub-FAB59JPF,NA,NA,NA
sub-FAFNLCWD,NA,NA,NA
sub-FAFY497H,2,1,1
sub-FAKM0Y7X,NA,NA,NA
sub-FAL2YLLP,1,1,1
sub-FAM4RN2C,1,1,1
sub-FAMRPW9C,NA,NA,NA
sub-FAUYWJ39,NA,NA,NA
sub-FAYT4PA6,NA,NA,NA
sub-FAYYH7CJ,NA,NA,NA
sub-FAZN3GRJ,NA,NA,NA
sub-FB03XKRE,NA,NA,NA
sub-FB1H93PN,NA,NA,NA
sub-FB252NMF,NA,NA,NA
sub-FB2YC0F5,NA,NA,NA
sub-FB646F8R,NA,NA,NA
sub-FB9M4ZBX,NA,NA,NA
sub-FBD5A7P9,NA,NA,NA
sub-FBE9UXHG,1,1,NA
sub-FBEG8E1Z,NA,NA,1
sub-FBHD500G,NA,NA,NA
sub-FBKHE2PK,NA,NA,NA
sub-FBL5N49H,NA,NA,NA
sub-FBRPT56J,NA,NA,NA
sub-FBU7WX6N,NA,NA,NA
sub-FBV98M5D,1,1,1
sub-FC0XL0E1,NA,NA,1
sub-FC12GLF0,1,1,1
sub-FC17LMLZ,NA,NA,NA
sub-FC1UCXDW,NA,NA,NA
sub-FC3UW2LX,NA,NA,1
sub-FC8MZRJA,NA,NA,NA
sub-FCDUAV74,1,1,1
sub-FCE2XV3L,NA,NA,NA
sub-FCGPVMUP,NA,NA,NA
sub-FCJYVJEY,NA,NA,NA
sub-FCLB0ERE,NA,NA,NA
sub-FCN9U0EN,1,1,1
sub-FCVZ66WZ,NA,NA,NA
sub-FD0FRKNT,NA,NA,NA
sub-FD34548C,NA,NA,NA
sub-FD5FBUC7,NA,NA,NA
sub-FD69AWTA,NA,NA,NA
sub-FD93F59C,NA,NA,1
sub-FD9X0A8E,NA,NA,NA
sub-FDCGB66W,1,1,NA
sub-FDHJC32H,NA,NA,NA
sub-FDM0PRRA,NA,NA,NA
sub-FDU2XP47,NA,NA,NA
sub-FDUYJP8Z,NA,NA,NA
sub-FDWXNB9B,NA,NA,1
sub-FE2BKCND,NA,NA,NA
sub-FE5VTN03,NA,NA,NA
sub-FE7U8CVF,NA,NA,1
sub-FE9E90ZH,NA,NA,NA
sub-FEAE6H0K,NA,NA,NA
sub-FEFFUF2J,NA,NA,1
sub-FEKGBDCL,NA,NA,1
sub-FEL8XU1V,NA,NA,NA
sub-FER29RGF,1,1,1
sub-FF01R0CH,NA,NA,NA
sub-FF0AUTMG,NA,NA,NA
sub-FF1FE8EN,NA,NA,1
sub-FF1W5WM0,NA,NA,NA
sub-FF2DJENX,1,1,1
sub-FF516WUR,1,1,NA
sub-FF635G4N,NA,NA,NA
sub-FFG2LPV0,NA,NA,NA
sub-FFK2LWBF,NA,NA,NA
sub-FFU82K74,NA,NA,NA
sub-FG7PAZD7,1,1,1
sub-FG9UNK15,NA,NA,1
sub-FGGFCCWJ,NA,NA,NA
sub-FGGKCL3V,NA,NA,NA
sub-FGMBVN9X,NA,NA,1
sub-FGMD8WD1,NA,NA,NA
sub-FGTCNK4K,NA,NA,NA
sub-FGWDM502,NA,NA,NA
sub-FGYL7250,NA,NA,NA
sub-FH0C5YY8,NA,NA,NA
sub-FH0UN282,NA,NA,NA
sub-FH450BA7,NA,NA,NA
sub-FH4MDTK5,NA,NA,NA
sub-FH4ZYJY6,NA,NA,1
sub-FH79L58P,NA,NA,NA
sub-FHBKW2VL,NA,NA,NA
sub-FHBXTPK5,1,1,1
sub-FHC1PWLE,NA,NA,NA
sub-FHF15G0J,NA,NA,NA
sub-FHHXU5T4,NA,NA,NA
sub-FHK5JU5E,1,1,1
sub-FHKMZUZ5,NA,NA,1
sub-FHNEW93L,NA,NA,NA
sub-FHUW50NF,NA,NA,NA
sub-FJ2WR5PF,NA,NA,1
sub-FJ47RZ0M,NA,NA,1
sub-FJ488JJY,NA,NA,1
sub-FJAEBAJX,NA,NA,1
sub-FJANMBLW,NA,NA,NA
sub-FJC18PGG,NA,NA,NA
sub-FJEW218J,NA,NA,NA
sub-FJH3K335,NA,NA,NA
sub-FJJPAA2A,1,1,1
sub-FJLN9GJA,NA,NA,NA
sub-FJM888KZ,NA,NA,NA
sub-FJP3171C,NA,NA,NA
sub-FJTY1HTY,NA,NA,NA
sub-FJVMZ2D6,NA,NA,NA
sub-FK3DP5LR,NA,NA,NA
sub-FK3LV5VU,NA,NA,NA
sub-FK4HG4H6,NA,NA,NA
sub-FKFN7X0T,1,1,NA
sub-FKJ3HUBM,NA,NA,1
sub-FKJ7BN1Y,NA,NA,NA
sub-FKTJNMWU,NA,NA,NA
sub-FKUYV9K4,NA,NA,NA
sub-FL02R0H4,NA,NA,NA
sub-FL7U8P81,NA,NA,NA
sub-FLA7T3CM,NA,NA,NA
sub-FLCZ4FD7,NA,NA,NA
sub-FLEN32ED,1,1,1
sub-FLEXAF2P,1,1,1
sub-FLGC9XLH,NA,NA,NA
sub-FLGFBYD2,NA,NA,1
sub-FLL0YDNF,NA,NA,NA
sub-FLP37NUM,NA,NA,NA
sub-FLPJWCHN,NA,NA,1
sub-FLUR44J7,NA,NA,NA
sub-FLVCCKDN,NA,NA,NA
sub-FM186DJL,NA,NA,NA
sub-FM6CBFTY,NA,NA,1
sub-FM8FB6B7,NA,NA,NA
sub-FMBDTV7Z,1,1,1
sub-FMCMJ0X2,NA,NA,NA
sub-FMFM01J8,NA,NA,NA
sub-FMHWAFKJ,NA,NA,NA
sub-FMJCXXYX,NA,NA,NA
sub-FMV7H24T,NA,NA,NA
sub-FN0UUKK3,NA,NA,NA
sub-FN5R8C4D,NA,NA,NA
sub-FN8AVY82,NA,NA,NA
sub-FNCXC6GH,NA,NA,NA
sub-FNERG0W1,NA,NA,NA
sub-FNFNACAZ,NA,NA,NA
sub-FNH524U3,NA,NA,1
sub-FNLPH1NV,NA,NA,NA
sub-FNTYG8BX,NA,NA,NA
sub-FP0XG9V9,NA,NA,1
sub-FP0ZD9PP,NA,NA,NA
sub-FP26FE4K,NA,NA,NA
sub-FP6B90MX,NA,NA,1
sub-FP7WAK5D,NA,NA,NA
sub-FP8B264R,NA,NA,NA
sub-FPAA164W,NA,NA,1
sub-FPC3YFJZ,NA,NA,1
sub-FPDTRJ0D,NA,NA,NA
sub-FPDZ4C13,NA,NA,NA
sub-FPEWC40T,NA,NA,NA
sub-FPFM6B57,NA,NA,NA
sub-FPG0VGT4,NA,NA,1
sub-FPLM1B6G,1,1,NA
sub-FPTEF8H9,2,1,NA
sub-FPX9E85L,NA,NA,NA
sub-FPXXMVAT,NA,NA,NA
sub-FR2DW1WV,NA,NA,1
sub-FR8HM2WT,NA,NA,1
sub-FR8VJPEX,NA,NA,1
sub-FR9N4HJY,NA,NA,1
sub-FRD95FDC,NA,NA,NA
sub-FRJ6LFD5,NA,NA,NA
sub-FRRR1UGL,NA,NA,NA
sub-FRT17LW2,NA,NA,NA
sub-FRT7F0C9,1,1,1
sub-FRW1F9MA,NA,NA,NA
sub-FRW3A0M2,NA,NA,NA
sub-FRZNZGWR,NA,NA,NA
sub-FT0UZ37W,NA,NA,1
sub-FT8JL0KV,NA,NA,1
sub-FT8XPNW8,NA,NA,NA
sub-FTCMGAD3,1,1,1
sub-FTEDMTCZ,NA,NA,NA
sub-FTJ00JVU,1,1,1
sub-FTKHAA7R,NA,NA,NA
sub-FTL7AL99,NA,NA,NA
sub-FTMK8040,NA,NA,NA
sub-FU3NBCDA,1,1,1
sub-FU4DU4MU,NA,NA,NA
sub-FU4GY5DE,NA,NA,1
sub-FUH19LTF,NA,NA,1
sub-FUL1CNV5,NA,NA,1
sub-FUMACGW8,NA,NA,1
sub-FUMZH19F,NA,NA,NA
sub-FUZWJMH9,NA,NA,1
sub-FV0JWJ60,NA,NA,NA
sub-FV0NBDHW,NA,NA,NA
sub-FV1BAUYW,NA,NA,1
sub-FVA3F0UW,NA,NA,NA
sub-FVBUVXGF,NA,NA,NA
sub-FVCM2D5L,NA,NA,NA
sub-FVFMMHD7,NA,NA,NA
sub-FVK6MXVG,NA,NA,1
sub-FVKBTZUT,NA,NA,NA
sub-FVKL3D0C,1,1,1
sub-FVN56Y3J,NA,NA,NA
sub-FVP5BP99,NA,NA,NA
sub-FVPJVUJZ,NA,NA,NA
sub-FVT2Z4U9,NA,NA,1
sub-FVXF1HTH,NA,NA,NA
sub-FVY5PYH7,NA,NA,NA
sub-FW1JLGDT,NA,NA,NA
sub-FWC6LDUD,NA,NA,NA
sub-FWF61N9N,1,1,1
sub-FWFC9K4K,NA,NA,NA
sub-FWJH6JJK,NA,NA,NA
sub-FWLC8Z8K,NA,NA,1
sub-FWMHMK0A,NA,NA,NA
sub-FWR9TP0V,NA,NA,NA
sub-FWU0HW96,NA,NA,1
sub-FWYFBEK0,NA,NA,NA
sub-FX004DUH,NA,NA,NA
sub-FX2LPCN8,NA,NA,NA
sub-FX6XRA82,1,1,1
sub-FX83EZC7,NA,NA,NA
sub-FX9F9REG,NA,NA,NA
sub-FXBFWCR0,NA,NA,NA
sub-FXBP5YUC,NA,NA,1
sub-FXC7A0T2,NA,NA,NA
sub-FXF7552N,NA,NA,NA
sub-FXG8A4V4,1,1,1
sub-FXG8Z1V0,NA,NA,1
sub-FXLHXVKE,NA,NA,NA
sub-FXNJFKE2,NA,NA,NA
sub-FXY9NVJE,NA,NA,1
sub-FY2JWCBT,NA,NA,NA
sub-FY2VY166,NA,NA,NA
sub-FY31ZKY7,NA,NA,NA
sub-FY7E3ZGA,NA,NA,1
sub-FY89NVRT,NA,NA,NA
sub-FYDAK53G,NA,NA,NA
sub-FYEE30PX,NA,NA,NA
sub-FYK5K5G7,NA,NA,1
sub-FYNEZGWE,NA,NA,NA
sub-FYPMHB9X,NA,NA,NA
sub-FYRF6WEB,NA,NA,NA
sub-FYT4DP3T,NA,NA,NA
sub-FYUU1CWH,NA,NA,NA
sub-FYWWBYZH,NA,NA,NA
sub-FZ16A6M3,NA,NA,NA
sub-FZ1W3N0D,NA,NA,NA
sub-FZ4F6Y38,1,1,1
sub-FZ7AMNW3,NA,NA,NA
sub-FZ7B9KJ8,1,1,1
sub-FZ7T2G2T,1,1,1
sub-FZ8BBNJK,1,1,1
sub-FZ97ZA0Z,NA,NA,NA
sub-FZ9KMK9H,1,1,1
sub-FZC8ZGMR,1,1,1
sub-FZCKB9W4,NA,NA,NA
sub-FZDYMM0B,NA,NA,NA
sub-FZFYY9KA,NA,NA,NA
sub-FZPVDAUG,NA,NA,1
sub-FZVU8EG1,NA,NA,1
sub-FZY230ME,NA,NA,NA
sub-G00KTZDF,NA,NA,NA
sub-G026P1C9,1,1,1
sub-G04AEYYX,NA,NA,1
sub-G059BTMJ,NA,NA,NA
sub-G08VWT16,NA,NA,NA
sub-G09U8D04,NA,NA,NA
sub-G0E0L3HV,NA,NA,NA
sub-G0F3TJPW,NA,NA,1
sub-G0GY52R2,NA,NA,1
sub-G0JDZF1A,NA,NA,1
sub-G0K2DRXF,NA,NA,1
sub-G0MXBE3C,1,1,1
sub-G0PD8MBV,NA,NA,NA
sub-G0RKD2YC,NA,NA,NA
sub-G0XX710G,NA,NA,NA
sub-G0ZNL58U,NA,NA,NA
sub-G11M1GG5,NA,NA,NA
sub-G1319K4E,1,1,1
sub-G13L2THF,NA,NA,NA
sub-G16RFRXX,NA,NA,NA
sub-G19M2F39,NA,NA,NA
sub-G1CR55JE,1,1,1
sub-G1HPL4C5,NA,NA,NA
sub-G1TXFJX2,NA,NA,NA
sub-G1TZPP2K,NA,NA,NA
sub-G1U31EWC,NA,NA,1
sub-G1ZW4G9G,NA,NA,NA
sub-G22CUD0M,NA,NA,NA
sub-G231DCYX,NA,NA,NA
sub-G2535VYH,NA,NA,NA
sub-G25GUYN2,2,1,1
sub-G25VMDZ4,NA,NA,NA
sub-G269TZZX,NA,NA,NA
sub-G270KBWC,NA,NA,NA
sub-G29BXF0A,NA,NA,NA
sub-G2H30ATD,NA,NA,1
sub-G2JBNHEP,NA,NA,NA
sub-G2K6ZE55,NA,NA,NA
sub-G2LH1Y7Z,NA,NA,NA
sub-G2MCMYGW,NA,NA,NA
sub-G2P3W364,NA,NA,NA
sub-G2PGTD44,NA,NA,1
sub-G2RXUFF1,NA,NA,NA
sub-G2ZHGAWM,NA,NA,1
sub-G30UMJTC,NA,NA,1
sub-G31B74F8,NA,NA,NA
sub-G34R2R84,NA,NA,NA
sub-G34U0PZU,NA,NA,1
sub-G3C90H0L,NA,NA,1
sub-G3C96BLD,NA,NA,1
sub-G3LY0X86,NA,NA,NA
sub-G3MW0943,NA,NA,NA
sub-G3RUAU07,NA,NA,1
sub-G40TP4HF,NA,NA,NA
sub-G429P74M,NA,NA,NA
sub-G47HFECU,NA,NA,NA
sub-G48P9551,NA,NA,NA
sub-G4GPJ9B6,NA,NA,NA
sub-G4H2C4EH,NA,NA,1
sub-G4HBU1Y0,NA,NA,NA
sub-G4LNRMF9,NA,NA,NA
sub-G4UMNRWB,NA,NA,NA
sub-G4VG9M98,NA,NA,NA
sub-G4Y3RT8P,NA,NA,1
sub-G4ZUCJ38,NA,NA,NA
sub-G51E0KVR,NA,NA,1
sub-G545NFAE,NA,NA,NA
sub-G55HTLK3,NA,NA,NA
sub-G5GPKJ4N,NA,NA,NA
sub-G5M25E6R,NA,NA,NA
sub-G5PC310E,NA,NA,NA
sub-G5PJ5J8K,NA,NA,NA
sub-G5V1RRFA,1,1,1
sub-G5XLB72Y,NA,NA,NA
sub-G66DDVRA,NA,NA,NA
sub-G6BPNLWU,NA,NA,NA
sub-G6JBZCCD,NA,NA,NA
sub-G6L0N3UR,NA,NA,1
sub-G6NB3W1G,NA,NA,1
sub-G6T52WLK,NA,NA,NA
sub-G6VRYVW0,NA,NA,1
sub-G6WRD4X4,NA,NA,NA
sub-G6XAK90E,NA,NA,1
sub-G72BHGNU,NA,NA,NA
sub-G758EVT9,NA,NA,NA
sub-G792PE9P,NA,NA,NA
sub-G7B119A0,NA,NA,1
sub-G7BRDFU8,NA,NA,NA
sub-G7CCLJNX,NA,NA,NA
sub-G7DT8J7N,NA,NA,1
sub-G7E3X79T,1,1,NA
sub-G7GR26KK,1,1,1
sub-G7MJ6VJM,NA,NA,NA
sub-G7MRAV6G,NA,NA,NA
sub-G7PZ6R7T,NA,NA,NA
sub-G7TMENCV,NA,NA,1
sub-G7UNU2FK,NA,NA,1
sub-G7XE917X,NA,NA,NA
sub-G83HUDJ5,NA,NA,NA
sub-G86EJHZD,NA,NA,NA
sub-G88720Z7,NA,NA,NA
sub-G8958BBH,NA,NA,NA
sub-G8990TE7,NA,NA,NA
sub-G8B9LC6Y,NA,NA,NA
sub-G8JBY950,NA,NA,NA
sub-G8K37NDD,NA,NA,NA
sub-G8NL3R9N,1,1,1
sub-G8RB25N1,NA,NA,1
sub-G8VWC1TN,NA,NA,1
sub-G8X99FC9,NA,NA,NA
sub-G91T2JF8,NA,NA,NA
sub-G92MKEDR,NA,NA,NA
sub-G957G5YY,NA,NA,NA
sub-G97EBXTL,NA,NA,1
sub-G9JGX9UJ,NA,NA,NA
sub-G9KR5UXZ,NA,NA,NA
sub-G9MENY7V,NA,NA,NA
sub-G9P444MX,NA,NA,NA
sub-G9T6CBP9,NA,NA,NA
sub-G9U18UHH,NA,NA,NA
sub-G9W26JX4,NA,NA,NA
sub-GA33T3P5,1,1,1
sub-GA7FUCGA,NA,NA,NA
sub-GA8XJ9W5,NA,NA,NA
sub-GA9CN12W,NA,NA,NA
sub-GAFB8D70,NA,NA,NA
sub-GAH8483T,NA,NA,NA
sub-GAKHNMUU,NA,NA,1
sub-GALZWY31,NA,NA,1
sub-GATRWLZY,NA,NA,NA
sub-GAYGT0LJ,NA,NA,NA
sub-GB1LBZ5W,NA,NA,NA
sub-GB21KKU9,NA,NA,NA
sub-GB26JEH6,NA,NA,NA
sub-GB95PJTK,NA,NA,NA
sub-GB9TAJZ8,NA,NA,1
sub-GBLP7T9X,NA,NA,1
sub-GBTLTG2G,NA,NA,NA
sub-GBTXFJC6,1,1,1
sub-GBUMHM8K,NA,NA,1
sub-GBXJFCXY,NA,NA,NA
sub-GBZ5CM79,NA,NA,NA
sub-GBZEWNU8,NA,NA,NA
sub-GC4RRGD2,NA,NA,NA
sub-GC7NCM6H,1,1,1
sub-GC8JKB63,NA,NA,1
sub-GCB4B9ET,NA,NA,NA
sub-GCDY2UAK,NA,NA,NA
sub-GCFRP15A,NA,NA,1
sub-GCK54ERY,NA,NA,1
sub-GCL0XR2C,NA,NA,NA
sub-GCPTFXEV,1,1,1
sub-GCRW4PDT,NA,NA,NA
sub-GCWWLH04,NA,NA,NA
sub-GCZFBJ6B,1,1,1
sub-GD1EZA7B,NA,NA,1
sub-GD3DDK38,NA,NA,NA
sub-GD45AN4V,NA,NA,NA
sub-GD58W5N0,NA,NA,NA
sub-GD6JWJWD,NA,NA,NA
sub-GD7X7HAX,NA,NA,NA
sub-GD8NMY0B,1,1,1
sub-GDD473JJ,NA,NA,NA
sub-GDDJLHJ5,1,1,1
sub-GDJR5U4A,NA,NA,NA
sub-GDX7FYYH,NA,NA,NA
sub-GE15ZEP5,NA,NA,1
sub-GE320R1H,1,1,1
sub-GE3NT7ZK,NA,NA,NA
sub-GEBCYD1G,NA,NA,NA
sub-GEBV73N8,NA,NA,1
sub-GEBYNHG3,1,1,1
sub-GECVZYV4,NA,NA,NA
sub-GEHCD5AD,NA,NA,NA
sub-GEMRDDWL,NA,NA,1
sub-GEUD7WNN,NA,NA,NA
sub-GF5M5HN2,NA,NA,NA
sub-GF6M43VF,NA,NA,NA
sub-GF8CXXED,NA,NA,NA
sub-GFA6CWH3,NA,NA,NA
sub-GFA8E732,1,1,1
sub-GFB2AURV,NA,NA,1
sub-GFCRX7YW,NA,NA,NA
sub-GFDAJHHZ,NA,NA,1
sub-GFDT73J0,NA,NA,1
sub-GFGFUH9T,1,1,1
sub-GFH7TNNH,NA,NA,NA
sub-GFLA5X8W,NA,NA,NA
sub-GFM1YUKG,NA,NA,NA
sub-GFRL1TJF,NA,NA,NA
sub-GFUN3HWY,NA,NA,NA
sub-GG19UZTY,NA,NA,NA
sub-GG6CEFZP,NA,NA,NA
sub-GG87HRBT,NA,NA,NA
sub-GGDFBWCL,NA,NA,NA
sub-GGJJVCTG,NA,NA,1
sub-GGJN5YUR,NA,NA,NA
sub-GGLZ1NPJ,1,1,1
sub-GGTAVRP3,NA,NA,1
sub-GGTCPFBU,NA,NA,NA
sub-GGWR0CHT,NA,NA,1
sub-GGZ80H14,NA,NA,NA
sub-GH27THFL,NA,NA,1
sub-GH562UEB,NA,NA,NA
sub-GH5DHURH,NA,NA,NA
sub-GH70J8FC,NA,NA,NA
sub-GH9BLP1B,NA,NA,NA
sub-GHEAY9XB,NA,NA,NA
sub-GHKZJAH9,NA,NA,NA
sub-GHL1WZCU,NA,NA,NA
sub-GJ27R29V,NA,NA,NA
sub-GJ344XYV,NA,NA,NA
sub-GJ465HAT,NA,NA,NA
sub-GJB4RF9G,NA,NA,NA
sub-GJF2VDBE,NA,NA,NA
sub-GJFEZAEG,NA,NA,NA
sub-GJMJAZ5P,NA,NA,NA
sub-GJPM6GV9,NA,NA,NA
sub-GJZE0X5U,NA,NA,NA
sub-GJZLZ4M6,NA,NA,NA
sub-GK0U56AG,NA,NA,1
sub-GK2BKPLT,NA,NA,1
sub-GK9ACPNW,NA,NA,1
sub-GKARWYND,NA,NA,NA
sub-GKT12ZAH,NA,NA,NA
sub-GKUP6C90,NA,NA,NA
sub-GKYBATFU,NA,NA,1
sub-GL08BW0W,NA,NA,1
sub-GL0WL2EN,NA,NA,NA
sub-GL3ZGV38,NA,NA,NA
sub-GL5PNTK7,NA,NA,NA
sub-GL730ZLT,NA,NA,NA
sub-GLGJ3Y8X,NA,NA,NA
sub-GLL8G9PW,1,1,1
sub-GLM2JGDD,NA,NA,NA
sub-GLNY79U6,NA,NA,NA
sub-GLRAHCZN,NA,NA,NA
sub-GLRTPTNN,NA,NA,NA
sub-GLTMA4LA,NA,NA,NA
sub-GM5D6MEW,1,1,1
sub-GM7YJH08,NA,NA,NA
sub-GMC8M2DC,NA,NA,1
sub-GMCEHMN0,NA,NA,NA
sub-GMFL6ATJ,NA,NA,NA
sub-GMGNXAV7,1,1,1
sub-GMJ49GCH,NA,NA,NA
sub-GMJ7KA11,NA,NA,NA
sub-GML3D6HN,NA,NA,NA
sub-GMRMU1HU,NA,NA,1
sub-GMVWPXD7,NA,NA,NA
sub-GMXJ0X9K,2,1,1
sub-GMXWG7WT,NA,NA,NA
sub-GMYU4GT3,1,1,1
sub-GMZBFT9W,NA,NA,NA
sub-GN20EAHW,NA,NA,NA
sub-GN54BJA4,1,1,1
sub-GN73K7M2,NA,NA,NA
sub-GNBTJYEB,NA,NA,NA
sub-GNHB07CM,NA,NA,NA
sub-GNHMJJTD,NA,NA,1
sub-GNJ6E24L,NA,NA,NA
sub-GNJP9VJE,NA,NA,1
sub-GNKUYWNE,NA,NA,NA
sub-GNPD1GHE,NA,NA,NA
sub-GNV4HC7G,NA,NA,1
sub-GNV5ZKU4,1,1,1
sub-GP0KJLU3,NA,NA,NA
sub-GP88W2WM,NA,NA,1
sub-GPBCUX69,NA,NA,1
sub-GPCCUN0J,NA,NA,1
sub-GPF6X87H,NA,NA,1
sub-GPH4CP68,NA,NA,1
sub-GPLJDFMK,NA,NA,NA
sub-GPLYJB8P,NA,NA,NA
sub-GPPBRH6H,NA,NA,NA
sub-GPPUVVG4,1,1,1
sub-GR223RR6,NA,NA,NA
sub-GR2EX4NH,NA,NA,1
sub-GR6LPB7F,NA,NA,NA
sub-GR764V5U,NA,NA,NA
sub-GR9UK9P6,NA,NA,NA
sub-GRKWJ3ET,NA,NA,NA
sub-GRREN8LB,NA,NA,NA
sub-GRUU9VE8,NA,NA,NA
sub-GRZPCR43,NA,NA,NA
sub-GT4WJT38,NA,NA,NA
sub-GT7N45VY,NA,NA,1
sub-GT92D3H6,NA,NA,NA
sub-GTA43HWT,NA,NA,NA
sub-GTA6ENJ9,NA,NA,NA
sub-GTD851EL,NA,NA,NA
sub-GTFA77XH,NA,NA,NA
sub-GTKYE3LD,NA,NA,NA
sub-GTLHXWHH,1,1,1
sub-GTVKTXXU,NA,NA,NA
sub-GU0XFNRV,NA,NA,NA
sub-GU3ADLYR,1,1,1
sub-GUAT6C5H,NA,NA,1
sub-GUBG700J,1,1,1
sub-GUEFFMBB,1,1,NA
sub-GUGEVCM0,NA,NA,NA
sub-GUNAAG7E,NA,NA,1
sub-GUV425PH,1,1,1
sub-GUWJN86W,NA,NA,NA
sub-GV3FU512,NA,NA,1
sub-GV5N5P10,NA,NA,NA
sub-GV6LZX0T,1,1,1
sub-GV7AT23A,NA,NA,NA
sub-GVAR0AFB,NA,NA,NA
sub-GVC01P7F,NA,NA,NA
sub-GVDCETLW,NA,NA,NA
sub-GVJG7AME,NA,NA,NA
sub-GVLXVC7X,NA,NA,NA
sub-GVMFM94R,NA,NA,NA
sub-GVPKCHTB,1,1,1
sub-GVPPRTDN,NA,NA,1
sub-GVRPRU0L,NA,NA,NA
sub-GVW71W09,NA,NA,NA
sub-GW6CFXWJ,1,1,1
sub-GW77XDKC,NA,NA,NA
sub-GW88GH5L,NA,NA,NA
sub-GW9JJCEB,1,1,1
sub-GWF3GZ8C,NA,NA,NA
sub-GWG4RUR9,NA,NA,NA
sub-GWGVANWJ,1,1,1
sub-GWHUZZZC,NA,NA,NA
sub-GWJZ3U48,NA,NA,NA
sub-GWU8NVGR,NA,NA,1
sub-GWVK97F4,NA,NA,NA
sub-GX2KR8D2,NA,NA,NA
sub-GX6XFWRU,NA,NA,NA
sub-GXB5Z3TF,NA,NA,NA
sub-GXCZ2ELG,NA,NA,1
sub-GXEFPU6Y,NA,NA,1
sub-GXEX8Z13,NA,NA,1
sub-GXJCR6C7,NA,NA,1
sub-GXKPLJZC,NA,NA,NA
sub-GXLA7YG5,1,1,1
sub-GXLKFNXZ,NA,NA,NA
sub-GXU8LUL5,NA,NA,NA
sub-GXUMDLPL,NA,NA,1
sub-GXVPLMG7,NA,NA,1
sub-GY0PW5XA,NA,NA,NA
sub-GY4WAXPR,NA,NA,NA
sub-GY65ZZBV,NA,NA,NA
sub-GY8VBRN0,NA,NA,1
sub-GY9L0FCK,NA,NA,NA
sub-GYEKLK44,NA,NA,NA
sub-GYHXT5DV,NA,NA,1
sub-GYPFNZZZ,NA,NA,NA
sub-GYR34XNB,NA,NA,NA
sub-GYYJH5RH,NA,NA,NA
sub-GYZ787M8,NA,NA,NA
sub-GYZTN2XZ,1,1,1
sub-GZ0RFPMU,NA,NA,NA
sub-GZ1H046E,1,1,1
sub-GZGA0K2U,NA,NA,NA
sub-GZJDGF8L,1,1,1
sub-GZMP9AHJ,1,1,1
sub-GZRC78EX,NA,NA,1
sub-GZW216YD,NA,NA,1
sub-GZZFKH25,1,1,1
sub-H0016MVZ,NA,NA,NA
sub-H03T3FE6,NA,NA,1
sub-H0474HRG,1,1,1
sub-H04KW20B,NA,NA,1
sub-H0CT0D4P,NA,NA,NA
sub-H0DGUW54,NA,NA,NA
sub-H0RHDDFA,NA,NA,NA
sub-H0XFB3A4,NA,NA,NA
sub-H0Y1V08A,NA,NA,NA
sub-H13A9F8Y,NA,NA,NA
sub-H140XTLK,NA,NA,1
sub-H14Y76PL,NA,NA,NA
sub-H15GJTZX,NA,NA,NA
sub-H1A3JG9F,NA,NA,NA
sub-H1BGGDYR,1,1,1
sub-H1CG52NU,NA,NA,NA
sub-H1DJ48J1,1,1,1
sub-H1DLLYY5,NA,NA,NA
sub-H1DMRF2L,NA,NA,1
sub-H1E70RH9,NA,NA,NA
sub-H1E8P03W,NA,NA,NA
sub-H1JMR2EA,NA,NA,NA
sub-H1PY8XLG,NA,NA,NA
sub-H1U9GLWT,NA,NA,NA
sub-H1WJETZ1,NA,NA,NA
sub-H1ZR0JY6,NA,NA,NA
sub-H20YCUCB,NA,NA,NA
sub-H218767E,NA,NA,1
sub-H2CGXAAN,NA,NA,NA
sub-H2CX87U1,NA,NA,NA
sub-H2D9U5VD,NA,NA,NA
sub-H2H609BN,NA,NA,NA
sub-H2JCLXCG,NA,NA,NA
sub-H2K4DCJF,NA,NA,1
sub-H2LEDF77,NA,NA,NA
sub-H2N0P8GY,NA,NA,1
sub-H2NBUFF1,NA,NA,NA
sub-H2U1WJM2,NA,NA,NA
sub-H2V87PDP,NA,NA,NA
sub-H2V8E35J,NA,NA,NA
sub-H2Z0457H,1,1,1
sub-H2Z1AXE3,1,1,1
sub-H30DZ5Z7,NA,NA,NA
sub-H32GHURA,NA,NA,NA
sub-H35T0ZA9,NA,NA,NA
sub-H37LMD3K,NA,NA,NA
sub-H3CTH69V,NA,NA,NA
sub-H3JAB3RR,NA,NA,NA
sub-H3MZK10Z,NA,NA,NA
sub-H3V52378,NA,NA,1
sub-H3V74X88,NA,NA,NA
sub-H3WNU4JB,1,1,1
sub-H3YN076K,NA,NA,NA
sub-H43585GP,NA,NA,NA
sub-H49WAHRY,NA,NA,NA
sub-H4DCU3R1,1,1,1
sub-H4GRJ9MA,NA,NA,NA
sub-H4LZJN5R,NA,NA,NA
sub-H4U16H28,NA,NA,NA
sub-H4UTCCY9,1,1,1
sub-H4XJFFCE,NA,NA,NA
sub-H52P6NHR,NA,NA,1
sub-H5344TM1,NA,NA,NA
sub-H55KXYRL,NA,NA,1
sub-H5JWK5CC,NA,NA,NA
sub-H5L260UZ,NA,NA,NA
sub-H5LXH4TB,1,1,1
sub-H5RD2CM2,NA,NA,NA
sub-H5T6D1AK,NA,NA,NA
sub-H5VGWKZU,NA,NA,NA
sub-H5WAU70T,NA,NA,1
sub-H5XZL20U,NA,NA,1
sub-H5Z2U4E2,NA,NA,NA
sub-H679EZ0Z,NA,NA,NA
sub-H68T1XNB,NA,NA,NA
sub-H68V9XMJ,NA,NA,1
sub-H6CA8U5X,NA,NA,NA
sub-H6E8DVLN,NA,NA,NA
sub-H6FMF28J,NA,NA,NA
sub-H6H319AA,NA,NA,NA
sub-H6HR9EFA,NA,NA,NA
sub-H6K9F426,NA,NA,1
sub-H6MRC067,NA,NA,NA
sub-H6PKTBWM,NA,NA,NA
sub-H6VRJ6H0,NA,NA,1
sub-H712DY5X,NA,NA,NA
sub-H75P81TF,NA,NA,NA
sub-H79ZF42E,NA,NA,NA
sub-H7F09R6E,NA,NA,NA
sub-H7HP2LFX,NA,NA,NA
sub-H7KK6965,NA,NA,NA
sub-H7TM17PE,NA,NA,1
sub-H7TVMCPN,NA,NA,NA
sub-H7X044A7,NA,NA,1
sub-H7X0JXA3,1,1,1
sub-H80KAFV4,NA,NA,NA
sub-H83KP4EM,NA,NA,1
sub-H83UP7ZT,NA,NA,NA
sub-H85NNV37,NA,NA,NA
sub-H89YVA16,NA,NA,NA
sub-H8CK6W6R,NA,NA,NA
sub-H8DWLYJF,NA,NA,NA
sub-H8FRH0UK,NA,NA,NA
sub-H8G09YY7,NA,NA,NA
sub-H8HNJZD4,NA,NA,1
sub-H8J67ZNJ,NA,NA,NA
sub-H8KHAFL7,NA,NA,NA
sub-H8LC7DCR,NA,NA,NA
sub-H8NGBTPP,NA,NA,NA
sub-H8RRAUU7,NA,NA,1
sub-H8W4FZ68,NA,NA,NA
sub-H907TWMT,NA,NA,NA
sub-H925BUDA,NA,NA,NA
sub-H93DJ60C,NA,NA,NA
sub-H93P807E,NA,NA,NA
sub-H955L5TE,NA,NA,1
sub-H97X81MU,NA,NA,NA
sub-H9ARHTRT,NA,NA,NA
sub-H9BEEBTX,NA,NA,NA
sub-H9DU5D5F,NA,NA,NA
sub-H9DY5DU5,NA,NA,1
sub-H9ERT7NK,NA,NA,1
sub-H9F934NE,NA,NA,NA
sub-H9G32LJW,NA,NA,1
sub-H9NZRW87,NA,NA,1
sub-H9U0HZ23,NA,NA,NA
sub-H9UAFJZ8,NA,NA,NA
sub-H9X3BL3K,NA,NA,NA
sub-HA2UFAL2,1,1,1
sub-HA6109FD,NA,NA,1
sub-HAD1KFV7,NA,NA,NA
sub-HAHA8KEB,NA,NA,1
sub-HAL0EPJL,NA,NA,NA
sub-HAP0JZTR,NA,NA,NA
sub-HAP32VKJ,NA,NA,1
sub-HAVCZ9G0,NA,NA,1
sub-HB1RV7A1,NA,NA,NA
sub-HB3A8PXF,NA,NA,NA
sub-HBCXW11P,NA,NA,NA
sub-HBD1ZUWB,NA,NA,NA
sub-HBDZY8K2,NA,NA,NA
sub-HBGX2W56,NA,NA,NA
sub-HBJ3VGCL,NA,NA,1
sub-HBTY6XD9,NA,NA,NA
sub-HBUKR2VY,NA,NA,NA
sub-HBY686Y9,NA,NA,NA
sub-HBZ05H20,NA,NA,1
sub-HC076FG3,NA,NA,1
sub-HC1X3YL0,NA,NA,NA
sub-HC96P1XH,NA,NA,1
sub-HC9R0C16,NA,NA,1
sub-HCCKW1DN,1,1,1
sub-HCE1FFDZ,NA,NA,NA
sub-HCG47NJV,1,1,1
sub-HD01JT5V,1,1,1
sub-HD40HGZ7,NA,NA,1
sub-HD5LEW4G,NA,NA,NA
sub-HD5Z08K5,NA,NA,1
sub-HD61E42V,NA,NA,NA
sub-HD6C4KL6,NA,NA,NA
sub-HD7WG7PA,NA,NA,1
sub-HD8GZZ47,NA,NA,NA
sub-HD91CMNX,NA,NA,NA
sub-HDLJHT4E,NA,NA,NA
sub-HDNWHYA8,NA,NA,1
sub-HDX0L5M7,1,1,1
sub-HDY4NF78,NA,NA,NA
sub-HE58CENN,NA,NA,NA
sub-HEABF6E2,NA,NA,1
sub-HEFP90K0,NA,NA,NA
sub-HELBYLF5,NA,NA,NA
sub-HELGE2W9,NA,NA,NA
sub-HEM6RAEH,NA,NA,NA
sub-HEW2AUBP,NA,NA,NA
sub-HEW9CW68,NA,NA,NA
sub-HF0D2M6B,1,1,1
sub-HF0XT8CF,1,1,1
sub-HF1GBEEX,NA,NA,NA
sub-HF3TTARK,NA,NA,1
sub-HF44URL8,NA,NA,1
sub-HF6GWUE0,NA,NA,NA
sub-HF78353F,NA,NA,NA
sub-HF7RHL7L,NA,NA,NA
sub-HFAK7N6M,NA,NA,NA
sub-HFB480XX,NA,NA,NA
sub-HFC9FFMD,NA,NA,NA
sub-HFCK6N4B,NA,NA,NA
sub-HFCRA5PY,NA,NA,NA
sub-HFDKX3LR,NA,NA,NA
sub-HFHTPJ5M,NA,NA,NA
sub-HFKBP9C2,NA,NA,NA
sub-HFKCY87W,NA,NA,NA
sub-HFLEU627,NA,NA,NA
sub-HFP40U49,NA,NA,NA
sub-HFTLY3CY,NA,NA,NA
sub-HFVEFR9P,1,1,1
sub-HFYLF6V4,NA,NA,1
sub-HFZ6EMM2,NA,NA,NA
sub-HG7XVL8P,NA,NA,NA
sub-HG9AE2V9,NA,NA,NA
sub-HGD8ERPM,NA,NA,NA
sub-HGEY0HNL,NA,NA,NA
sub-HGNA569Y,NA,NA,NA
sub-HH47Y43Z,NA,NA,NA
sub-HHAZYG1A,NA,NA,NA
sub-HHJXG6Y1,1,1,1
sub-HHP7PPUR,NA,NA,NA
sub-HHUAF7VW,1,1,1
sub-HHUZ3XLC,NA,NA,NA
sub-HJ09MKKG,NA,NA,NA
sub-HJ23NRWV,NA,NA,NA
sub-HJ29TGE0,NA,NA,NA
sub-HJ39DTK5,NA,NA,NA
sub-HJ7JV8XN,NA,NA,1
sub-HJ8TZ0PJ,NA,NA,NA
sub-HJAUY52L,NA,NA,NA
sub-HJC4WJW2,NA,NA,NA
sub-HJDFAMYD,NA,NA,NA
sub-HJEXD2VN,NA,NA,NA
sub-HJJ00HZ2,NA,NA,NA
sub-HJULNANY,NA,NA,NA
sub-HJX5CM4N,NA,NA,NA
sub-HJX7K8DN,NA,NA,NA
sub-HK13M3T4,NA,NA,NA
sub-HK3PFELX,NA,NA,NA
sub-HK68MTVB,1,1,1
sub-HKFM1RUJ,NA,NA,NA
sub-HKU16664,NA,NA,1
sub-HKYD8UCZ,NA,NA,NA
sub-HL80JFPU,NA,NA,NA
sub-HLBDK2HU,NA,NA,NA
sub-HLC0KBEC,NA,NA,NA
sub-HLG0EDUE,NA,NA,NA
sub-HLG6NYZU,NA,NA,NA
sub-HLKBLZ33,NA,NA,NA
sub-HLLPEWJH,NA,NA,NA
sub-HLMVLRAG,NA,NA,NA
sub-HLRR37FK,NA,NA,NA
sub-HLUGZ533,NA,NA,NA
sub-HLX109UP,2,1,1
sub-HM08N3Y0,NA,NA,NA
sub-HM1FLZM6,NA,NA,NA
sub-HM2TZ8AD,NA,NA,NA
sub-HMAE29N4,1,1,1
sub-HMFE39RR,NA,NA,NA
sub-HMFGD3EC,1,1,1
sub-HMM33T0B,NA,NA,NA
sub-HMNN9G5J,NA,NA,1
sub-HMPR1WH3,NA,NA,1
sub-HMPRZ376,NA,NA,NA
sub-HMR71P5N,NA,NA,NA
sub-HMUP5KFG,NA,NA,1
sub-HMZ86KVZ,NA,NA,NA
sub-HNER3YDN,NA,NA,NA
sub-HNJJY8CV,NA,NA,NA
sub-HNJL7TVB,NA,NA,NA
sub-HNK2G0Y6,NA,NA,1
sub-HNMKA712,NA,NA,NA
sub-HNPRTMWZ,1,1,NA
sub-HNR4UJ6G,NA,NA,NA
sub-HNT0B9EC,NA,NA,NA
sub-HNU1D3NL,NA,NA,1
sub-HNUJF8Z6,NA,NA,NA
sub-HP17VUZM,NA,NA,NA
sub-HP3KMLEB,NA,NA,1
sub-HP4DCPG2,1,1,1
sub-HP5NXGMY,1,1,1
sub-HPA364MF,1,1,1
sub-HPDP068K,1,1,1
sub-HPHV6ZU8,NA,NA,NA
sub-HPNB07E7,NA,NA,1
sub-HPT4RWK5,NA,NA,NA
sub-HPU5TKNF,NA,NA,NA
sub-HPVL425U,NA,NA,NA
sub-HPVR3UVC,NA,NA,NA
sub-HPYB4URK,NA,NA,1
sub-HR1HZ6FC,NA,NA,NA
sub-HRJNTDPZ,1,1,1
sub-HRKZ329E,NA,NA,NA
sub-HRNX3BK4,NA,NA,1
sub-HRNYYZFN,NA,NA,NA
sub-HRT3979L,NA,NA,1
sub-HRTU9HVX,NA,NA,NA
sub-HRUJUH1Y,NA,NA,NA
sub-HRZ2FCEJ,NA,NA,NA
sub-HRZ430EB,NA,NA,NA
sub-HT2VVF5A,NA,NA,1
sub-HT6KEU1H,NA,NA,NA
sub-HT9V9KV9,NA,NA,NA
sub-HTAJ1KYF,NA,NA,NA
sub-HTB3RH4N,1,1,1
sub-HTH8AYJK,NA,NA,NA
sub-HTJ14CBX,NA,NA,NA
sub-HTM2U5ZY,NA,NA,NA
sub-HTNVLRBR,NA,NA,NA
sub-HTTED1XW,1,1,1
sub-HTWDYYK1,NA,NA,NA
sub-HU28FNBP,NA,NA,1
sub-HU2D03RY,1,1,1
sub-HUCV7GK7,NA,NA,NA
sub-HUD7MU7R,NA,NA,NA
sub-HUF10CJX,NA,NA,1
sub-HUL3V5Z7,NA,NA,NA
sub-HURGHCG4,NA,NA,NA
sub-HUVWGGUZ,NA,NA,NA
sub-HUWCJ9BX,NA,NA,NA
sub-HUWXZLZA,NA,NA,1
sub-HV3CWUXR,NA,NA,1
sub-HV5ACGVN,NA,NA,1
sub-HV67YYZV,1,1,1
sub-HV9VDD6H,NA,NA,NA
sub-HVAJVTNH,NA,NA,NA
sub-HVHF0RNR,NA,NA,NA
sub-HVLKT4A9,NA,NA,NA
sub-HVLPXZ99,NA,NA,NA
sub-HVP5BF6V,NA,NA,NA
sub-HVXDEAGU,NA,NA,1
sub-HVYR57F5,NA,NA,1
sub-HVYT4W45,NA,NA,NA
sub-HW0PPV8W,NA,NA,NA
sub-HWMBN7Y4,NA,NA,NA
sub-HWPUPM4D,NA,NA,NA
sub-HWPWW944,NA,NA,NA
sub-HWTVMKM0,NA,NA,NA
sub-HWX750UV,NA,NA,1
sub-HX1RU4HV,NA,NA,NA
sub-HX2U1J11,NA,NA,NA
sub-HX50WNV8,1,1,1
sub-HX5PF696,NA,NA,1
sub-HX7F3H02,NA,NA,1
sub-HX94ZLXK,NA,NA,1
sub-HX9H807C,NA,NA,NA
sub-HXB99NBE,NA,NA,NA
sub-HXDCUC2M,NA,NA,NA
sub-HXFHEYX7,NA,NA,NA
sub-HXH48HLR,NA,NA,NA
sub-HXHGMVPP,NA,NA,NA
sub-HXHUVGJG,NA,NA,NA
sub-HXKV8V4D,NA,NA,NA
sub-HXL07E2D,NA,NA,1
sub-HXT4NEXA,NA,NA,NA
sub-HXTUD5RJ,NA,NA,NA
sub-HXUU4ET3,NA,NA,NA
sub-HXVGHWV3,NA,NA,NA
sub-HXXXE672,NA,NA,NA
sub-HXY3TJAT,NA,NA,NA
sub-HXZMX9JF,NA,NA,NA
sub-HY2NHY1C,NA,NA,NA
sub-HY5L5CMP,NA,NA,NA
sub-HYDABU5J,NA,NA,1
sub-HYGVPZZX,NA,NA,NA
sub-HYH97A58,NA,NA,NA
sub-HYJ60DJE,NA,NA,NA
sub-HYJDHMK3,NA,NA,1
sub-HYK6GFFE,NA,NA,NA
sub-HYNT2P5E,NA,NA,NA
sub-HYRM141T,NA,NA,NA
sub-HYTA5DTD,NA,NA,NA
sub-HYYUJ7LR,NA,NA,1
sub-HYZLL0YY,NA,NA,NA
sub-HZ0C17PZ,NA,NA,NA
sub-HZ1URTX6,NA,NA,1
sub-HZ7D1EYU,NA,NA,NA
sub-HZDNK5V8,NA,NA,NA
sub-HZE72VNG,NA,NA,NA
sub-HZFMKD7L,1,1,1
sub-HZFXERBU,1,1,1
sub-HZJJKJ0D,NA,NA,NA
sub-HZL15962,NA,NA,NA
sub-HZNNE6X0,NA,NA,NA
sub-HZR13VNX,NA,NA,NA
sub-HZUEB7Z2,NA,NA,NA
sub-HZZBYLEW,NA,NA,NA
sub-J0130AZB,NA,NA,NA
sub-J049Z0GL,NA,NA,NA
sub-J04E024W,NA,NA,NA
sub-J06E2WET,1,1,1
sub-J07F1YZA,NA,NA,NA
sub-J08J6XCZ,NA,NA,NA
sub-J08VKMX2,NA,NA,1
sub-J0JBJVVC,NA,NA,1
sub-J0Y53RRE,NA,NA,NA
sub-J136TW5A,NA,NA,NA
sub-J1551F3N,NA,NA,NA
sub-J16BUDG7,NA,NA,NA
sub-J18AUAJ8,NA,NA,NA
sub-J19WCNEJ,NA,NA,NA
sub-J1DZJB1L,NA,NA,NA
sub-J1EAYRFN,NA,NA,NA
sub-J1GDEXZF,NA,NA,NA
sub-J1KCU2LN,NA,NA,NA
sub-J1KU80DP,NA,NA,1
sub-J1N9F47J,NA,NA,NA
sub-J1XKYGP9,NA,NA,NA
sub-J1Y3Z20G,1,1,1
sub-J218DEYA,NA,NA,NA
sub-J22VD7L7,NA,NA,NA
sub-J27L7Z6G,1,1,1
sub-J2A3JCGK,NA,NA,NA
sub-J2CBCRYX,NA,NA,NA
sub-J2ENP1ZK,NA,NA,NA
sub-J2LAUP97,NA,NA,NA
sub-J2LEG1ZN,NA,NA,1
sub-J2NHEXRP,NA,NA,1
sub-J2R77KLM,NA,NA,NA
sub-J2TYM3HG,NA,NA,NA
sub-J2V4W18H,NA,NA,NA
sub-J2Z7HTR6,NA,NA,1
sub-J3151NM9,NA,NA,NA
sub-J35JMG06,NA,NA,1
sub-J37ZWA6X,NA,NA,NA
sub-J3CDYG3J,NA,NA,NA
sub-J3DFH4DA,NA,NA,NA
sub-J3DJV7E6,NA,NA,NA
sub-J3MBD6X5,NA,NA,NA
sub-J3PNH5ZW,NA,NA,NA
sub-J3PVPGBF,NA,NA,NA
sub-J3X1G87Z,NA,NA,1
sub-J45PTP2H,NA,NA,NA
sub-J45XGZRF,NA,NA,NA
sub-J46KXBP8,NA,NA,NA
sub-J4AX55VH,NA,NA,NA
sub-J4RVF00H,NA,NA,NA
sub-J4U9BRT9,NA,NA,NA
sub-J4VKABK8,1,1,1
sub-J4YPY232,NA,NA,NA
sub-J51UCKWX,NA,NA,NA
sub-J586JN4M,NA,NA,NA
sub-J5B6E6MK,NA,NA,NA
sub-J5JJZDPB,NA,NA,NA
sub-J5VHD38X,NA,NA,NA
sub-J5VHG1C3,NA,NA,NA
sub-J5XPPK6N,NA,NA,1
sub-J5YAUDK9,NA,NA,NA
sub-J5ZCLVEA,NA,NA,NA
sub-J60R0EK4,NA,NA,NA
sub-J64MJXHT,NA,NA,NA
sub-J64XU6U9,1,1,1
sub-J652C1TF,NA,NA,1
sub-J67B8F0J,NA,NA,1
sub-J69E194R,NA,NA,1
sub-J6E3DZA2,NA,NA,1
sub-J6EH2T8Z,NA,NA,NA
sub-J6EUW017,NA,NA,NA
sub-J6F8W2G1,NA,NA,NA
sub-J6K2LWCV,NA,NA,NA
sub-J6LK5CLK,NA,NA,1
sub-J6MH0EXG,1,1,1
sub-J6X3AHW8,NA,NA,NA
sub-J6XC4XEJ,NA,NA,1
sub-J6ZG269P,NA,NA,NA
sub-J6ZXXE3T,NA,NA,NA
sub-J716H2Y0,1,1,1
sub-J72AUZZW,NA,NA,NA
sub-J74CGJ37,NA,NA,NA
sub-J79PN2P1,NA,NA,NA
sub-J7AJBW84,1,1,1
sub-J7BJFRDD,NA,NA,NA
sub-J7GL9B46,NA,NA,NA
sub-J7HK4WZJ,1,1,1
sub-J7JTARJZ,NA,NA,NA
sub-J7L6EW0J,NA,NA,NA
sub-J7V2VTL2,NA,NA,NA
sub-J87UYTGU,NA,NA,NA
sub-J897YYVE,NA,NA,NA
sub-J8A3AM9C,NA,NA,1
sub-J8A4A9P2,1,1,1
sub-J8CMYN6U,NA,NA,NA
sub-J8DBDHF8,NA,NA,NA
sub-J8DDAHGM,NA,NA,1
sub-J8JU5JAA,NA,NA,1
sub-J8LA1XLG,1,1,NA
sub-J8XHKKP8,NA,NA,NA
sub-J92RNHLE,NA,NA,1
sub-J97MXFZ1,NA,NA,NA
sub-J9D04KNJ,NA,NA,NA
sub-J9DVDT6T,NA,NA,NA
sub-J9GNXGK5,NA,NA,1
sub-J9J6ABV7,1,1,1
sub-J9UUEDRN,NA,NA,NA
sub-J9WR9HD8,NA,NA,NA
sub-J9YKZEB3,1,1,1
sub-JA30PYR6,NA,NA,NA
sub-JAD86WDH,NA,NA,NA
sub-JAEV7W5J,NA,NA,1
sub-JAGE8DBX,NA,NA,NA
sub-JAL1KX4A,NA,NA,1
sub-JAUU039W,NA,NA,NA
sub-JAXCMG87,NA,NA,NA
sub-JAY3MBRK,NA,NA,NA
sub-JB1MMLGD,NA,NA,NA
sub-JB3HWE14,NA,NA,NA
sub-JB8CRWMV,NA,NA,NA
sub-JB9K1ZVX,1,1,1
sub-JBA67JP7,NA,NA,NA
sub-JBCMDKKF,NA,NA,NA
sub-JBH3AHLP,NA,NA,NA
sub-JBM9XT23,NA,NA,NA
sub-JBP5WHPK,NA,NA,NA
sub-JC1J916E,NA,NA,1
sub-JC4Y18YR,NA,NA,NA
sub-JC52GNNU,NA,NA,NA
sub-JC5NPM3Y,NA,NA,NA
sub-JC8UD8CP,NA,NA,NA
sub-JC9B7G0L,NA,NA,NA
sub-JCAMAY91,1,1,1
sub-JCC8EVMK,NA,NA,NA
sub-JCC9HX8E,NA,NA,NA
sub-JCE41W2C,NA,NA,NA
sub-JCFMFR6E,NA,NA,NA
sub-JCGH65N1,NA,NA,NA
sub-JCUCGDCF,NA,NA,NA
sub-JD1F4PXK,NA,NA,1
sub-JD6BW0Y0,NA,NA,NA
sub-JD6CRBP8,NA,NA,NA
sub-JD8XXLGE,NA,NA,NA
sub-JDC5H6CH,NA,NA,NA
sub-JDL0495A,NA,NA,NA
sub-JDPCZE2H,NA,NA,1
sub-JDVAX1CU,NA,NA,1
sub-JDVWTD1U,NA,NA,1
sub-JDW2699M,NA,NA,NA
sub-JDXAJTX3,NA,NA,1
sub-JDXKXF8T,NA,NA,NA
sub-JDZ7L3H6,NA,NA,NA
sub-JDZ90ATC,NA,NA,NA
sub-JE017PL8,NA,NA,NA
sub-JE2LLWLD,NA,NA,1
sub-JE33Y96D,NA,NA,NA
sub-JE5T60YC,NA,NA,NA
sub-JE6EK74H,NA,NA,NA
sub-JE7AU0B9,NA,NA,1
sub-JE7U8GZ4,NA,NA,NA
sub-JE8U3WEP,NA,NA,NA
sub-JEDEBC72,NA,NA,1
sub-JEEWKCB5,NA,NA,NA
sub-JEFU1LRB,NA,NA,1
sub-JEUB6WZP,NA,NA,1
sub-JEZ3ZU4P,NA,NA,1
sub-JF3BM0BU,NA,NA,NA
sub-JF3KUA66,NA,NA,NA
sub-JF4JACN3,NA,NA,NA
sub-JF6WB6AE,1,1,1
sub-JF85FC7L,NA,NA,1
sub-JF8W3PW6,NA,NA,NA
sub-JFAUN4RN,NA,NA,NA
sub-JFBCAUBM,NA,NA,1
sub-JFBNGPAL,NA,NA,NA
sub-JFC8DZWR,NA,NA,NA
sub-JFJL5WJL,NA,NA,NA
sub-JFMWAJZF,NA,NA,NA
sub-JFNE6XKX,NA,NA,NA
sub-JFTB00J2,NA,NA,NA
sub-JFZJH8VH,NA,NA,NA
sub-JG2VGPZN,1,1,1
sub-JG3B0A5J,NA,NA,1
sub-JG8HUWJZ,NA,NA,1
sub-JGAM9713,NA,NA,NA
sub-JGFBY8J1,NA,NA,NA
sub-JGGWUMZU,NA,NA,NA
sub-JGJVLK16,NA,NA,1
sub-JGLXMGJ2,NA,NA,1
sub-JGM06GHD,1,1,1
sub-JGPTJZAC,NA,NA,NA
sub-JGV03V17,NA,NA,NA
sub-JGVWMRWU,NA,NA,NA
sub-JGY9JJPW,2,1,1
sub-JGYCTML6,NA,NA,1
sub-JH22CRH8,1,1,1
sub-JH2BV4BR,NA,NA,NA
sub-JH7UFKKJ,NA,NA,NA
sub-JH93PMX3,1,1,1
sub-JHCBZTEX,NA,NA,1
sub-JHEF7HG0,NA,NA,NA
sub-JHF93Z1H,NA,NA,NA
sub-JHJDGEFN,1,1,1
sub-JHM4CTAP,NA,NA,NA
sub-JHUWPMY7,NA,NA,NA
sub-JHX361ZP,NA,NA,NA
sub-JHYBD2XK,NA,NA,1
sub-JJ0AUMZA,NA,NA,NA
sub-JJ2DNAR0,NA,NA,NA
sub-JJ4VHAYP,NA,NA,NA
sub-JJ9NBNC9,NA,NA,NA
sub-JJA0RAMJ,NA,NA,NA
sub-JJM9HEZK,NA,NA,NA
sub-JJMH6ZDT,NA,NA,NA
sub-JJURZC29,NA,NA,NA
sub-JJWR8W0W,NA,NA,1
sub-JK6VB601,NA,NA,NA
sub-JKBDRF1B,NA,NA,NA
sub-JKDWLHZU,1,1,1
sub-JKEK2N1R,NA,NA,NA
sub-JKFGJK2D,NA,NA,1
sub-JKFPZ3RV,NA,NA,NA
sub-JKGPNZA2,NA,NA,NA
sub-JKJXL96V,NA,NA,NA
sub-JKLMWC89,NA,NA,NA
sub-JKPF57KV,NA,NA,NA
sub-JKT4Z5GW,NA,NA,1
sub-JKYR0UWL,NA,NA,NA
sub-JL71L4YC,NA,NA,NA
sub-JL7XXYD5,NA,NA,NA
sub-JLDR7ZUA,NA,NA,NA
sub-JLFDX0WJ,1,1,1
sub-JLFZWEL3,NA,NA,NA
sub-JLXMB8LP,NA,NA,NA
sub-JLYFJ1N7,1,1,1
sub-JM19UTB0,NA,NA,NA
sub-JM4TRJ0G,NA,NA,NA
sub-JM536KCC,NA,NA,NA
sub-JM8AD5VX,1,1,1
sub-JMAK2VV0,1,1,1
sub-JMLDL425,NA,NA,NA
sub-JMNGNMM1,1,1,1
sub-JMTERNYT,NA,NA,NA
sub-JMTFCLCC,NA,NA,NA
sub-JN2G8BWG,1,1,1
sub-JN635BT6,NA,NA,NA
sub-JN9LRK2A,NA,NA,NA
sub-JN9PXHA6,NA,NA,NA
sub-JNAEGGEN,NA,NA,NA
sub-JNCTE6EN,NA,NA,NA
sub-JNDY0DWK,NA,NA,NA
sub-JNGRXG20,NA,NA,1
sub-JNHJGKF7,NA,NA,1
sub-JNMHDYGC,NA,NA,1
sub-JNR3AZM3,NA,NA,NA
sub-JNVE97YL,NA,NA,NA
sub-JNWHJTVZ,NA,NA,NA
sub-JNYWL1M8,NA,NA,1
sub-JP0XXWG5,NA,NA,1
sub-JP53JABE,NA,NA,NA
sub-JP58CZGJ,NA,NA,NA
sub-JP6F56RT,NA,NA,1
sub-JP7T93VG,1,1,1
sub-JP978MN3,NA,NA,NA
sub-JP9XWZFR,NA,NA,NA
sub-JPA3LE7X,NA,NA,1
sub-JPDBRMPL,NA,NA,1
sub-JPH56X7G,NA,NA,1
sub-JPKAU189,NA,NA,NA
sub-JPLZNTRP,NA,NA,NA
sub-JPLZW1Z0,NA,NA,1
sub-JPM26GH0,NA,NA,1
sub-JPMR9F6J,NA,NA,NA
sub-JPMRY00B,NA,NA,NA
sub-JPPLZ59Y,NA,NA,NA
sub-JPV235G4,NA,NA,1
sub-JPX8NVUZ,NA,NA,NA
sub-JPXM3ZKA,NA,NA,NA
sub-JR0F0ERZ,NA,NA,NA
sub-JR1CF0WZ,NA,NA,NA
sub-JR23U8DW,NA,NA,NA
sub-JR7AD66J,NA,NA,NA
sub-JR8B2Z56,NA,NA,1
sub-JR8FTRLR,NA,NA,NA
sub-JRBRCUZG,NA,NA,NA
sub-JRFFW8YT,NA,NA,NA
sub-JRG5AWP1,NA,NA,NA
sub-JRK7YJE3,NA,NA,NA
sub-JRKN01KZ,NA,NA,1
sub-JRPZT0NB,NA,NA,NA
sub-JRXPZU5X,1,1,1
sub-JRZMV890,1,1,1
sub-JT03Z8N3,NA,NA,NA
sub-JT28AYHV,NA,NA,NA
sub-JT2E2T8K,1,1,1
sub-JT5AUAK8,NA,NA,NA
sub-JT9RNJD2,NA,NA,NA
sub-JTA9PW0F,NA,NA,1
sub-JTAFGVNE,NA,NA,NA
sub-JTCXNL4V,NA,NA,1
sub-JTHY8P5B,NA,NA,NA
sub-JTM54RD3,NA,NA,NA
sub-JTR7TBEP,NA,NA,1
sub-JTU3X2VF,NA,NA,1
sub-JTVF4TRT,NA,NA,NA
sub-JTVM08C0,NA,NA,1
sub-JTWZXR3M,1,1,1
sub-JTX1HX5F,NA,NA,NA
sub-JTXTDY92,NA,NA,1
sub-JU3HYU5L,1,1,1
sub-JU4UKFJC,1,1,1
sub-JU6W0MXX,NA,NA,NA
sub-JU8R73PG,2,1,1
sub-JU9EFPNA,NA,NA,NA
sub-JUHGFPD3,NA,NA,NA
sub-JUK1TMPK,NA,NA,NA
sub-JUKBPY9X,NA,NA,NA
sub-JV3VFJD1,1,1,NA
sub-JV3XXZTW,NA,NA,1
sub-JV3ZDMA8,NA,NA,NA
sub-JV77KDEJ,NA,NA,NA
sub-JV8V3BD5,NA,NA,NA
sub-JV9AMJB4,NA,NA,NA
sub-JVA79JYU,NA,NA,NA
sub-JVAW0ZW5,NA,NA,NA
sub-JVCY4DWW,1,1,1
sub-JVFW1735,NA,NA,1
sub-JVHUKF36,NA,NA,NA
sub-JVK809ML,NA,NA,NA
sub-JVN820EW,1,1,1
sub-JVPFFH8R,NA,NA,NA
sub-JVUJU6CU,NA,NA,NA
sub-JVWCML75,NA,NA,NA
sub-JVYJW98X,NA,NA,1
sub-JVZE8PZH,NA,NA,NA
sub-JW4AY5Z4,1,1,1
sub-JW8V5WX6,NA,NA,NA
sub-JW94351D,NA,NA,1
sub-JWAPD83W,NA,NA,NA
sub-JWC3VCH8,NA,NA,1
sub-JWCD55M7,NA,NA,NA
sub-JWJBC1ZT,1,1,1
sub-JWKFKDJF,NA,NA,NA
sub-JWT4V1DP,NA,NA,1
sub-JWVF7NPJ,NA,NA,NA
sub-JWXRTDHM,NA,NA,NA
sub-JX0PX7UM,NA,NA,NA
sub-JX1U4507,NA,NA,NA
sub-JX3T5618,1,1,1
sub-JX3V3DD9,NA,NA,NA
sub-JX509T01,NA,NA,NA
sub-JX8BERDK,1,1,1
sub-JXA05086,NA,NA,NA
sub-JXF3WTN6,NA,NA,NA
sub-JXKV7NF7,NA,NA,NA
sub-JXMWYPZB,NA,NA,NA
sub-JXNCXJ3W,NA,NA,1
sub-JXPFFHWU,NA,NA,NA
sub-JXT80FVU,NA,NA,NA
sub-JXT9LVJP,NA,NA,NA
sub-JXUKE3JB,NA,NA,NA
sub-JXWWYJBU,NA,NA,1
sub-JYAGWBLV,NA,NA,NA
sub-JYBB2VH0,1,1,1
sub-JYHUJ7E5,NA,NA,1
sub-JYUGN1PH,NA,NA,NA
sub-JYXYG81D,NA,NA,NA
sub-JZ12514R,NA,NA,1
sub-JZ13P7PY,NA,NA,NA
sub-JZ4637B3,NA,NA,NA
sub-JZ6BX4DY,1,1,1
sub-JZCYWRZB,NA,NA,NA
sub-JZJBNBTC,NA,NA,NA
sub-JZJK5N4L,NA,NA,NA
sub-JZP468AD,NA,NA,1
sub-JZPZNDD4,NA,NA,NA
sub-JZRPKRLG,NA,NA,NA
sub-JZRV5ANP,1,1,1
sub-JZUHG8ZL,NA,NA,NA
sub-JZXDNHWC,NA,NA,NA
sub-K051J689,NA,NA,NA
sub-K0870VPA,NA,NA,1
sub-K09F5HKP,NA,NA,NA
sub-K09GADZN,NA,NA,NA
sub-K0AGJP6T,NA,NA,NA
sub-K0BCW5KA,NA,NA,NA
sub-K0F6B344,NA,NA,NA
sub-K0L8CUTR,NA,NA,NA
sub-K0LXC0U4,NA,NA,NA
sub-K0N7MLA9,NA,NA,NA
sub-K0RATU99,NA,NA,NA
sub-K0RLYCC7,NA,NA,1
sub-K0RXG494,2,1,1
sub-K0U3PRRR,NA,NA,1
sub-K0WC1N5P,NA,NA,NA
sub-K0YRT0W7,NA,NA,NA
sub-K10RYUC1,1,1,1
sub-K10UU5ME,NA,NA,1
sub-K15CAZPG,NA,NA,NA
sub-K1CF88CW,NA,NA,NA
sub-K1DE6JAR,NA,NA,NA
sub-K1G99WM7,NA,NA,NA
sub-K1GY1F0R,NA,NA,1
sub-K1HM1MWX,NA,NA,1
sub-K1KZZ8D4,NA,NA,NA
sub-K1WG534X,NA,NA,1
sub-K1WPW1EZ,NA,NA,NA
sub-K1XAZY2E,NA,NA,NA
sub-K1YTJYND,1,1,1
sub-K1YWL2JC,NA,NA,NA
sub-K20NJZWV,NA,NA,NA
sub-K20VT80R,1,1,1
sub-K21Y8N4U,NA,NA,NA
sub-K22WXK72,NA,NA,NA
sub-K2503EYB,NA,NA,NA
sub-K26AD9R4,NA,NA,NA
sub-K26MUJ57,NA,NA,NA
sub-K2JE6A93,NA,NA,NA
sub-K2KFJDG5,NA,NA,NA
sub-K2KR1DUA,NA,NA,NA
sub-K2M95XYW,NA,NA,NA
sub-K2MTFMLM,NA,NA,NA
sub-K2PUNWVB,NA,NA,NA
sub-K2VDYAKB,NA,NA,NA
sub-K2YJBHGX,NA,NA,NA
sub-K2YP6EN4,NA,NA,NA
sub-K2YU9TW1,NA,NA,NA
sub-K30HGMY4,NA,NA,NA
sub-K31MTN10,NA,NA,1
sub-K32MTP5J,NA,NA,NA
sub-K334BG3U,NA,NA,NA
sub-K36E1PEB,NA,NA,NA
sub-K39208D1,NA,NA,1
sub-K3DP06LU,1,1,1
sub-K3FXPMNK,NA,NA,NA
sub-K3GPV04G,NA,NA,NA
sub-K3K5DLKW,NA,NA,NA
sub-K3KEBCYC,NA,NA,NA
sub-K3W4VK36,NA,NA,NA
sub-K3X0XBJ9,NA,NA,NA
sub-K427BMWY,NA,NA,NA
sub-K4DC45ZG,NA,NA,NA
sub-K4H5ZTFE,NA,NA,NA
sub-K4JJ20YY,NA,NA,NA
sub-K4KJGM46,NA,NA,NA
sub-K4M96FKA,NA,NA,1
sub-K4XV4BK6,NA,NA,NA
sub-K51MXR7P,NA,NA,NA
sub-K52CCTV1,NA,NA,1
sub-K54BCJA7,NA,NA,NA
sub-K598LFL1,NA,NA,NA
sub-K5C5LXD2,2,1,1
sub-K5DEN4NB,NA,NA,NA
sub-K5DJG2BK,NA,NA,NA
sub-K5GR7ZF4,1,1,NA
sub-K5JP23J6,NA,NA,NA
sub-K5MXZ6UG,NA,NA,1
sub-K5P234R5,NA,NA,NA
sub-K5PEZ25W,NA,NA,NA
sub-K5RJ33T2,NA,NA,NA
sub-K5UA0808,1,1,1
sub-K5WWNYVF,NA,NA,NA
sub-K62C7NW4,NA,NA,NA
sub-K638E3TP,NA,NA,NA
sub-K6HKNVP1,NA,NA,NA
sub-K6JLBKLR,NA,NA,NA
sub-K6RANRAB,NA,NA,NA
sub-K6U0AB4B,NA,NA,NA
sub-K6V3W39C,NA,NA,NA
sub-K6W4APWD,NA,NA,NA
sub-K6WRX260,1,1,NA
sub-K6XKYTM1,NA,NA,NA
sub-K6YKW0K3,NA,NA,NA
sub-K7150G4Z,NA,NA,1
sub-K71K7VF1,1,1,1
sub-K71MKKBH,NA,NA,NA
sub-K71MV1Y2,NA,NA,NA
sub-K72BFR70,NA,NA,1
sub-K75DL4FA,NA,NA,NA
sub-K7641TXT,NA,NA,1
sub-K777BPZJ,NA,NA,1
sub-K78X1G9D,NA,NA,NA
sub-K7B15B7Z,NA,NA,NA
sub-K7H62E8W,1,1,1
sub-K7LKXC3K,NA,NA,1
sub-K7ZHC09E,NA,NA,NA
sub-K808H4UV,NA,NA,NA
sub-K81PDBDN,NA,NA,NA
sub-K832EFEE,NA,NA,NA
sub-K84182YD,NA,NA,NA
sub-K84GLG8C,NA,NA,NA
sub-K86BCPMG,NA,NA,NA
sub-K8CYP94F,NA,NA,1
sub-K8G0M5HW,NA,NA,NA
sub-K8HVK50F,NA,NA,NA
sub-K8KZDZ2N,NA,NA,1
sub-K8N8YKDF,NA,NA,1
sub-K8ZYB9DL,NA,NA,NA
sub-K91CAXRJ,NA,NA,NA
sub-K9A553B8,NA,NA,NA
sub-K9CK3ZHW,1,1,1
sub-K9DZW93Y,NA,NA,NA
sub-K9E4206N,NA,NA,NA
sub-K9GFBGJZ,NA,NA,1
sub-K9MXKUUB,NA,NA,NA
sub-K9N3BY03,NA,NA,1
sub-K9NHYCE6,NA,NA,NA
sub-K9RPEUC1,NA,NA,1
sub-K9TRR7G5,NA,NA,NA
sub-K9UVPE20,NA,NA,NA
sub-K9YR13JW,NA,NA,NA
sub-KA96L5HC,NA,NA,NA
sub-KACJ255N,NA,NA,NA
sub-KAJWW29J,NA,NA,NA
sub-KAKFCN21,NA,NA,NA
sub-KAPXUG5A,NA,NA,NA
sub-KAZ30BTB,NA,NA,NA
sub-KB1LL4HJ,NA,NA,NA
sub-KB1PDUC8,NA,NA,NA
sub-KB30X083,NA,NA,NA
sub-KB6F3HGV,1,1,1
sub-KB7UD17H,NA,NA,NA
sub-KBBYPD24,NA,NA,NA
sub-KBGNJEVP,NA,NA,NA
sub-KBJJ7TH0,NA,NA,NA
sub-KBLHAN4B,NA,NA,NA
sub-KBLYK9GE,NA,NA,NA
sub-KBR8U1TH,1,1,1
sub-KC1P8R4F,1,1,1
sub-KC24Z5V5,NA,NA,NA
sub-KC4VTG9N,1,1,1
sub-KC7ZC9VX,NA,NA,NA
sub-KCAUT6AU,NA,NA,NA
sub-KCM3GAKP,NA,NA,NA
sub-KCPJBCMV,NA,NA,NA
sub-KCU1HRMA,1,1,1
sub-KCW9B4TJ,NA,NA,NA
sub-KCXJ48Z1,NA,NA,1
sub-KCZZYZB5,NA,NA,NA
sub-KD2D4HP2,1,1,1
sub-KD35P0MA,NA,NA,NA
sub-KD42M3B3,NA,NA,NA
sub-KD48JEDP,NA,NA,NA
sub-KD69FLZC,NA,NA,NA
sub-KD76PYWH,NA,NA,NA
sub-KD8JTUFA,NA,NA,NA
sub-KDBM4JG7,NA,NA,NA
sub-KDGX17KZ,NA,NA,NA
sub-KDKW7JF6,1,1,1
sub-KDR815ZJ,NA,NA,1
sub-KDZKAC4L,NA,NA,1
sub-KDZR86PA,NA,NA,1
sub-KE2BKXMG,NA,NA,NA
sub-KE2PDM4E,NA,NA,NA
sub-KE5MUV53,NA,NA,NA
sub-KE6Z3413,1,1,1
sub-KE8TDKAW,NA,NA,NA
sub-KEARFZ9N,NA,NA,NA
sub-KEAY17JB,NA,NA,NA
sub-KEDNL754,NA,NA,1
sub-KEDY719E,NA,NA,1
sub-KEP4C8W8,NA,NA,1
sub-KEVAA7AZ,NA,NA,NA
sub-KF0KH7ZK,2,1,1
sub-KF1BUR6G,NA,NA,NA
sub-KF3MM2R1,NA,NA,NA
sub-KFGPP88F,NA,NA,NA
sub-KFH14EDW,NA,NA,NA
sub-KFH1X898,NA,NA,NA
sub-KFJWT11B,NA,NA,NA
sub-KFMJ0NH7,NA,NA,NA
sub-KFNA5PDB,NA,NA,NA
sub-KFNWR98R,NA,NA,NA
sub-KFU0Z1FD,NA,NA,NA
sub-KFU5W0JJ,NA,NA,NA
sub-KFUK0D3N,NA,NA,NA
sub-KFUY5YHC,NA,NA,1
sub-KFWP4PX0,NA,NA,NA
sub-KFZM65LP,NA,NA,NA
sub-KG5M5RTF,NA,NA,NA
sub-KG6D9CM4,NA,NA,1
sub-KGB957MU,NA,NA,NA
sub-KGN17CBU,NA,NA,NA
sub-KGNHNNA3,NA,NA,NA
sub-KGRR3WRJ,NA,NA,NA
sub-KGU77A38,NA,NA,NA
sub-KGUR3RYT,NA,NA,NA
sub-KGV9E2T6,1,1,1
sub-KGW3UL2T,NA,NA,1
sub-KH00C10R,NA,NA,NA
sub-KH0DH6EC,NA,NA,NA
sub-KH4089BE,NA,NA,NA
sub-KHC499NA,NA,NA,NA
sub-KHDHWB2T,NA,NA,NA
sub-KHL7D46V,NA,NA,NA
sub-KHVXZ64U,NA,NA,NA
sub-KHWW97MC,NA,NA,1
sub-KHXDKCB7,NA,NA,NA
sub-KHZ6YKYA,1,1,1
sub-KJ30FGZ0,NA,NA,NA
sub-KJ4AD62E,NA,NA,NA
sub-KJ5AMUK7,NA,NA,NA
sub-KJ648G0R,NA,NA,1
sub-KJ6VDNZC,NA,NA,1
sub-KJCKZPX0,NA,NA,NA
sub-KJCYGTUC,NA,NA,NA
sub-KJDAZKWA,1,1,1
sub-KJKYNK5V,NA,NA,1
sub-KJM8KNT3,NA,NA,1
sub-KJP5X4W9,NA,NA,NA
sub-KJRY7YJF,NA,NA,NA
sub-KJWLWK8U,NA,NA,NA
sub-KJY3WLAB,NA,NA,NA
sub-KK1AVL1G,NA,NA,1
sub-KK3DUDE5,NA,NA,NA
sub-KK5BJGB6,NA,NA,NA
sub-KK61BBH5,NA,NA,NA
sub-KK8HT4H8,1,1,1
sub-KKBJMBLJ,NA,NA,NA
sub-KKC98J6W,NA,NA,NA
sub-KKJW08K9,NA,NA,NA
sub-KKTCT4B0,NA,NA,1
sub-KKXA5H12,NA,NA,NA
sub-KKY0ZZXD,NA,NA,NA
sub-KL4VMR4W,NA,NA,NA
sub-KL523B72,1,1,NA
sub-KL89G2CL,NA,NA,1
sub-KLBUDEGD,NA,NA,NA
sub-KLE3R4XB,NA,NA,1
sub-KLGV3F8T,NA,NA,1
sub-KLL0383Z,NA,NA,NA
sub-KLLP08KA,NA,NA,NA
sub-KLMJ728E,NA,NA,1
sub-KLT2ZLDF,NA,NA,NA
sub-KM0BYRA9,NA,NA,NA
sub-KM0X7RY3,NA,NA,NA
sub-KM0YCM9R,NA,NA,NA
sub-KM0ZB7KF,NA,NA,NA
sub-KM1TZDEV,NA,NA,NA
sub-KM38D8JZ,NA,NA,NA
sub-KM9M2HZM,NA,NA,NA
sub-KMB705H9,NA,NA,NA
sub-KMBXR817,NA,NA,NA
sub-KMNLLDKK,NA,NA,NA
sub-KMVGX7UJ,NA,NA,NA
sub-KN0URLJE,NA,NA,NA
sub-KN9RD01B,NA,NA,NA
sub-KNAZCFHN,NA,NA,NA
sub-KNBJ47HV,1,1,1
sub-KNFUZV4X,NA,NA,NA
sub-KNHT54VZ,NA,NA,NA
sub-KNHZYKRL,NA,NA,NA
sub-KNMWKW2X,NA,NA,NA
sub-KNRU5BYD,NA,NA,NA
sub-KNU295WW,NA,NA,NA
sub-KNVJX275,NA,NA,1
sub-KP2NYJN2,NA,NA,1
sub-KP3A1LBZ,NA,NA,NA
sub-KP83AWJ8,NA,NA,NA
sub-KP8W0VHU,1,1,1
sub-KPF4GFHV,NA,NA,NA
sub-KPF9HV5P,NA,NA,NA
sub-KPG5MA5K,NA,NA,1
sub-KPH9VE20,1,1,1
sub-KPLUBC73,NA,NA,NA
sub-KPNEX4HY,NA,NA,NA
sub-KPX9TDPR,NA,NA,NA
sub-KPZYYKTG,NA,NA,NA
sub-KR1PVY4C,NA,NA,1
sub-KR3R305M,NA,NA,NA
sub-KR81E1T7,NA,NA,NA
sub-KREW3DLN,NA,NA,NA
sub-KRG5L5EG,NA,NA,NA
sub-KRN7CKJV,NA,NA,1
sub-KRNZWREV,NA,NA,1
sub-KT2KEG3Z,1,1,NA
sub-KT39B7XP,NA,NA,NA
sub-KT59P3W3,NA,NA,NA
sub-KT7E0NA1,NA,NA,NA
sub-KT7XDL4U,NA,NA,NA
sub-KT8MVW3Z,NA,NA,1
sub-KTE32NVP,NA,NA,NA
sub-KTEZYKCL,NA,NA,NA
sub-KTJFT8RF,NA,NA,NA
sub-KTJZFMAM,NA,NA,1
sub-KTLE69Y8,1,1,NA
sub-KTMZN9M9,NA,NA,NA
sub-KTN3FFWD,1,1,1
sub-KTV6F85N,NA,NA,NA
sub-KTZCHRX8,NA,NA,NA
sub-KTZGA2UH,NA,NA,NA
sub-KTZJFPCA,NA,NA,NA
sub-KTZJTF9T,NA,NA,1
sub-KU1J9JFE,NA,NA,NA
sub-KU2DL9D7,NA,NA,1
sub-KU7P8BC5,NA,NA,NA
sub-KUJ7WV09,2,1,1
sub-KUN5YGKK,NA,NA,NA
sub-KUTBPBRE,NA,NA,NA
sub-KUTFEERM,NA,NA,1
sub-KUWH9WHT,NA,NA,NA
sub-KV1CFR99,NA,NA,NA
sub-KV39ALMD,NA,NA,1
sub-KV3EVHUX,NA,NA,NA
sub-KV552N4Y,NA,NA,NA
sub-KV9CRFTM,NA,NA,1
sub-KV9NTNR4,1,1,1
sub-KVA6MAGM,NA,NA,NA
sub-KVBV80LE,1,1,1
sub-KVFAHBJN,NA,NA,1
sub-KVGJL857,NA,NA,NA
sub-KVM099PR,NA,NA,NA
sub-KVMU7J2K,NA,NA,NA
sub-KVPCDMNK,NA,NA,NA
sub-KVV9NU2R,NA,NA,1
sub-KVVDP6EG,NA,NA,NA
sub-KVXP0RJF,NA,NA,NA
sub-KW02LRCP,NA,NA,NA
sub-KW1ALL48,NA,NA,NA
sub-KW4Y8YCW,1,1,1
sub-KWBVX0UU,1,1,1
sub-KWEP6GVC,NA,NA,NA
sub-KWF4ZB2F,NA,NA,NA
sub-KWG00F0U,NA,NA,1
sub-KWKW8PLC,NA,NA,1
sub-KWYR8JMB,1,1,1
sub-KWZ5L3B4,NA,NA,1
sub-KX00T99C,NA,NA,1
sub-KX21XUNJ,NA,NA,NA
sub-KX4KKBJR,NA,NA,1
sub-KX5G6YJV,NA,NA,NA
sub-KX7Y3XLZ,NA,NA,NA
sub-KX88859E,NA,NA,NA
sub-KX9VFDRV,NA,NA,NA
sub-KXCAUBG6,NA,NA,NA
sub-KXCGMZ1Z,NA,NA,NA
sub-KXEBWC6V,NA,NA,NA
sub-KXFTPJH6,NA,NA,NA
sub-KXFX6UM8,1,1,1
sub-KXGLF4H6,NA,NA,NA
sub-KXJ9P10B,1,1,1
sub-KXLA75F1,NA,NA,1
sub-KXMJRYPN,NA,NA,NA
sub-KXT5LX5A,NA,NA,NA
sub-KXULYW2U,NA,NA,NA
sub-KXUNRZDG,NA,NA,NA
sub-KXX86222,NA,NA,NA
sub-KXZGFV4A,NA,NA,NA
sub-KY6C0Z8R,NA,NA,NA
sub-KY9F1VHN,NA,NA,NA
sub-KYCN6AYE,NA,NA,NA
sub-KYF90PFL,NA,NA,NA
sub-KYJCM061,NA,NA,NA
sub-KYXDJC5Z,NA,NA,NA
sub-KYZFAAKY,NA,NA,NA
sub-KZ38RVXY,1,1,1
sub-KZ5G9C6C,NA,NA,NA
sub-KZ9TH4UJ,NA,NA,NA
sub-KZ9ZFBM1,NA,NA,NA
sub-KZATK2HZ,NA,NA,NA
sub-KZBPXM31,NA,NA,NA
sub-KZCKY5JF,NA,NA,NA
sub-KZDAJBD7,1,1,1
sub-KZE4Z6W0,NA,NA,NA
sub-KZNB0MYE,NA,NA,1
sub-KZT2PNJK,NA,NA,1
sub-KZW3CU83,NA,NA,NA
sub-KZWUWMFK,1,1,1
sub-KZX46H34,NA,NA,1
sub-L00DXXD5,NA,NA,NA
sub-L02ZXJAE,NA,NA,NA
sub-L03V4BU4,NA,NA,1
sub-L06P62BN,NA,NA,1
sub-L07PRMYX,NA,NA,NA
sub-L08R9YMD,NA,NA,1
sub-L0AE80Z3,NA,NA,NA
sub-L0G212AD,NA,NA,NA
sub-L0M87H37,NA,NA,1
sub-L0MNX5JL,NA,NA,NA
sub-L0TJ5KKX,NA,NA,NA
sub-L0VX74KC,NA,NA,NA
sub-L0WTR0H9,NA,NA,NA
sub-L0YU2ZAP,NA,NA,1
sub-L11MWFC2,1,1,1
sub-L124KUNM,NA,NA,1
sub-L18G63XV,1,1,1
sub-L18N9A9R,NA,NA,NA
sub-L1CKXJTK,NA,NA,1
sub-L1ETRC1V,NA,NA,NA
sub-L1FAK49Y,1,1,1
sub-L1FL82DL,NA,NA,1
sub-L1GA12Y1,NA,NA,NA
sub-L1GF9KZ8,NA,NA,NA
sub-L1JRKVTX,1,1,1
sub-L1PVW5B7,NA,NA,NA
sub-L1RVKM6B,NA,NA,NA
sub-L1UHN7LG,1,1,1
sub-L1UL6UM5,1,1,1
sub-L1XJPZEL,NA,NA,NA
sub-L1Y05H4Z,NA,NA,1
sub-L22VUU0E,NA,NA,NA
sub-L24LAKCM,NA,NA,1
sub-L27WKVR1,NA,NA,1
sub-L2FYHWYV,NA,NA,1
sub-L2RJ9HXF,NA,NA,NA
sub-L3258K1X,NA,NA,NA
sub-L34RDCRR,NA,NA,NA
sub-L36MC5HJ,NA,NA,NA
sub-L38MLBTJ,NA,NA,1
sub-L3B6LC0Z,NA,NA,NA
sub-L3C0W7BT,NA,NA,NA
sub-L3CPPELA,NA,NA,NA
sub-L3DBH8WC,NA,NA,NA
sub-L3DZEL4D,NA,NA,NA
sub-L3G085MK,NA,NA,NA
sub-L3G13U80,NA,NA,NA
sub-L3J71BFM,NA,NA,NA
sub-L3ND8XCF,NA,NA,1
sub-L3UBBTCU,NA,NA,NA
sub-L3UTWJGX,NA,NA,NA
sub-L41WXZ15,NA,NA,NA
sub-L42FE3NR,NA,NA,NA
sub-L453XJAG,NA,NA,NA
sub-L456T3RZ,NA,NA,NA
sub-L46T49EG,NA,NA,1
sub-L48MK0DM,1,1,1
sub-L49379MF,NA,NA,NA
sub-L4BZZED1,NA,NA,NA
sub-L4F3ZTF3,1,1,1
sub-L4FAHZRW,NA,NA,NA
sub-L4GC8H34,NA,NA,1
sub-L4H1ABKA,NA,NA,NA
sub-L4UEG9G0,NA,NA,NA
sub-L4V0U23M,NA,NA,1
sub-L4W6Z6C0,NA,NA,NA
sub-L53XA17C,NA,NA,NA
sub-L542JFCM,NA,NA,NA
sub-L5AY1R6V,NA,NA,NA
sub-L5CZ3KPZ,1,1,NA
sub-L5EAF5N9,NA,NA,NA
sub-L5GHARC8,NA,NA,NA
sub-L5H2T7U1,NA,NA,1
sub-L5JJEUJJ,NA,NA,NA
sub-L5JWH5WB,NA,NA,1
sub-L5KEXX4Y,NA,NA,1
sub-L5RBR153,NA,NA,1
sub-L5TG7F2T,NA,NA,1
sub-L5W5CDJU,NA,NA,NA
sub-L5Y8K0JK,NA,NA,NA
sub-L5YY3CJB,NA,NA,NA
sub-L63XHP8H,NA,NA,NA
sub-L64HB2ET,NA,NA,NA
sub-L6EFKUHV,NA,NA,1
sub-L6FF2ZJK,NA,NA,1
sub-L6J5NEVL,NA,NA,NA
sub-L6MBKZ9X,NA,NA,NA
sub-L6ZD3MC6,NA,NA,NA
sub-L70MDV52,NA,NA,NA
sub-L7G860LK,NA,NA,NA
sub-L7GB4EN0,NA,NA,NA
sub-L7GG9GJV,NA,NA,1
sub-L7HUA7J7,NA,NA,1
sub-L7KKBD44,1,1,1
sub-L7THFX1H,NA,NA,NA
sub-L7WANBBC,NA,NA,NA
sub-L7XCKG7W,NA,NA,NA
sub-L7XW6RBY,NA,NA,NA
sub-L7YXYKK6,NA,NA,NA
sub-L7ZXH7GM,NA,NA,NA
sub-L8A7B9W8,NA,NA,1
sub-L8D2B93D,NA,NA,NA
sub-L8EJK2VY,NA,NA,NA
sub-L8HJ4BVC,NA,NA,NA
sub-L8KH6W61,NA,NA,NA
sub-L8MTLH03,NA,NA,NA
sub-L8PY2P4B,NA,NA,NA
sub-L8VU0XRA,1,1,1
sub-L8W0WHE1,NA,NA,NA
sub-L8WPT2T3,NA,NA,NA
sub-L8XC6AVU,NA,NA,NA
sub-L8XFXVEJ,NA,NA,NA
sub-L8XGD85G,NA,NA,NA
sub-L922H0ZT,NA,NA,1
sub-L96K1YR0,NA,NA,NA
sub-L97KGCAC,NA,NA,1
sub-L9ADL4ZD,NA,NA,NA
sub-L9BZ5AF6,NA,NA,NA
sub-L9CBJY8L,1,1,1
sub-L9KCH70W,NA,NA,1
sub-L9L2X47R,NA,NA,1
sub-L9M95R6P,NA,NA,NA
sub-L9NJJJBZ,NA,NA,NA
sub-L9NUBDAN,NA,NA,NA
sub-L9WJ58CN,NA,NA,1
sub-L9XK6K7N,NA,NA,NA
sub-LA4MCMBY,NA,NA,1
sub-LABCHP1W,NA,NA,NA
sub-LABWKL63,NA,NA,NA
sub-LALRAZCB,NA,NA,NA
sub-LANPY4XM,NA,NA,NA
sub-LANTD3RD,1,1,NA
sub-LB0H15T3,NA,NA,NA
sub-LB1UUZT7,NA,NA,NA
sub-LB5D5679,NA,NA,NA
sub-LBAKFHGK,NA,NA,NA
sub-LBB0TDL0,NA,NA,NA
sub-LBELG3A6,NA,NA,NA
sub-LBJ8E0XH,1,1,1
sub-LBK0GFNR,NA,NA,1
sub-LBP235A2,NA,NA,NA
sub-LBWER7ME,NA,NA,NA
sub-LBWL1VE1,NA,NA,1
sub-LBXNVNEW,NA,NA,NA
sub-LBZW40WR,NA,NA,1
sub-LC0NRLKT,NA,NA,NA
sub-LC0TC7LX,NA,NA,NA
sub-LC2XNHVP,NA,NA,NA
sub-LC488VTJ,NA,NA,NA
sub-LC4DG7YK,NA,NA,NA
sub-LC6CLU57,NA,NA,NA
sub-LCBWCWVF,NA,NA,1
sub-LCEYDD0V,NA,NA,NA
sub-LCHL1WZR,NA,NA,NA
sub-LCLGMY9X,NA,NA,NA
sub-LCMDKYGP,NA,NA,1
sub-LCMU795T,NA,NA,NA
sub-LCNN89TZ,1,1,1
sub-LCWZPW4H,1,1,1
sub-LCX3T8HU,NA,NA,NA
sub-LCXJ9Y7X,NA,NA,NA
sub-LCYH9EDJ,NA,NA,NA
sub-LD91EBV8,1,1,1
sub-LDA3MRNZ,NA,NA,NA
sub-LDD4GJP4,NA,NA,NA
sub-LDDZENEG,NA,NA,NA
sub-LDH3YU2R,NA,NA,1
sub-LDK00HZG,NA,NA,NA
sub-LDP9RT86,NA,NA,NA
sub-LE26WV7H,NA,NA,1
sub-LE343UAX,NA,NA,1
sub-LE7RYTAY,NA,NA,NA
sub-LE8DHVG1,NA,NA,NA
sub-LEF14KHY,NA,NA,NA
sub-LEFHD44M,NA,NA,NA
sub-LEH6BPD5,NA,NA,1
sub-LEND5NH4,NA,NA,1
sub-LEXJMGJ6,NA,NA,NA
sub-LEZ3NP32,NA,NA,1
sub-LEZ9WYBX,NA,NA,NA
sub-LF021MRZ,NA,NA,1
sub-LF1ZAD47,NA,NA,NA
sub-LF41F4P6,NA,NA,NA
sub-LF8VTDV5,1,1,1
sub-LFDWXZH4,NA,NA,NA
sub-LFE1CBD7,NA,NA,NA
sub-LFE6F5NR,NA,NA,NA
sub-LFGH7ZZA,NA,NA,1
sub-LFPLE55Y,NA,NA,NA
sub-LFTGDBYE,NA,NA,NA
sub-LFTH2GG8,NA,NA,NA
sub-LFU6DJV5,NA,NA,NA
sub-LFX8PTZ6,NA,NA,1
sub-LFZ94Y31,NA,NA,NA
sub-LG186K52,NA,NA,NA
sub-LG1ZU0EJ,NA,NA,NA
sub-LG46HHB0,NA,NA,1
sub-LG5EUWL6,NA,NA,NA
sub-LG9JZFNH,NA,NA,NA
sub-LGBWLRM4,NA,NA,1
sub-LGHA598L,NA,NA,1
sub-LGJH5VV9,1,1,1
sub-LGW4RB9W,NA,NA,1
sub-LGYC4L0W,NA,NA,NA
sub-LGZ21X0T,1,1,1
sub-LH12B4VL,NA,NA,NA
sub-LH3JEBJJ,NA,NA,NA
sub-LH3PCFW1,NA,NA,NA
sub-LH56Y94B,NA,NA,NA
sub-LH5M1C12,NA,NA,NA
sub-LH81TZYY,NA,NA,NA
sub-LH8BCL8E,NA,NA,NA
sub-LH8GZ09D,NA,NA,NA
sub-LHDVLUHD,1,1,1
sub-LHGW76WM,NA,NA,NA
sub-LHVD7DAX,NA,NA,NA
sub-LHW6YXV8,NA,NA,NA
sub-LHZWGFNU,1,1,1
sub-LJ2LUNEH,NA,NA,NA
sub-LJ3FUY7X,NA,NA,NA
sub-LJ74B5M8,NA,NA,1
sub-LJ8NB5W8,NA,NA,NA
sub-LJ8PG03W,NA,NA,NA
sub-LJ8VU64E,NA,NA,NA
sub-LJGRJBFE,NA,NA,NA
sub-LJJVHGJF,NA,NA,NA
sub-LJZ1B688,2,1,1
sub-LK12P4A5,NA,NA,NA
sub-LK15FXWL,NA,NA,NA
sub-LK1FNT2J,NA,NA,NA
sub-LK2RXTA3,NA,NA,1
sub-LK2VFHUD,NA,NA,NA
sub-LK2ZABWM,NA,NA,1
sub-LK4TZNUP,NA,NA,NA
sub-LK7A64VC,NA,NA,NA
sub-LKDHWPWF,NA,NA,1
sub-LKEDD3PV,NA,NA,NA
sub-LKF7L58W,NA,NA,1
sub-LKGBPW16,NA,NA,NA
sub-LKNX6HF1,NA,NA,NA
sub-LKWJTNDZ,NA,NA,1
sub-LL0J4VDZ,NA,NA,NA
sub-LL15HE4W,NA,NA,NA
sub-LL298YYK,NA,NA,NA
sub-LL4RJXKW,NA,NA,NA
sub-LL8XP3FZ,NA,NA,1
sub-LLC8XX9N,NA,NA,1
sub-LLGNHY2A,NA,NA,NA
sub-LLNH75CD,NA,NA,NA
sub-LLP4AVF8,NA,NA,NA
sub-LLRVRMM8,NA,NA,NA
sub-LLUDJYK1,NA,NA,NA
sub-LLUH8L20,NA,NA,1
sub-LLURBVRZ,NA,NA,NA
sub-LLZLTZKG,NA,NA,NA
sub-LM20BZVZ,1,1,1
sub-LM351W49,NA,NA,NA
sub-LM6JRR6C,NA,NA,NA
sub-LM81WCFX,NA,NA,NA
sub-LMAAJ8JJ,NA,NA,NA
sub-LMFVJWJJ,1,1,1
sub-LMME1BK2,NA,NA,NA
sub-LMRC8HMX,NA,NA,NA
sub-LMU4CC2J,NA,NA,1
sub-LMXXGG4U,NA,NA,NA
sub-LMY0XZB5,NA,NA,1
sub-LMZN1PFG,NA,NA,1
sub-LN3392MM,NA,NA,1
sub-LN7EJAJZ,NA,NA,NA
sub-LN820KH9,NA,NA,NA
sub-LN9JCZ56,1,1,1
sub-LN9ZEHNH,NA,NA,NA
sub-LNA2KYAP,NA,NA,1
sub-LNA4879N,NA,NA,NA
sub-LNF7Y6BR,NA,NA,NA
sub-LNMK5FAN,NA,NA,1
sub-LNN6NNXL,NA,NA,1
sub-LNP634D0,NA,NA,NA
sub-LP57P64D,NA,NA,NA
sub-LP5E0X7A,NA,NA,NA
sub-LP7DY7CH,NA,NA,NA
sub-LP8EN3JX,NA,NA,NA
sub-LP8Z7WGG,NA,NA,NA
sub-LPB8G89P,NA,NA,NA
sub-LPMG7ZFU,NA,NA,NA
sub-LPUBRVKK,NA,NA,NA
sub-LPXG0D4J,NA,NA,NA
sub-LPY5VAXY,NA,NA,NA
sub-LR0B3GA6,1,1,1
sub-LR6BN87U,NA,NA,NA
sub-LR6TMLK4,NA,NA,NA
sub-LRAEA45M,NA,NA,1
sub-LRB2Z0NK,NA,NA,NA
sub-LRHY4MJ7,NA,NA,NA
sub-LRKEWN7Z,NA,NA,1
sub-LRKX5MHU,1,1,1
sub-LRNZXLDX,NA,NA,NA
sub-LRTEWBMH,NA,NA,NA
sub-LRWKM99G,NA,NA,NA
sub-LT1HC65N,NA,NA,NA
sub-LT2EULFN,NA,NA,NA
sub-LT4KYA8H,NA,NA,1
sub-LTBUDMJ7,NA,NA,NA
sub-LTDF7P86,NA,NA,NA
sub-LTFB8A3W,NA,NA,NA
sub-LTFXTGJ0,NA,NA,NA
sub-LTJFH518,NA,NA,NA
sub-LTNAN0HU,NA,NA,NA
sub-LU2M4RX1,NA,NA,NA
sub-LU997J7H,NA,NA,NA
sub-LUCM81R3,NA,NA,NA
sub-LUD0JRN7,NA,NA,1
sub-LUDF8E8N,NA,NA,NA
sub-LUG7X89E,NA,NA,NA
sub-LUJH4U9P,NA,NA,NA
sub-LUK4RL10,NA,NA,NA
sub-LUNAZWBH,NA,NA,NA
sub-LUZ9DL2U,NA,NA,NA
sub-LV1B5BTT,NA,NA,NA
sub-LV81ZJGV,NA,NA,1
sub-LVD0W18X,NA,NA,NA
sub-LVER5P67,1,1,NA
sub-LVJCXFZ6,NA,NA,NA
sub-LVJNK52B,NA,NA,NA
sub-LVLGKC0B,NA,NA,1
sub-LVLHRL2N,NA,NA,NA
sub-LVT4DDY4,NA,NA,1
sub-LVW41722,NA,NA,NA
sub-LVW6C8DX,NA,NA,1
sub-LW0J7PJB,1,1,1
sub-LW127JFT,NA,NA,1
sub-LW1RLJYP,NA,NA,NA
sub-LW36C0X2,NA,NA,NA
sub-LW6HE03C,NA,NA,NA
sub-LW72174Z,NA,NA,1
sub-LW99RX92,NA,NA,NA
sub-LW9TBNE7,NA,NA,NA
sub-LW9XT5P3,NA,NA,1
sub-LWDAW4KR,1,1,1
sub-LWH9WH49,NA,NA,NA
sub-LWLM2K92,1,1,1
sub-LWR6LC0N,NA,NA,NA
sub-LWRKNUN1,NA,NA,1
sub-LWVFT8R4,NA,NA,NA
sub-LWZ02AMC,NA,NA,1
sub-LX09YB8N,NA,NA,NA
sub-LX0YXH5F,1,1,NA
sub-LX2BTC9B,NA,NA,NA
sub-LX2XL2NM,1,1,1
sub-LX743R78,NA,NA,NA
sub-LX8DTG4D,NA,NA,1
sub-LX8NH532,NA,NA,NA
sub-LXAZHZFG,NA,NA,NA
sub-LXC3WJW0,NA,NA,1
sub-LXDEDXFV,NA,NA,1
sub-LXEAXZ7M,NA,NA,NA
sub-LXG4PFTE,NA,NA,1
sub-LXKCG48T,NA,NA,NA
sub-LXWDWVR4,1,1,NA
sub-LXZ3RPWB,1,1,1
sub-LY0ZDHGV,NA,NA,NA
sub-LZ0K08DY,NA,NA,NA
sub-LZ0V0F16,NA,NA,1
sub-LZ7V99WZ,NA,NA,1
sub-LZ97FPMY,1,1,1
sub-LZBR5BLJ,NA,NA,NA
sub-LZE790N4,NA,NA,NA
sub-LZEPNXZU,NA,NA,NA
sub-LZF5ZK83,NA,NA,NA
sub-LZFBLRXR,1,1,1
sub-LZHG1ZK6,NA,NA,NA
sub-LZHGWH8V,NA,NA,1
sub-LZNG6R0U,NA,NA,NA
sub-LZRHC6A5,NA,NA,1
sub-LZUEMGGJ,NA,NA,1
sub-LZVJ5RNK,NA,NA,NA
sub-M007MAX7,NA,NA,1
sub-M00MPW0G,NA,NA,1
sub-M02A1YVT,NA,NA,NA
sub-M03FUB7G,NA,NA,NA
sub-M05MNA24,NA,NA,1
sub-M0706PEX,NA,NA,NA
sub-M0DUMRDX,NA,NA,NA
sub-M0GGBPHL,NA,NA,NA
sub-M0JXYXX1,1,1,NA
sub-M0L87M5X,NA,NA,1
sub-M0X5DYN0,NA,NA,NA
sub-M11AJZ2A,NA,NA,NA
sub-M15U5KMV,NA,NA,NA
sub-M1HAJGWE,NA,NA,NA
sub-M1K9YXUG,1,1,1
sub-M1X8ZZTN,NA,NA,NA
sub-M1Z5GMD8,NA,NA,NA
sub-M22URD3V,1,1,1
sub-M255ZJ8M,NA,NA,NA
sub-M26N3JT3,NA,NA,NA
sub-M278A3KW,NA,NA,NA
sub-M2AA5DTD,NA,NA,1
sub-M2BH35YN,NA,NA,NA
sub-M2D7TR38,NA,NA,NA
sub-M2EJE47J,NA,NA,NA
sub-M2FL3HW3,NA,NA,NA
sub-M2JLZJJ1,NA,NA,NA
sub-M2KHVT0W,NA,NA,NA
sub-M2KK7E4Y,NA,NA,NA
sub-M2M5XX56,NA,NA,1
sub-M2MEJBDH,NA,NA,NA
sub-M2MMLG2V,NA,NA,NA
sub-M2R7LWZ1,NA,NA,NA
sub-M35JHYZ5,NA,NA,NA
sub-M38PWW4W,NA,NA,NA
sub-M3902G6F,NA,NA,NA
sub-M3BPA3ZR,1,1,1
sub-M3E8EU28,NA,NA,NA
sub-M3JM9ARN,NA,NA,NA
sub-M3LU9WJM,NA,NA,1
sub-M3VWCXNN,1,1,1
sub-M41A58WT,NA,NA,1
sub-M42YXRFM,1,1,1
sub-M4649VK1,1,1,1
sub-M48HLU0M,NA,NA,NA
sub-M4D87T1B,NA,NA,NA
sub-M4ERTB72,NA,NA,NA
sub-M4LX2X19,NA,NA,NA
sub-M4MC3HPC,NA,NA,NA
sub-M4ZC6HW9,NA,NA,NA
sub-M505MCHH,NA,NA,NA
sub-M50LU9VD,NA,NA,NA
sub-M53DBA1M,NA,NA,1
sub-M54L76B9,NA,NA,NA
sub-M5C3J0GA,NA,NA,NA
sub-M5F9LGBU,NA,NA,1
sub-M5FT83M6,NA,NA,NA
sub-M5GN30FZ,1,1,1
sub-M5GX1Z2W,NA,NA,NA
sub-M5M4VXYD,NA,NA,NA
sub-M5P36WUD,NA,NA,NA
sub-M5VGRR57,NA,NA,NA
sub-M62WXE7J,NA,NA,NA
sub-M6781J8F,NA,NA,NA
sub-M68WD1CV,NA,NA,1
sub-M6DMWBV5,NA,NA,NA
sub-M6EBZ88E,NA,NA,NA
sub-M6J02DZA,NA,NA,NA
sub-M6LGY18K,NA,NA,NA
sub-M6LNBP2L,NA,NA,NA
sub-M6LR22KX,NA,NA,1
sub-M6PPNLBL,NA,NA,NA
sub-M6VG3Z7Y,NA,NA,NA
sub-M6XB1GYE,NA,NA,1
sub-M70F0J7W,NA,NA,NA
sub-M7175YDC,NA,NA,NA
sub-M7B2FF2Y,NA,NA,1
sub-M7FJXJRR,1,1,1
sub-M7LL5JGJ,NA,NA,1
sub-M7T4Y22R,NA,NA,NA
sub-M7V41Z3J,NA,NA,1
sub-M7WZ5E71,NA,NA,1
sub-M7YD6387,NA,NA,NA
sub-M7Z0URXU,NA,NA,1
sub-M804XVZA,NA,NA,NA
sub-M826RRL7,1,1,1
sub-M862T2XJ,NA,NA,NA
sub-M86N4GZV,NA,NA,NA
sub-M8824V2L,NA,NA,NA
sub-M889LV1R,NA,NA,1
sub-M892T4X1,1,1,1
sub-M89ZJM03,NA,NA,NA
sub-M8CDN9GH,NA,NA,NA
sub-M8HMUPN5,NA,NA,NA
sub-M8LL41UF,NA,NA,NA
sub-M8P79888,NA,NA,NA
sub-M8PMJ7MH,2,1,1
sub-M8YJ4H0V,NA,NA,NA
sub-M8YR6UAH,NA,NA,NA
sub-M8YV8RNM,NA,NA,NA
sub-M91VXF6F,NA,NA,NA
sub-M95G4AL8,NA,NA,1
sub-M96ND9WX,NA,NA,1
sub-M96YWHXB,NA,NA,NA
sub-M991TN8B,NA,NA,NA
sub-M99BLZUE,NA,NA,NA
sub-M9KC36N1,NA,NA,1
sub-M9LBHANT,NA,NA,NA
sub-M9VTUE2G,NA,NA,NA
sub-M9ZZ5KAT,NA,NA,NA
sub-MA0MXL96,NA,NA,NA
sub-MA6DD9GU,NA,NA,NA
sub-MA9CKHR6,NA,NA,1
sub-MAABD7MX,NA,NA,1
sub-MABFTW07,NA,NA,NA
sub-MAEVPZJ0,NA,NA,NA
sub-MAFGTMLE,1,1,1
sub-MAK80V91,1,1,1
sub-MAUJBDD7,NA,NA,NA
sub-MAV6PR9W,1,1,1
sub-MAW066K7,1,1,1
sub-MAXZDNVW,NA,NA,NA
sub-MAZ34RE3,NA,NA,1
sub-MAZCGHX3,NA,NA,NA
sub-MB01JV9Z,NA,NA,NA
sub-MB7HFCAV,NA,NA,1
sub-MBB9TAJL,NA,NA,1
sub-MBD8R833,NA,NA,NA
sub-MBF2NK39,NA,NA,NA
sub-MBFNBV6T,NA,NA,NA
sub-MBU1DVRD,NA,NA,NA
sub-MBVX3LHF,NA,NA,1
sub-MBWU2HEK,NA,NA,1
sub-MBWZMZ7V,NA,NA,NA
sub-MC12A6UB,NA,NA,NA
sub-MC1L92VA,NA,NA,1
sub-MC7UEVZ1,NA,NA,NA
sub-MC8MF8RY,NA,NA,NA
sub-MCB04PW4,NA,NA,NA
sub-MCBYJEV4,1,1,1
sub-MCMXCP5T,NA,NA,NA
sub-MCTA6E68,NA,NA,1
sub-MCYKEL17,NA,NA,NA
sub-MD2PYDUH,NA,NA,1
sub-MD3JLFR5,NA,NA,NA
sub-MDEU4XC0,1,1,1
sub-MDF3BYV1,NA,NA,NA
sub-MDWZP1FT,NA,NA,1
sub-MDX2NCNW,NA,NA,NA
sub-MDXW4Y3V,NA,NA,NA
sub-MDY1W3Y0,NA,NA,1
sub-ME5WWKGR,NA,NA,1
sub-MEEMU1EE,NA,NA,NA
sub-MEGDWWCW,NA,NA,1
sub-MEMP96PP,NA,NA,NA
sub-MENCHP62,NA,NA,1
sub-MEXEAWUY,NA,NA,NA
sub-MEZY36AN,NA,NA,NA
sub-MF00X6VN,NA,NA,1
sub-MF0LLWMJ,NA,NA,1
sub-MF445X55,NA,NA,NA
sub-MF4B9XWV,NA,NA,NA
sub-MF6NM996,1,1,1
sub-MFA31B8C,1,1,1
sub-MFHTK0W6,NA,NA,1
sub-MFMZ8KKG,NA,NA,NA
sub-MFVA1BZF,NA,NA,NA
sub-MG3RV4AC,1,1,1
sub-MG8EAHTW,NA,NA,1
sub-MG9REUL8,NA,NA,NA
sub-MGH9KKCV,NA,NA,NA
sub-MGJNC1PY,NA,NA,NA
sub-MGPDYH6P,NA,NA,NA
sub-MGX9TZCB,NA,NA,1
sub-MGXV051X,NA,NA,NA
sub-MGYDVKBT,1,1,1
sub-MH17G53W,NA,NA,1
sub-MH4PJ6L9,NA,NA,NA
sub-MHC4X2ZU,NA,NA,NA
sub-MHCA4296,NA,NA,NA
sub-MHDDJ00W,1,1,1
sub-MHERP6WJ,NA,NA,NA
sub-MHJ04F4G,NA,NA,1
sub-MHLVP2TG,1,1,1
sub-MHPNB2Y1,NA,NA,NA
sub-MHR6ZFBJ,NA,NA,NA
sub-MHW8NMD3,NA,NA,NA
sub-MJ1ZYZDY,2,1,1
sub-MJ61WEFZ,NA,NA,1
sub-MJB4F3FB,1,1,1
sub-MJC3XJ60,NA,NA,1
sub-MJFWNECM,NA,NA,NA
sub-MJH6HGA1,NA,NA,NA
sub-MJKP2NJJ,NA,NA,NA
sub-MJMFXLDG,NA,NA,NA
sub-MJPLXBJT,NA,NA,NA
sub-MJR80RMB,NA,NA,NA
sub-MJTPRDKA,NA,NA,NA
sub-MK2C98NZ,NA,NA,NA
sub-MK65MX3T,NA,NA,1
sub-MK86VH26,NA,NA,NA
sub-MK9LW258,NA,NA,NA
sub-MKBC4Z7D,NA,NA,NA
sub-MKBN011Z,NA,NA,NA
sub-MKC6DKGG,NA,NA,1
sub-MKDUT5K4,NA,NA,1
sub-MKFGRBV4,NA,NA,NA
sub-MKJWRTG8,NA,NA,NA
sub-MKNER6N9,NA,NA,NA
sub-MKPR1T1N,NA,NA,NA
sub-MKPVUMW3,NA,NA,NA
sub-MKRG2K7G,1,1,1
sub-MKW7RNZ8,NA,NA,1
sub-MKWH6RED,NA,NA,NA
sub-MKZM84DW,NA,NA,1
sub-ML1A2JFY,NA,NA,NA
sub-ML3JWCTF,1,1,1
sub-ML43DJ88,NA,NA,NA
sub-ML6ZF1HE,NA,NA,NA
sub-MLDY2ZT2,NA,NA,NA
sub-MLFXTJVE,NA,NA,1
sub-MLFXUXUL,NA,NA,1
sub-MLJ3F84X,1,1,1
sub-MLU3DJN0,NA,NA,1
sub-MLYM06JU,NA,NA,NA
sub-MM0GMFCC,NA,NA,NA
sub-MM3Y00ZD,NA,NA,NA
sub-MM5Z9B33,NA,NA,NA
sub-MMKMFJLN,NA,NA,NA
sub-MMLVDCJH,NA,NA,1
sub-MMN463FT,NA,NA,NA
sub-MMPNAM6J,NA,NA,NA
sub-MMRPRU94,NA,NA,NA
sub-MMY60CD5,NA,NA,NA
sub-MMZP7T96,NA,NA,NA
sub-MN01YD5J,NA,NA,NA
sub-MN0KZ6X8,NA,NA,1
sub-MN4MAMYN,NA,NA,NA
sub-MN57ZM5A,NA,NA,NA
sub-MN7K3JN0,NA,NA,1
sub-MNJ9X217,NA,NA,NA
sub-MNL567Y1,NA,NA,NA
sub-MNXPRD46,NA,NA,NA
sub-MP1NHUFC,NA,NA,1
sub-MP5HZ1LF,NA,NA,NA
sub-MP6JFH4L,NA,NA,1
sub-MP7JC377,NA,NA,NA
sub-MP8R9ZFP,NA,NA,1
sub-MPD4KFF5,NA,NA,1
sub-MPEAC3HK,NA,NA,NA
sub-MPFRT30T,NA,NA,1
sub-MPG07DEA,NA,NA,1
sub-MPPV8539,NA,NA,NA
sub-MPYDULNW,NA,NA,NA
sub-MPZ9B1D7,NA,NA,NA
sub-MR4MDKMZ,NA,NA,NA
sub-MR5M5RJX,NA,NA,NA
sub-MR60CAWU,NA,NA,NA
sub-MREK10C4,NA,NA,NA
sub-MRG4R7HM,NA,NA,NA
sub-MRH2PB50,1,1,1
sub-MRLFGEHA,1,1,1
sub-MRMZKMZ1,NA,NA,NA
sub-MRTV76E4,NA,NA,1
sub-MRUCJEH2,NA,NA,1
sub-MRX3ZHPK,NA,NA,NA
sub-MT5RKZJE,1,1,1
sub-MT695KBU,NA,NA,NA
sub-MTDA24C7,NA,NA,1
sub-MTELY8NJ,NA,NA,1
sub-MTG7H8NA,NA,NA,NA
sub-MTHF6N0P,NA,NA,NA
sub-MTJ5Z63Z,NA,NA,NA
sub-MTJ6URWD,NA,NA,1
sub-MTJ9G2GT,NA,NA,NA
sub-MTJLG5JL,NA,NA,NA
sub-MTVMYZRH,NA,NA,NA
sub-MTVTFDC0,NA,NA,NA
sub-MTYZ9AH4,NA,NA,1
sub-MU02E5YC,1,1,1
sub-MU31PB5B,NA,NA,NA
sub-MU5A4CM4,1,1,1
sub-MU98HMRL,NA,NA,NA
sub-MUG529LW,NA,NA,NA
sub-MUG9M7P1,NA,NA,NA
sub-MUJR2Y8Y,NA,NA,NA
sub-MUN8FEUL,NA,NA,1
sub-MUWA98AY,NA,NA,NA
sub-MUX0BWLZ,NA,NA,NA
sub-MV3VPRF1,NA,NA,1
sub-MVB45W2X,NA,NA,NA
sub-MVBGTBDZ,NA,NA,NA
sub-MVEW4R8F,NA,NA,NA
sub-MVEZ4E20,NA,NA,1
sub-MVF87GGA,NA,NA,NA
sub-MVNAVW2R,NA,NA,NA
sub-MVPDD8ZG,NA,NA,NA
sub-MVR4WAXV,NA,NA,NA
sub-MVT25ECP,NA,NA,1
sub-MVTF3GGD,NA,NA,NA
sub-MW03YLYP,NA,NA,NA
sub-MW3NKY5F,1,1,1
sub-MWC4BV86,NA,NA,NA
sub-MWCVEXRK,NA,NA,1
sub-MWE2597D,NA,NA,NA
sub-MWH0MZFX,NA,NA,NA
sub-MWHAGKYU,NA,NA,NA
sub-MWHKBMT0,1,1,1
sub-MWLND1RR,NA,NA,NA
sub-MWM6VBUW,NA,NA,1
sub-MWMRWLMA,NA,NA,NA
sub-MWTU519G,NA,NA,NA
sub-MWTUT7TZ,NA,NA,NA
sub-MWWHDNLT,1,1,1
sub-MWY2AZNP,1,1,1
sub-MX57RL1Z,NA,NA,1
sub-MX882GU3,NA,NA,NA
sub-MXGF4JT5,NA,NA,1
sub-MXGV952X,NA,NA,NA
sub-MXLBV1M3,NA,NA,1
sub-MXLXZNG2,NA,NA,NA
sub-MXMAHBU0,NA,NA,NA
sub-MXNTYPJU,NA,NA,1
sub-MXWW79G0,NA,NA,NA
sub-MXXDXPF1,NA,NA,NA
sub-MXZ3JJ2G,NA,NA,NA
sub-MY0LW01P,NA,NA,NA
sub-MY1X0RAH,NA,NA,NA
sub-MY3YJ5RU,NA,NA,NA
sub-MY85AAAM,NA,NA,NA
sub-MY8D3KPH,NA,NA,NA
sub-MYBT9KJV,NA,NA,NA
sub-MYECMVTU,NA,NA,NA
sub-MYJA6PJP,NA,NA,NA
sub-MYKKZ4YM,NA,NA,NA
sub-MYUC7TV1,NA,NA,1
sub-MYUETYD2,NA,NA,1
sub-MYUP1YJ7,2,1,1
sub-MZ0E548E,1,1,1
sub-MZ82F8YP,NA,NA,NA
sub-MZBDGK94,NA,NA,1
sub-MZCA5Y9V,NA,NA,NA
sub-MZG6CUGJ,NA,NA,NA
sub-MZKNKER7,NA,NA,NA
sub-MZLYE6WZ,NA,NA,NA
sub-MZP6BUUM,NA,NA,1
sub-MZYRHT83,NA,NA,1
sub-MZZT8FFB,NA,NA,NA
sub-N02C4BXV,NA,NA,1
sub-N02TDMZM,NA,NA,1
sub-N070J1H4,NA,NA,1
sub-N071F6DW,NA,NA,NA
sub-N0822RB5,NA,NA,NA
sub-N08WN4MR,NA,NA,NA
sub-N095EK2P,NA,NA,1
sub-N0AK70MR,1,1,1
sub-N0BDRD6E,NA,NA,NA
sub-N0JV7RUL,NA,NA,1
sub-N0LY056B,NA,NA,NA
sub-N0R3YY02,NA,NA,NA
sub-N0T52ZWL,NA,NA,NA
sub-N0XCHU07,1,1,1
sub-N0YR7MHZ,NA,NA,1
sub-N10J6V21,NA,NA,NA
sub-N12PKFR0,NA,NA,NA
sub-N133CPC0,NA,NA,NA
sub-N150D5AC,NA,NA,NA
sub-N160DMUM,NA,NA,1
sub-N18KZ8TG,1,1,1
sub-N19DGR09,NA,NA,NA
sub-N1H3BGLN,NA,NA,1
sub-N1HATRZN,NA,NA,NA
sub-N1J48BYV,NA,NA,NA
sub-N1NZHJ7B,NA,NA,NA
sub-N1TKYKW1,NA,NA,NA
sub-N1UYXP41,NA,NA,NA
sub-N1V585NY,NA,NA,1
sub-N1VEBNHP,NA,NA,NA
sub-N1VPLV83,NA,NA,1
sub-N1Y93M5A,NA,NA,NA
sub-N1YJZK64,NA,NA,NA
sub-N22KZG4B,NA,NA,NA
sub-N29F40LG,NA,NA,NA
sub-N2CM6UDZ,NA,NA,NA
sub-N2CVFJPN,NA,NA,NA
sub-N2H3FKB7,NA,NA,NA
sub-N2HBFMWK,1,1,1
sub-N2MD051W,NA,NA,NA
sub-N2MWGPU2,NA,NA,NA
sub-N2R08D31,NA,NA,NA
sub-N2RB0FR4,NA,NA,NA
sub-N2TF0U03,NA,NA,NA
sub-N31J6BXZ,NA,NA,NA
sub-N394NEWK,NA,NA,1
sub-N3AV35WW,NA,NA,NA
sub-N3H785FW,NA,NA,1
sub-N3KE0NWT,1,1,1
sub-N3M2X26L,NA,NA,NA
sub-N3NK0GNE,NA,NA,NA
sub-N3UAB7C8,NA,NA,NA
sub-N3W1266D,NA,NA,NA
sub-N3YUHW7U,NA,NA,NA
sub-N4800E3M,NA,NA,1
sub-N4BPDTK4,NA,NA,NA
sub-N4DBED7D,NA,NA,1
sub-N4F57516,NA,NA,NA
sub-N4G2HXY1,NA,NA,NA
sub-N4H2VUF6,NA,NA,NA
sub-N4L0J1AL,1,1,1
sub-N4YXHNL8,NA,NA,NA
sub-N52TVLYF,NA,NA,1
sub-N53926NR,NA,NA,1
sub-N542D50W,NA,NA,1
sub-N58UMDJ3,NA,NA,NA
sub-N5919504,NA,NA,NA
sub-N5BG5LUD,1,1,1
sub-N5BUFTWL,NA,NA,NA
sub-N5FRRMAK,NA,NA,NA
sub-N5H1K388,NA,NA,NA
sub-N5HX249Z,NA,NA,NA
sub-N5R5EDC3,NA,NA,NA
sub-N5RLE3KR,NA,NA,NA
sub-N5UEMDUZ,1,1,1
sub-N5VGRRXB,NA,NA,NA
sub-N5XU9AVH,NA,NA,1
sub-N66GLBBM,NA,NA,NA
sub-N6BH556Y,NA,NA,1
sub-N6D2HAYA,NA,NA,1
sub-N6E9XK0R,NA,NA,NA
sub-N6EULLPB,NA,NA,NA
sub-N6F1W041,NA,NA,NA
sub-N6MYRELB,NA,NA,NA
sub-N6N0V2FU,NA,NA,NA
sub-N6R4KJPT,NA,NA,1
sub-N6UYBJ3E,NA,NA,NA
sub-N6VRV5HK,NA,NA,NA
sub-N70WP7FM,NA,NA,NA
sub-N72UK9CX,NA,NA,NA
sub-N73BT0HM,NA,NA,NA
sub-N7FKUA2W,NA,NA,NA
sub-N7MH5976,NA,NA,1
sub-N7UFARMD,NA,NA,NA
sub-N87U1DM1,NA,NA,NA
sub-N88C09ZT,NA,NA,NA
sub-N8E1A40C,NA,NA,NA
sub-N8KGV116,NA,NA,NA
sub-N8P9M0EX,NA,NA,NA
sub-N8RFAZ29,1,1,1
sub-N8V2AN3W,1,1,1
sub-N8V7KR39,NA,NA,NA
sub-N8V9JFDL,NA,NA,NA
sub-N8VXKZGH,NA,NA,NA
sub-N8WMY397,NA,NA,1
sub-N93CC8AU,NA,NA,NA
sub-N93YP92E,NA,NA,NA
sub-N98DVNK8,NA,NA,NA
sub-N98L0THW,1,1,1
sub-N98XYXM3,1,1,1
sub-N9D4XZKE,NA,NA,NA
sub-N9EX2F1A,NA,NA,NA
sub-N9JLFY1D,NA,NA,NA
sub-N9X5J0M6,NA,NA,1
sub-NA0D3G9K,NA,NA,NA
sub-NA0JBJZ6,NA,NA,NA
sub-NA11366W,NA,NA,NA
sub-NA6CENPC,NA,NA,NA
sub-NA7M4ME8,NA,NA,NA
sub-NA8XT5V1,NA,NA,NA
sub-NACZ6DC5,1,1,1
sub-NAFXDF3U,1,1,1
sub-NAJWH1CY,NA,NA,NA
sub-NAPE75LG,NA,NA,NA
sub-NB03VB7J,NA,NA,NA
sub-NB6EVP2A,NA,NA,NA
sub-NB7DWNKK,NA,NA,NA
sub-NB7FB7HX,NA,NA,NA
sub-NBCLFXHV,NA,NA,NA
sub-NBJ852WE,1,1,1
sub-NBJHR1RV,NA,NA,NA
sub-NBMXW84N,1,1,1
sub-NBNVKVCC,NA,NA,NA
sub-NBTG8FF5,NA,NA,NA
sub-NBU3UA23,NA,NA,NA
sub-NC0VMHJK,NA,NA,NA
sub-NC2BCXWR,NA,NA,NA
sub-NC5V6UTJ,NA,NA,NA
sub-NC7PM9RJ,NA,NA,1
sub-NCA4LR1R,1,1,1
sub-NCEE4GWH,NA,NA,1
sub-NCEUKV27,NA,NA,NA
sub-NCM19JA9,NA,NA,NA
sub-NCM6KXZT,NA,NA,NA
sub-NCUV83U4,NA,NA,NA
sub-ND1UG4ZP,NA,NA,NA
sub-ND5XWHDF,NA,NA,1
sub-ND6DPGMT,NA,NA,NA
sub-NDCR1NEX,NA,NA,NA
sub-NDEK4K38,NA,NA,NA
sub-NDF1FD44,NA,NA,1
sub-NDGUJMHY,NA,NA,NA
sub-NDJD26TK,1,1,1
sub-NDLB4UTU,1,1,1
sub-NDTALD7T,1,1,1
sub-NDTCY532,NA,NA,1
sub-NDULXB1V,NA,NA,NA
sub-NDYK09VH,1,1,1
sub-NE28ULRV,NA,NA,NA
sub-NE5HMEV6,NA,NA,NA
sub-NE8U2H3X,NA,NA,NA
sub-NEBJA9J9,NA,NA,NA
sub-NEGNRZ5L,NA,NA,1
sub-NEJ8RBUG,NA,NA,NA
sub-NEM5D36M,NA,NA,1
sub-NEMEFF9L,NA,NA,1
sub-NEPC9JXH,NA,NA,NA
sub-NER12NXX,NA,NA,1
sub-NERE3UUN,1,1,1
sub-NEZBVR4A,NA,NA,NA
sub-NF2BWTVU,NA,NA,1
sub-NF8FVG3V,NA,NA,NA
sub-NFBP257T,NA,NA,1
sub-NFVA3GM5,NA,NA,NA
sub-NFWYZZJR,NA,NA,NA
sub-NGAXVYPV,NA,NA,NA
sub-NGBV37R2,NA,NA,NA
sub-NGJJTJJD,NA,NA,NA
sub-NGKCJE4V,NA,NA,NA
sub-NGL4MJW6,NA,NA,1
sub-NGNVU013,NA,NA,NA
sub-NGT8NC5C,NA,NA,NA
sub-NGUM0P6A,NA,NA,NA
sub-NHBWEUN0,1,1,1
sub-NHF7ECGW,NA,NA,NA
sub-NHKNUNA6,NA,NA,NA
sub-NHL7P38J,NA,NA,NA
sub-NHN8DBMA,NA,NA,1
sub-NHRALH87,NA,NA,NA
sub-NHT4ULK3,NA,NA,NA
sub-NHVAX6N2,NA,NA,NA
sub-NHW1MYD8,NA,NA,1
sub-NHW5VBD8,NA,NA,1
sub-NHX1P9GX,NA,NA,1
sub-NHZ8AAGB,NA,NA,1
sub-NJ0YZWA1,NA,NA,NA
sub-NJ3MLYLN,NA,NA,1
sub-NJA6E3NT,NA,NA,1
sub-NJGJ5FRB,NA,NA,1
sub-NJJKF0G9,NA,NA,1
sub-NJRMP62L,NA,NA,NA
sub-NJUFTFPL,NA,NA,NA
sub-NJV8EH3R,NA,NA,NA
sub-NJZ2654E,NA,NA,1
sub-NJZ90LJV,NA,NA,NA
sub-NK028N92,NA,NA,NA
sub-NK12ULUJ,NA,NA,NA
sub-NKBLG2AL,NA,NA,NA
sub-NKCFGVZJ,NA,NA,NA
sub-NKD30CF3,NA,NA,NA
sub-NKDAKNDG,NA,NA,NA
sub-NKHR1FP8,NA,NA,NA
sub-NKL9ZDUT,NA,NA,NA
sub-NKLXDVZ4,NA,NA,NA
sub-NKNMHEML,NA,NA,NA
sub-NKW63Z0P,NA,NA,NA
sub-NKWEHXRD,1,1,1
sub-NKYNEYLV,NA,NA,NA
sub-NLDXXNVV,NA,NA,NA
sub-NLE5Z05F,NA,NA,NA
sub-NLHKGHPB,1,1,1
sub-NLHUL300,NA,NA,NA
sub-NLL5U5K7,NA,NA,NA
sub-NLN4DGBT,NA,NA,NA
sub-NM1UPRPA,NA,NA,NA
sub-NM81RNFR,NA,NA,1
sub-NM82BUZL,NA,NA,1
sub-NMC8EYAA,NA,NA,NA
sub-NMHULM8G,NA,NA,NA
sub-NMJZEZRD,NA,NA,NA
sub-NMRZ1KX9,NA,NA,NA
sub-NN0RLX9M,NA,NA,NA
sub-NN1MW2UN,NA,NA,NA
sub-NNA7JH41,NA,NA,NA
sub-NNC4ZB88,NA,NA,NA
sub-NNGRWVM6,NA,NA,1
sub-NNH6EZH4,NA,NA,NA
sub-NNN5FFAL,NA,NA,1
sub-NNNG8Z3V,NA,NA,NA
sub-NNNX0496,NA,NA,1
sub-NNPFHUUY,NA,NA,NA
sub-NNVUN23M,NA,NA,NA
sub-NNZDV7GK,NA,NA,NA
sub-NP03A4NN,NA,NA,NA
sub-NP0MNAB4,NA,NA,NA
sub-NP1K27ZZ,NA,NA,NA
sub-NP2BVPR0,NA,NA,NA
sub-NP4AJ4XW,NA,NA,1
sub-NP54NNW4,NA,NA,NA
sub-NP8XX1M5,NA,NA,NA
sub-NP98F2ZZ,NA,NA,1
sub-NP9P3E2H,NA,NA,NA
sub-NPCKJF8R,NA,NA,NA
sub-NPDJ80MX,NA,NA,1
sub-NPJAW7U8,NA,NA,NA
sub-NPNAGWRF,NA,NA,1
sub-NPNBGGHP,NA,NA,NA
sub-NPTLFHLG,NA,NA,NA
sub-NPUYJZV2,NA,NA,NA
sub-NR3D78P1,NA,NA,NA
sub-NR53UYUX,NA,NA,NA
sub-NR9XMXRM,NA,NA,NA
sub-NRDK253J,NA,NA,NA
sub-NRKEL6CB,NA,NA,NA
sub-NRMA4NRD,NA,NA,1
sub-NRMWTVD1,NA,NA,NA
sub-NRRH2V7K,NA,NA,NA
sub-NRVAZLB0,NA,NA,NA
sub-NRZ3PD4C,NA,NA,NA
sub-NT25VUY7,NA,NA,1
sub-NT49PTFA,1,1,1
sub-NT4P4M2F,NA,NA,NA
sub-NT6BJVLB,NA,NA,NA
sub-NT6CA1D1,NA,NA,1
sub-NT7CZNMZ,1,1,1
sub-NTAR3TAF,NA,NA,NA
sub-NTB9DCL8,NA,NA,NA
sub-NTBJKLYB,NA,NA,NA
sub-NTBRC1TA,NA,NA,NA
sub-NTD0Y2TZ,NA,NA,NA
sub-NTJ9TYDB,NA,NA,1
sub-NTJF26D6,NA,NA,NA
sub-NTK7UH4C,NA,NA,1
sub-NTLRZGPK,NA,NA,NA
sub-NTUN0CBE,NA,NA,1
sub-NTY8NW4G,NA,NA,NA
sub-NU26TCT4,NA,NA,NA
sub-NU2URG3T,NA,NA,NA
sub-NU44R23M,NA,NA,1
sub-NU4ZHCN2,NA,NA,NA
sub-NU5J10B7,NA,NA,NA
sub-NU82PG6M,NA,NA,NA
sub-NU9AXHPG,NA,NA,1
sub-NUAGE7UT,NA,NA,NA
sub-NUGP1JGD,NA,NA,NA
sub-NUKK77ZR,NA,NA,NA
sub-NUMKHR3C,NA,NA,1
sub-NUNMDE7M,NA,NA,NA
sub-NURJPEMB,NA,NA,NA
sub-NUVYJFN0,NA,NA,NA
sub-NUW6H30L,NA,NA,1
sub-NUWHUFKV,1,1,1
sub-NV04JNKA,NA,NA,NA
sub-NV27DF2W,NA,NA,NA
sub-NV8R8VAU,NA,NA,NA
sub-NVF8N71U,NA,NA,NA
sub-NVHZ41TU,1,1,1
sub-NVJLJ735,NA,NA,NA
sub-NVVMEGAA,NA,NA,NA
sub-NVY8KZHN,NA,NA,1
sub-NVZ6Y707,NA,NA,NA
sub-NVZEHYV5,NA,NA,1
sub-NW2HYJL7,NA,NA,NA
sub-NW7JFAN8,NA,NA,NA
sub-NW8EEBWY,NA,NA,NA
sub-NW8TFAV3,NA,NA,NA
sub-NWMRHTJT,NA,NA,1
sub-NWMZAR95,NA,NA,NA
sub-NWRWBM61,NA,NA,NA
sub-NWUL0U0R,NA,NA,1
sub-NWXUBEN8,NA,NA,NA
sub-NWYK8ZNE,NA,NA,NA
sub-NWYV2A50,1,1,1
sub-NWZ3R1DL,NA,NA,NA
sub-NX3RCFCH,NA,NA,NA
sub-NX4U1RRY,NA,NA,NA
sub-NX5G08HC,NA,NA,1
sub-NX6AEDBV,NA,NA,1
sub-NX6KVGNJ,NA,NA,NA
sub-NX9NHTTU,NA,NA,NA
sub-NXBPU3GK,NA,NA,1
sub-NXE29956,NA,NA,1
sub-NXE35ZCX,NA,NA,NA
sub-NXL6MCVD,2,1,1
sub-NXNW7UUX,NA,NA,1
sub-NXP646J1,NA,NA,NA
sub-NXU172XX,NA,NA,NA
sub-NXWTX9VX,NA,NA,1
sub-NXXDV17F,NA,NA,NA
sub-NY2M953H,NA,NA,NA
sub-NY4HU8H1,NA,NA,NA
sub-NY5R8N51,NA,NA,NA
sub-NY9E48W0,NA,NA,NA
sub-NYNVR7NV,NA,NA,NA
sub-NYP48E8M,NA,NA,1
sub-NZ2C50P3,NA,NA,NA
sub-NZ57LLN6,NA,NA,NA
sub-NZ6PNAL2,NA,NA,NA
sub-NZ90MJVP,NA,NA,NA
sub-NZAAFPBG,1,1,1
sub-NZBMPZ55,2,1,1
sub-NZZPEY3P,NA,NA,NA
sub-P023WXRZ,NA,NA,1
sub-P0D6UYGA,NA,NA,NA
sub-P0ETGBGY,1,1,1
sub-P0HH0FHJ,NA,NA,NA
sub-P0JX713M,1,1,1
sub-P0LPUEC2,NA,NA,NA
sub-P0R0G7PW,NA,NA,NA
sub-P0T27M9X,NA,NA,NA
sub-P0UWHEP8,NA,NA,1
sub-P0WKD3JY,NA,NA,NA
sub-P0XRDYT0,NA,NA,1
sub-P12BW7UL,NA,NA,1
sub-P16001A3,NA,NA,NA
sub-P164C21L,NA,NA,NA
sub-P16EZY2C,NA,NA,NA
sub-P1BMWBHG,1,1,1
sub-P1KF5XL7,NA,NA,NA
sub-P1KJ0DC9,NA,NA,NA
sub-P1UX7A9Z,NA,NA,NA
sub-P1VHW53K,NA,NA,NA
sub-P1WDXV8E,NA,NA,NA
sub-P205AX39,NA,NA,NA
sub-P264KPEY,NA,NA,1
sub-P2C779F9,NA,NA,NA
sub-P2E79N2K,NA,NA,NA
sub-P2EL0JFJ,NA,NA,NA
sub-P2G0PXCM,NA,NA,1
sub-P2M60U74,NA,NA,NA
sub-P2TXVMJP,NA,NA,NA
sub-P32CZKYP,NA,NA,NA
sub-P32NXTL2,NA,NA,NA
sub-P3748X5Y,NA,NA,1
sub-P38LCGFT,NA,NA,1
sub-P39PLYCN,NA,NA,NA
sub-P3B4C2JE,NA,NA,NA
sub-P3G9ZM2J,NA,NA,1
sub-P3HZXZ6B,NA,NA,NA
sub-P3LDF3U5,NA,NA,NA
sub-P3MH0EFB,NA,NA,NA
sub-P3NFD934,NA,NA,NA
sub-P3U1CUBR,NA,NA,1
sub-P3UGFYAT,NA,NA,1
sub-P3WMBTEH,NA,NA,NA
sub-P3YKZ978,NA,NA,NA
sub-P3Z2GJ6J,NA,NA,NA
sub-P3Z6VCWP,NA,NA,NA
sub-P45PB0NA,NA,NA,NA
sub-P47A7DPL,NA,NA,1
sub-P4AK4PTK,NA,NA,1
sub-P4E09BXB,NA,NA,NA
sub-P4GP4VL1,NA,NA,NA
sub-P4GPP1NB,NA,NA,1
sub-P4HD6R8B,NA,NA,NA
sub-P4LTE255,1,1,1
sub-P4MAFBPM,NA,NA,NA
sub-P4RP5HAP,NA,NA,NA
sub-P4UTAP8V,NA,NA,1
sub-P4X701TR,NA,NA,NA
sub-P4YPBFFH,NA,NA,NA
sub-P4ZN3TT1,NA,NA,NA
sub-P55M5T0X,NA,NA,NA
sub-P598P7PM,NA,NA,NA
sub-P5A0M52P,NA,NA,NA
sub-P5B2AW86,NA,NA,NA
sub-P5BUWK7E,NA,NA,1
sub-P5BX14J7,NA,NA,1
sub-P5DWFRD0,NA,NA,NA
sub-P5GR1HMP,NA,NA,1
sub-P5J0UJXG,NA,NA,1
sub-P5PE9ZJW,NA,NA,1
sub-P5YNWP3D,NA,NA,NA
sub-P6166U2A,NA,NA,NA
sub-P61N70TM,NA,NA,NA
sub-P64DNDHT,NA,NA,1
sub-P65987U6,1,1,1
sub-P65TV30G,NA,NA,1
sub-P68163M4,NA,NA,NA
sub-P69PZ8N4,NA,NA,NA
sub-P6AED57Y,NA,NA,NA
sub-P6EV2WUA,NA,NA,NA
sub-P6NAG8DY,1,1,1
sub-P6U14LUE,1,1,1
sub-P6YMTHPY,NA,NA,NA
sub-P6ZT1BJE,1,1,1
sub-P70KAX7U,NA,NA,NA
sub-P74XG4NJ,NA,NA,1
sub-P79AXMBD,NA,NA,NA
sub-P7CPVWNU,NA,NA,1
sub-P7KEYEU0,NA,NA,1
sub-P7NCC1J0,NA,NA,1
sub-P7PFH5GK,NA,NA,NA
sub-P7UFXE5A,NA,NA,NA
sub-P7YTV29E,NA,NA,1
sub-P7ZDJ6UZ,NA,NA,NA
sub-P8CFEA4E,NA,NA,NA
sub-P8D1V80P,NA,NA,NA
sub-P8UTHGXY,NA,NA,1
sub-P8WE2JYW,NA,NA,NA
sub-P8Z5RP3Y,NA,NA,NA
sub-P93WF83K,NA,NA,1
sub-P96GJ0M8,NA,NA,NA
sub-P9BJ97CT,NA,NA,NA
sub-P9HUU6KM,NA,NA,1
sub-P9L68A4A,NA,NA,NA
sub-P9LDNE6V,NA,NA,NA
sub-P9LWMMB5,1,1,1
sub-P9NTMNTN,1,1,1
sub-P9P9YUVH,NA,NA,NA
sub-P9T34UK2,NA,NA,NA
sub-P9V9W7UN,NA,NA,NA
sub-P9Y862GP,NA,NA,NA
sub-PA1L60YE,1,1,1
sub-PA4ZHHGC,NA,NA,NA
sub-PA8MT8ZF,NA,NA,NA
sub-PAFHWXDX,NA,NA,NA
sub-PAFJ1FYV,NA,NA,NA
sub-PAJ26DUR,NA,NA,NA
sub-PAJ2K2CD,1,1,NA
sub-PAJ36D7V,NA,NA,1
sub-PAT718Y8,NA,NA,NA
sub-PATH0UC3,NA,NA,NA
sub-PATP4RPG,NA,NA,NA
sub-PATWUAVA,1,1,1
sub-PAXB8Z2R,NA,NA,NA
sub-PAXW8WZB,1,1,1
sub-PB6882BP,NA,NA,NA
sub-PB7TWVGE,NA,NA,NA
sub-PBDB6PBR,NA,NA,NA
sub-PBFD58BU,NA,NA,1
sub-PBG592EC,1,1,1
sub-PBJTJ0Z3,NA,NA,NA
sub-PBPLCYPE,NA,NA,NA
sub-PBVUXEJZ,NA,NA,1
sub-PBXK8FNA,NA,NA,NA
sub-PBYWZ1LX,NA,NA,1
sub-PBZ6UJ07,NA,NA,NA
sub-PC4E4MB4,NA,NA,NA
sub-PC72NTBK,NA,NA,NA
sub-PC8D0LNF,NA,NA,1
sub-PC925RZE,NA,NA,NA
sub-PCBB86LH,NA,NA,NA
sub-PCCWYX33,NA,NA,1
sub-PCCYREP8,NA,NA,NA
sub-PCFM6DWK,NA,NA,NA
sub-PCG19NKC,NA,NA,NA
sub-PCH8JM5B,NA,NA,NA
sub-PCHJT5DP,NA,NA,1
sub-PCJWLN13,NA,NA,NA
sub-PCLAGP3Z,NA,NA,NA
sub-PCULUWVC,NA,NA,NA
sub-PCV7FMWH,NA,NA,1
sub-PCVL3NDJ,NA,NA,NA
sub-PCX7W5JC,NA,NA,NA
sub-PD2HB0LU,NA,NA,NA
sub-PD7VZY4U,NA,NA,NA
sub-PDDWCGGW,NA,NA,NA
sub-PDFDEURE,NA,NA,NA
sub-PDHM8VFC,NA,NA,NA
sub-PDTCVTVC,NA,NA,NA
sub-PDUBZC3E,NA,NA,NA
sub-PDUZETD1,NA,NA,1
sub-PDV2UAGX,NA,NA,NA
sub-PDVYFN7E,1,1,1
sub-PDW73ZHF,NA,NA,1
sub-PE18AEMN,NA,NA,NA
sub-PE5JBKJ3,NA,NA,NA
sub-PE6W1Y3P,NA,NA,NA
sub-PE85EKXJ,NA,NA,NA
sub-PE8Y8D94,NA,NA,NA
sub-PEFTDJ7B,NA,NA,NA
sub-PEG2KF9H,1,1,1
sub-PEM4YKYG,1,1,1
sub-PENZ13BH,1,1,1
sub-PETLL0NE,NA,NA,1
sub-PETWZ0JC,NA,NA,NA
sub-PEUL1TU6,NA,NA,1
sub-PEYUTRRT,1,1,1
sub-PF0N5FWX,NA,NA,NA
sub-PF3UJTKW,NA,NA,NA
sub-PF4052KB,NA,NA,NA
sub-PF5T4C8D,NA,NA,NA
sub-PFB7Y8AM,1,1,1
sub-PFC26GTC,NA,NA,1
sub-PFK4E6YP,NA,NA,1
sub-PFLHJ8G2,NA,NA,NA
sub-PFLP04U0,NA,NA,1
sub-PFNN111R,NA,NA,1
sub-PG04NJDC,1,1,1
sub-PG5HVR50,NA,NA,NA
sub-PG8H0DUP,NA,NA,NA
sub-PG8YZKD4,NA,NA,NA
sub-PG9LVGLN,NA,NA,NA
sub-PGB4E8R7,NA,NA,NA
sub-PGC1BPEW,1,1,1
sub-PGE70ZD4,NA,NA,NA
sub-PGF1DHPJ,NA,NA,NA
sub-PGMJMWUZ,NA,NA,NA
sub-PGN6TE1J,NA,NA,NA
sub-PGR93KR4,NA,NA,NA
sub-PGRJ289W,NA,NA,NA
sub-PGV8M0Z4,NA,NA,NA
sub-PGW66JN0,NA,NA,NA
sub-PH0R4T6M,NA,NA,NA
sub-PH1KFTJ7,NA,NA,NA
sub-PH1V3YZD,NA,NA,1
sub-PH228FNP,NA,NA,NA
sub-PH3H7TPD,NA,NA,NA
sub-PH3LCEGR,NA,NA,1
sub-PH4BZ3KW,NA,NA,NA
sub-PH84UZAC,NA,NA,NA
sub-PHA422B4,NA,NA,NA
sub-PHDJPYND,NA,NA,NA
sub-PHF3RG66,NA,NA,NA
sub-PHGUL1Z3,NA,NA,NA
sub-PHGUNDL7,NA,NA,NA
sub-PHHNBM9Z,NA,NA,NA
sub-PHL3D8GY,NA,NA,NA
sub-PHMZV0N7,NA,NA,NA
sub-PHUWEGK1,NA,NA,NA
sub-PHWBVRBU,NA,NA,NA
sub-PHZZNTJZ,NA,NA,NA
sub-PJ2N86U5,NA,NA,1
sub-PJ39YVH9,NA,NA,NA
sub-PJ7TLN56,NA,NA,NA
sub-PJ80XL8H,1,1,1
sub-PJAYKP36,NA,NA,NA
sub-PJF841VD,NA,NA,NA
sub-PJP1641H,NA,NA,NA
sub-PJPT8KRY,NA,NA,NA
sub-PJWETA8W,NA,NA,NA
sub-PK0DBWJE,NA,NA,NA
sub-PK1G4FMB,2,1,1
sub-PK2EFH70,1,1,NA
sub-PKBPM221,NA,NA,NA
sub-PKD1XX0E,NA,NA,NA
sub-PKEKZ5AE,NA,NA,NA
sub-PKFRZUCH,1,1,NA
sub-PKGZ9380,NA,NA,NA
sub-PKHAU8GN,NA,NA,NA
sub-PKK4CED4,NA,NA,NA
sub-PKNB0CKK,NA,NA,NA
sub-PKXLA8CU,NA,NA,NA
sub-PL13NA8X,NA,NA,NA
sub-PL7J5X85,NA,NA,NA
sub-PL7L6GEM,1,1,1
sub-PL7VWK07,NA,NA,NA
sub-PLA9JVTC,NA,NA,1
sub-PLBB3DCW,1,1,1
sub-PLJ4JZJA,NA,NA,1
sub-PLKPLJ9K,NA,NA,1
sub-PLMH5DCB,NA,NA,1
sub-PLP1WVXM,NA,NA,NA
sub-PLX0ML98,NA,NA,NA
sub-PM21LPZT,NA,NA,NA
sub-PM4D70BG,NA,NA,1
sub-PM59P2MU,NA,NA,NA
sub-PMC2DEDN,2,1,1
sub-PME3AVNG,NA,NA,NA
sub-PMHGZU3M,NA,NA,1
sub-PMLB4NUF,1,1,1
sub-PMNK4WTH,NA,NA,NA
sub-PMUEBR2X,NA,NA,NA
sub-PMUNN8A8,NA,NA,NA
sub-PMV3Y0GW,NA,NA,NA
sub-PMWGZ7G1,NA,NA,NA
sub-PMYAAKXU,NA,NA,NA
sub-PMYB46U3,NA,NA,NA
sub-PN0FY9ER,NA,NA,NA
sub-PN36DTAC,NA,NA,1
sub-PN3M8KBK,1,1,1
sub-PNF8BAGH,NA,NA,1
sub-PNJ3GVUY,NA,NA,NA
sub-PNMUGJ4F,1,1,1
sub-PNUJ3TUX,NA,NA,NA
sub-PNUMLXXA,NA,NA,NA
sub-PNUWHMJP,1,1,1
sub-PNVM0V32,NA,NA,NA
sub-PP5NK3LX,NA,NA,1
sub-PP8UKJXY,NA,NA,1
sub-PPAM9GLW,NA,NA,NA
sub-PPEYYCZV,1,1,1
sub-PPGVEPWW,NA,NA,NA
sub-PPL151XE,NA,NA,NA
sub-PPN58EEF,NA,NA,1
sub-PPTGWLKJ,1,1,1
sub-PPY8DZG0,NA,NA,NA
sub-PPYH7MGJ,NA,NA,NA
sub-PR3T5MAK,NA,NA,NA
sub-PR6CBWP9,NA,NA,1
sub-PR7K4MAW,NA,NA,1
sub-PRDYVE4C,NA,NA,1
sub-PRFZLX5F,NA,NA,NA
sub-PRLTKVRN,NA,NA,NA
sub-PRNEYMH1,NA,NA,NA
sub-PRRC1JN2,NA,NA,NA
sub-PRX26ZJ6,NA,NA,NA
sub-PRZDG64U,NA,NA,1
sub-PT3LUUN3,NA,NA,NA
sub-PT3ZPKCT,NA,NA,1
sub-PT7J8GAY,NA,NA,1
sub-PT99PZAU,NA,NA,NA
sub-PTK9T3R5,NA,NA,1
sub-PTKFKAVR,NA,NA,1
sub-PTL35GHE,NA,NA,NA
sub-PTL6W25B,2,1,1
sub-PTM61L43,NA,NA,NA
sub-PTV6A941,NA,NA,NA
sub-PTVMXPMF,NA,NA,NA
sub-PU2M340V,NA,NA,NA
sub-PU3WY23M,NA,NA,1
sub-PU92TRNH,NA,NA,NA
sub-PUEXNZJU,NA,NA,NA
sub-PUGJUJZ2,NA,NA,NA
sub-PUHZMWL7,NA,NA,NA
sub-PUKB7WJ3,NA,NA,1
sub-PURW8L0G,NA,NA,1
sub-PUT0KYA5,NA,NA,1
sub-PUTKYX3K,1,1,1
sub-PUVCADU0,NA,NA,NA
sub-PUXXH60T,NA,NA,NA
sub-PUYA9796,NA,NA,NA
sub-PUZVE4U5,NA,NA,NA
sub-PV0GEE35,NA,NA,1
sub-PV1DMUHD,NA,NA,NA
sub-PV2C6C1M,NA,NA,1
sub-PV6F4UYA,NA,NA,NA
sub-PV7EDNMA,NA,NA,NA
sub-PV7ZR44N,NA,NA,NA
sub-PV9AKNCF,NA,NA,NA
sub-PV9BEEKH,NA,NA,NA
sub-PVMY2MPT,1,1,1
sub-PVT0X3NH,NA,NA,1
sub-PVV52NXT,NA,NA,NA
sub-PW35MYY5,NA,NA,1
sub-PW5RU88H,NA,NA,1
sub-PW7JVDDE,NA,NA,NA
sub-PWATAYXG,NA,NA,NA
sub-PWCF8X4C,NA,NA,NA
sub-PWDDAD3B,NA,NA,NA
sub-PWDTCU07,1,1,1
sub-PWL6YB2C,NA,NA,NA
sub-PWLFYWTX,NA,NA,1
sub-PWLU6JZY,NA,NA,1
sub-PWRY2NMT,NA,NA,NA
sub-PWWHBBJV,NA,NA,NA
sub-PWY97N4C,NA,NA,NA
sub-PX0NC4FE,NA,NA,NA
sub-PX2DGJHP,NA,NA,NA
sub-PX3YX562,NA,NA,1
sub-PX4NDUNA,NA,NA,NA
sub-PX8C7W65,NA,NA,NA
sub-PXA33ZKY,NA,NA,NA
sub-PXA96T93,NA,NA,1
sub-PXF7PDPX,NA,NA,NA
sub-PXKBKXC1,NA,NA,NA
sub-PXNFBFY9,NA,NA,1
sub-PXPY8J3A,NA,NA,NA
sub-PXR28KCG,NA,NA,NA
sub-PXTT0UB0,NA,NA,NA
sub-PXUVDWE2,NA,NA,NA
sub-PXYXMXTH,NA,NA,NA
sub-PY65JUM8,NA,NA,NA
sub-PY94ECMC,NA,NA,NA
sub-PYD5R8UA,NA,NA,NA
sub-PYJ78DEY,NA,NA,1
sub-PYMGFXEW,2,1,1
sub-PYX4FBVY,NA,NA,NA
sub-PZ1GC78K,NA,NA,NA
sub-PZ4MVZ1A,NA,NA,NA
sub-PZ7DT6XF,NA,NA,NA
sub-PZ7LHWF8,NA,NA,NA
sub-PZ879XG6,1,1,1
sub-PZ8CWCJC,NA,NA,1
sub-PZ9JZHZ4,NA,NA,NA
sub-PZAWPXFB,NA,NA,NA
sub-PZDDVLGW,NA,NA,1
sub-PZE8ABE3,NA,NA,NA
sub-PZHLGHDN,NA,NA,1
sub-PZJ5VXTX,NA,NA,NA
sub-PZJNUUC8,NA,NA,NA
sub-PZK0NW7K,NA,NA,NA
sub-PZUFXXY1,NA,NA,NA
sub-R01XKDF7,NA,NA,NA
sub-R05T1WUG,NA,NA,NA
sub-R06BRXTK,NA,NA,NA
sub-R06UP6NN,NA,NA,NA
sub-R09UG23J,NA,NA,NA
sub-R0AR52BF,NA,NA,NA
sub-R0AW8RHV,NA,NA,NA
sub-R0HKDVJT,NA,NA,NA
sub-R0J4APPX,1,1,1
sub-R0M4KZ3X,NA,NA,NA
sub-R0MVDXDK,NA,NA,NA
sub-R0TYK5V9,NA,NA,1
sub-R0Y04BAJ,NA,NA,NA
sub-R121BX0F,NA,NA,NA
sub-R12GH8DH,NA,NA,NA
sub-R17JHZRJ,NA,NA,NA
sub-R1927JG7,NA,NA,NA
sub-R1JFZ70M,NA,NA,NA
sub-R1KAV63D,NA,NA,NA
sub-R1KT1MAU,NA,NA,NA
sub-R1TZTUN2,NA,NA,NA
sub-R1Z0W0BH,NA,NA,NA
sub-R20CKWHP,NA,NA,NA
sub-R2160CB7,NA,NA,1
sub-R22TV84L,NA,NA,1
sub-R238YY1G,NA,NA,NA
sub-R24ACBFH,1,1,1
sub-R268FVXE,NA,NA,1
sub-R27YCM3P,NA,NA,1
sub-R28A45T6,NA,NA,NA
sub-R29UPFWC,1,1,1
sub-R2A6BKWW,NA,NA,NA
sub-R2AB103B,NA,NA,1
sub-R2EC067F,NA,NA,NA
sub-R2EMBDV7,NA,NA,1
sub-R2HJCC0M,1,1,1
sub-R2JZ1RD8,1,1,1
sub-R2R52JP7,1,1,1
sub-R2T9NUK9,NA,NA,NA
sub-R2TNT1JG,1,1,NA
sub-R2ZJ2UV5,NA,NA,NA
sub-R3ABLBEY,NA,NA,NA
sub-R3B0DNU6,NA,NA,NA
sub-R3CBHF7B,NA,NA,NA
sub-R3G28E6R,NA,NA,NA
sub-R3GH8J7X,NA,NA,NA
sub-R3JXE4GH,1,1,1
sub-R3NZ8ZKA,1,1,1
sub-R3T709BD,NA,NA,NA
sub-R3VTVCE5,NA,NA,NA
sub-R3ZE9RGY,NA,NA,NA
sub-R40EH36N,NA,NA,NA
sub-R44LUUEZ,NA,NA,1
sub-R44PZ3KJ,NA,NA,NA
sub-R4E2D8Z5,NA,NA,1
sub-R4EUGHE9,NA,NA,NA
sub-R4PV7WZ3,NA,NA,NA
sub-R4Z2P93R,NA,NA,NA
sub-R51XRC0H,NA,NA,NA
sub-R547JUTN,NA,NA,NA
sub-R57RHGC2,NA,NA,NA
sub-R5EGEA6F,NA,NA,1
sub-R5EL81TR,NA,NA,NA
sub-R5FD0UXH,NA,NA,NA
sub-R5KUTX3Y,NA,NA,NA
sub-R5TTP09Z,1,1,1
sub-R5UHTTD8,NA,NA,NA
sub-R5VKKRM9,NA,NA,NA
sub-R62PJ1EJ,NA,NA,NA
sub-R62XCRKN,NA,NA,NA
sub-R64BGK81,NA,NA,NA
sub-R65NNDD4,NA,NA,NA
sub-R668RXK7,NA,NA,1
sub-R674GFP1,NA,NA,1
sub-R67H3TEZ,NA,NA,NA
sub-R69CJC9E,NA,NA,1
sub-R6CE8KZ5,NA,NA,1
sub-R6ET5C77,NA,NA,NA
sub-R6FAP3A7,NA,NA,NA
sub-R6G17MWX,NA,NA,NA
sub-R6HHHKR9,NA,NA,1
sub-R6KT9419,NA,NA,NA
sub-R6PJMZ5P,1,1,1
sub-R6PPY0VL,NA,NA,NA
sub-R6R1HRTP,NA,NA,NA
sub-R6R9DHFF,NA,NA,NA
sub-R6TLLPMG,NA,NA,1
sub-R6V7FU8U,NA,NA,NA
sub-R6YF8VHD,NA,NA,NA
sub-R6ZXCFE9,NA,NA,NA
sub-R729C1T6,NA,NA,NA
sub-R76W27PF,NA,NA,NA
sub-R77YG5G1,1,1,1
sub-R792CLE6,NA,NA,NA
sub-R7E6XG5K,NA,NA,NA
sub-R7G6JDFU,NA,NA,1
sub-R7GMKJ6J,2,1,1
sub-R7HEU5W3,NA,NA,NA
sub-R7N0XBL6,NA,NA,NA
sub-R7WBBFTB,NA,NA,NA
sub-R7WFN9E7,1,1,1
sub-R81CF71A,NA,NA,NA
sub-R81GJYNH,NA,NA,1
sub-R85P7XPP,1,1,1
sub-R8EDKZ2W,NA,NA,1
sub-R8F6YH4J,NA,NA,NA
sub-R8LMF308,NA,NA,NA
sub-R8NY2TWV,NA,NA,NA
sub-R8PHHL7V,NA,NA,NA
sub-R8WEKB2F,NA,NA,NA
sub-R9A6L5EN,NA,NA,NA
sub-R9ACLAJX,NA,NA,NA
sub-R9AJ27WZ,NA,NA,1
sub-R9BWXYKD,NA,NA,NA
sub-R9JZP8TC,NA,NA,NA
sub-R9LMGEVE,NA,NA,NA
sub-R9MG0HJ4,NA,NA,NA
sub-R9WMMP2W,NA,NA,NA
sub-R9Z48Y9H,NA,NA,NA
sub-RAC0NR51,NA,NA,NA
sub-RAFYUKZZ,NA,NA,NA
sub-RALE29MJ,NA,NA,NA
sub-RAPG65HL,NA,NA,NA
sub-RAR30NKY,NA,NA,NA
sub-RAZNX234,NA,NA,NA
sub-RAZRBGAL,NA,NA,NA
sub-RB41RYA0,1,1,1
sub-RBJT537E,NA,NA,1
sub-RBNRB1DU,NA,NA,1
sub-RBNTNJKT,NA,NA,NA
sub-RBPW71J1,NA,NA,1
sub-RBPWCYVX,NA,NA,NA
sub-RBTUEV72,NA,NA,1
sub-RBUNMARM,NA,NA,NA
sub-RBVRP43D,NA,NA,NA
sub-RC238TRX,NA,NA,NA
sub-RC3GEEEJ,NA,NA,NA
sub-RC6BE96Y,NA,NA,NA
sub-RCA6BCK0,NA,NA,NA
sub-RCB6GG4P,NA,NA,1
sub-RCE62M22,NA,NA,1
sub-RCFHLNK7,NA,NA,NA
sub-RCFLYCF4,NA,NA,NA
sub-RCGDPDYL,NA,NA,NA
sub-RCHKCHLP,NA,NA,NA
sub-RCHTJK34,NA,NA,NA
sub-RCNDV76P,1,1,1
sub-RCV1G0DA,NA,NA,NA
sub-RCW2KYAP,1,1,1
sub-RCXPE6ZR,NA,NA,NA
sub-RCYZ8XZ2,NA,NA,1
sub-RD5CYYL7,NA,NA,1
sub-RD63XMP9,NA,NA,1
sub-RDA59E22,1,1,1
sub-RDCUTM3A,NA,NA,NA
sub-RDF02RR2,NA,NA,NA
sub-RDJX9GRE,NA,NA,NA
sub-RDM1L34M,NA,NA,NA
sub-RDMA0DZT,NA,NA,NA
sub-RDW5PE65,NA,NA,NA
sub-RDXFBTYA,NA,NA,NA
sub-RDZ0AJ2N,NA,NA,NA
sub-RDZNNL8U,NA,NA,NA
sub-RE21D0R9,NA,NA,NA
sub-RE317TA3,NA,NA,NA
sub-RE3H89UH,NA,NA,NA
sub-RE48TR17,NA,NA,1
sub-RE4XCDJR,NA,NA,NA
sub-RE60W9L4,NA,NA,NA
sub-REBD8GTZ,NA,NA,NA
sub-REBJBCWX,NA,NA,NA
sub-REBMYTBX,1,1,1
sub-REFXMF6L,NA,NA,NA
sub-REGPJEJ9,NA,NA,NA
sub-REK6RR1X,NA,NA,NA
sub-RELT7MMW,NA,NA,NA
sub-REMB1VEK,NA,NA,1
sub-RERRA7FD,NA,NA,1
sub-REZ2HX0U,NA,NA,NA
sub-RF0H3ZM5,NA,NA,NA
sub-RF0K5LV7,NA,NA,NA
sub-RF2AA961,NA,NA,1
sub-RF2ULZ5M,NA,NA,NA
sub-RF70B79M,1,1,1
sub-RF8DNN59,NA,NA,NA
sub-RFBB766M,NA,NA,NA
sub-RFFGJ02J,NA,NA,NA
sub-RFGCXLTN,NA,NA,NA
sub-RFJLGX8M,NA,NA,1
sub-RFLMRCMP,NA,NA,NA
sub-RFNBVD1U,NA,NA,NA
sub-RFNDEMN8,1,1,NA
sub-RFNHTDPM,NA,NA,NA
sub-RFNPYVUU,NA,NA,NA
sub-RFT4NJA8,NA,NA,1
sub-RFV3V3DV,NA,NA,NA
sub-RFW8X9X4,NA,NA,NA
sub-RFXUXZJB,NA,NA,NA
sub-RFZCD1EJ,NA,NA,1
sub-RG22U5T9,1,1,1
sub-RG2ZMT9N,NA,NA,NA
sub-RG6U88KM,1,1,1
sub-RGAY5U2D,NA,NA,1
sub-RGF2CX0R,NA,NA,NA
sub-RGG0RLTN,NA,NA,NA
sub-RGHUCFDR,NA,NA,NA
sub-RGJHW57A,1,1,1
sub-RGLBEBD1,NA,NA,NA
sub-RGP7HTB4,NA,NA,NA
sub-RGR9NG5T,NA,NA,NA
sub-RGVY0VAU,NA,NA,NA
sub-RGY07HCK,NA,NA,NA
sub-RH5BUPMB,NA,NA,NA
sub-RH5DUYBT,NA,NA,NA
sub-RH6B02GB,NA,NA,NA
sub-RH6ZTTH4,NA,NA,NA
sub-RH8MPM9J,NA,NA,NA
sub-RHDYNX5V,NA,NA,NA
sub-RHG5A1YK,NA,NA,NA
sub-RHGBHZ4A,NA,NA,1
sub-RHKAEMD9,NA,NA,NA
sub-RHLEYZMW,NA,NA,NA
sub-RHRUB0UP,NA,NA,NA
sub-RHX34P95,NA,NA,1
sub-RHZUTPG3,NA,NA,NA
sub-RJ3X6MY3,NA,NA,1
sub-RJ65NCMR,NA,NA,NA
sub-RJ67E8PE,1,1,1
sub-RJA23JNL,NA,NA,NA
sub-RJAREKD1,NA,NA,NA
sub-RJCEU60H,NA,NA,NA
sub-RJEWEY29,NA,NA,NA
sub-RJK1689A,NA,NA,NA
sub-RJLKFF0B,NA,NA,1
sub-RJPAKY38,NA,NA,NA
sub-RJTWKG0P,NA,NA,NA
sub-RJY2T5DU,NA,NA,NA
sub-RK3814U8,NA,NA,NA
sub-RKD7U24Y,NA,NA,NA
sub-RKD9X23X,NA,NA,NA
sub-RKF98ZFJ,NA,NA,NA
sub-RKFYBXU9,NA,NA,1
sub-RKJGUNH6,NA,NA,NA
sub-RKNCRLDD,NA,NA,NA
sub-RKVU6VEC,NA,NA,NA
sub-RKYXUEXM,NA,NA,NA
sub-RL198MFV,NA,NA,NA
sub-RL1GM16T,2,1,1
sub-RL58XM0X,NA,NA,NA
sub-RL863G1R,NA,NA,NA
sub-RL8TFXMW,1,1,NA
sub-RL95P8LJ,NA,NA,1
sub-RLABZK7J,NA,NA,NA
sub-RLETBAV0,NA,NA,1
sub-RLG26UPV,NA,NA,1
sub-RLH4F4JA,NA,NA,NA
sub-RLL3TP2P,NA,NA,NA
sub-RLMPLLW6,NA,NA,NA
sub-RLP5AH5E,NA,NA,NA
sub-RLV2KEJP,NA,NA,1
sub-RLXEPYKB,NA,NA,NA
sub-RM3KG8PG,NA,NA,1
sub-RM9KLXF4,NA,NA,NA
sub-RMAND772,NA,NA,NA
sub-RMB0B610,1,1,1
sub-RMEME8GY,NA,NA,NA
sub-RMGH3XY8,1,1,1
sub-RMH1RF1E,NA,NA,NA
sub-RMHRP6LU,NA,NA,NA
sub-RMMMNAW6,NA,NA,NA
sub-RMNE6ECK,NA,NA,NA
sub-RMNMGK77,NA,NA,NA
sub-RMTA5CWA,NA,NA,NA
sub-RMTE592D,NA,NA,1
sub-RMTJ44GE,NA,NA,NA
sub-RMU6AKL2,NA,NA,NA
sub-RMV0P0FV,NA,NA,NA
sub-RN6LY8RU,NA,NA,1
sub-RN93HUJE,1,1,1
sub-RN9A0LAB,NA,NA,1
sub-RNCKGLJR,NA,NA,NA
sub-RNEHTMV4,NA,NA,NA
sub-RNG7B964,NA,NA,NA
sub-RNY3LMX0,NA,NA,NA
sub-RP0XB0ZR,NA,NA,NA
sub-RP3R4YCP,NA,NA,NA
sub-RP56XWD8,1,1,1
sub-RPED5RXE,NA,NA,NA
sub-RPFT44DU,NA,NA,NA
sub-RPXBJMZ7,NA,NA,1
sub-RPY0VAPZ,NA,NA,NA
sub-RPYECTJJ,NA,NA,1
sub-RPYKZRFL,NA,NA,1
sub-RR1EN55X,NA,NA,1
sub-RR22WRZJ,NA,NA,NA
sub-RR6R4P7W,1,1,1
sub-RR7J1YX2,NA,NA,NA
sub-RRAW1J1K,NA,NA,NA
sub-RRE6MVYZ,2,1,NA
sub-RREA9RBW,NA,NA,NA
sub-RRFZW203,NA,NA,NA
sub-RRG98LDD,NA,NA,NA
sub-RRKEVNZK,NA,NA,NA
sub-RRKJJYWM,NA,NA,1
sub-RRR6XT5R,NA,NA,1
sub-RRT6GJ3T,NA,NA,NA
sub-RRTJUY6G,NA,NA,1
sub-RRUM0E9U,NA,NA,1
sub-RRXTJPEF,NA,NA,NA
sub-RT0YKWJM,1,1,NA
sub-RT4HRE6Z,NA,NA,NA
sub-RT4Z3XE5,NA,NA,NA
sub-RT58LXKV,NA,NA,NA
sub-RT64RNWZ,NA,NA,NA
sub-RTD32ZG1,NA,NA,1
sub-RTDH8349,NA,NA,NA
sub-RTDZTY9C,NA,NA,NA
sub-RTE3HDM4,NA,NA,NA
sub-RTHVMF0B,NA,NA,NA
sub-RTLY443G,NA,NA,1
sub-RTN0KC8U,NA,NA,NA
sub-RTRHCP02,1,1,1
sub-RTYGC16L,NA,NA,1
sub-RTZP6F8K,NA,NA,1
sub-RU1UMG5J,NA,NA,NA
sub-RU3LYZZF,NA,NA,NA
sub-RU5A4ZCU,NA,NA,1
sub-RU8N35XR,NA,NA,NA
sub-RU8XG4CW,NA,NA,NA
sub-RUGEM9AA,NA,NA,NA
sub-RUKL1DUN,NA,NA,NA
sub-RUPYH7NX,NA,NA,NA
sub-RUTNUAYE,NA,NA,NA
sub-RUVAZC2F,NA,NA,1
sub-RUVFBX1L,NA,NA,NA
sub-RUXHN0RY,NA,NA,NA
sub-RV0X4CZT,NA,NA,1
sub-RV0X5P44,NA,NA,NA
sub-RV23D3UV,NA,NA,NA
sub-RV6MG0XM,NA,NA,NA
sub-RV742U1M,1,1,1
sub-RVCMVEY9,NA,NA,NA
sub-RVDEH2YJ,NA,NA,NA
sub-RVDXUGJ1,NA,NA,NA
sub-RVE4739E,NA,NA,NA
sub-RVHGELFP,NA,NA,1
sub-RVKDMDNH,NA,NA,NA
sub-RVM5WTB0,NA,NA,NA
sub-RVNU9GZK,NA,NA,1
sub-RW0TUKW4,NA,NA,NA
sub-RW46YERL,NA,NA,1
sub-RW4NW1FC,1,1,1
sub-RW8117A7,NA,NA,1
sub-RW8AFCLZ,NA,NA,NA
sub-RW8JB8M2,NA,NA,1
sub-RW9W1L6Z,1,1,1
sub-RWDF8L2R,NA,NA,NA
sub-RWEFC99G,NA,NA,NA
sub-RWJ75TWZ,NA,NA,1
sub-RWKJCGLY,NA,NA,NA
sub-RWY77XH2,NA,NA,NA
sub-RWZV4MWW,NA,NA,NA
sub-RX2KLC0M,NA,NA,NA
sub-RX41226B,NA,NA,NA
sub-RX5YD9F1,NA,NA,1
sub-RXDY2EL7,NA,NA,NA
sub-RXEE3K3Y,NA,NA,1
sub-RXKGP8CG,NA,NA,1
sub-RXN9H1J6,NA,NA,NA
sub-RXNLCPPK,NA,NA,NA
sub-RXR3PB36,NA,NA,NA
sub-RXX916ZV,NA,NA,NA
sub-RXYTYPR3,NA,NA,NA
sub-RY4YXW7M,1,1,1
sub-RY96FYZ8,NA,NA,NA
sub-RYB7W7HP,NA,NA,NA
sub-RYT5RRUM,NA,NA,1
sub-RZ0FKKB4,NA,NA,NA
sub-RZ1BPZ6J,NA,NA,NA
sub-RZ3AMJJG,NA,NA,NA
sub-RZ9M4970,NA,NA,NA
sub-RZA4FFKR,NA,NA,NA
sub-RZAM8ZX0,NA,NA,1
sub-RZBKNZ42,NA,NA,NA
sub-RZC3LU8F,NA,NA,NA
sub-RZC95P2B,NA,NA,1
sub-RZCJ7X42,NA,NA,NA
sub-RZKD7P3T,NA,NA,1
sub-RZL7PGK1,1,1,1
sub-RZTG711F,NA,NA,NA
sub-T0056CXX,NA,NA,NA
sub-T06LDPZU,NA,NA,NA
sub-T07JTPKT,NA,NA,1
sub-T09Y5F0B,1,1,1
sub-T0HER3DK,1,1,1
sub-T0J4DFC4,NA,NA,1
sub-T0JW7H6Z,NA,NA,NA
sub-T0R82YDJ,NA,NA,NA
sub-T0YVV9PU,NA,NA,NA
sub-T12VNXF2,NA,NA,NA
sub-T15ZEHBH,NA,NA,NA
sub-T161L03G,NA,NA,NA
sub-T185D4UD,NA,NA,1
sub-T185E8M5,1,1,1
sub-T1C2GBHB,NA,NA,1
sub-T1GJUT9Z,NA,NA,NA
sub-T1JDV64B,NA,NA,NA
sub-T1RR6C3X,NA,NA,NA
sub-T1UERJMU,1,1,1
sub-T1VTW1HM,NA,NA,1
sub-T1XD5N8A,NA,NA,NA
sub-T1YTEV0D,NA,NA,NA
sub-T21R0YG4,NA,NA,NA
sub-T226J5Y3,1,1,1
sub-T23YJZWZ,NA,NA,NA
sub-T27UF3XK,NA,NA,NA
sub-T2CAXTA1,NA,NA,NA
sub-T2CKY5HY,NA,NA,NA
sub-T2D0E2LE,NA,NA,NA
sub-T2GU26AW,NA,NA,NA
sub-T2JJ42KE,NA,NA,1
sub-T2JT596H,1,1,1
sub-T2RKLJ1J,NA,NA,NA
sub-T2UGPB52,NA,NA,1
sub-T2V8UJ3M,1,1,1
sub-T2XXXLHA,NA,NA,NA
sub-T2YYABW3,NA,NA,NA
sub-T3366FHE,NA,NA,1
sub-T345WWLE,NA,NA,NA
sub-T3A1LT85,NA,NA,NA
sub-T3M2ZGNF,NA,NA,1
sub-T3PA9AKY,NA,NA,NA
sub-T3RBTDCL,NA,NA,NA
sub-T3YD0HU4,NA,NA,NA
sub-T3Z5YXE1,NA,NA,NA
sub-T465TR5H,NA,NA,NA
sub-T472A3DT,NA,NA,NA
sub-T48MJ3F9,NA,NA,1
sub-T4BR7L9V,NA,NA,NA
sub-T4M6PYF4,NA,NA,NA
sub-T4NLHUX4,NA,NA,NA
sub-T4PV5J7P,NA,NA,NA
sub-T4R7JDBE,NA,NA,NA
sub-T4TG0ET6,NA,NA,NA
sub-T4WTLFZ6,NA,NA,NA
sub-T4XE5642,NA,NA,NA
sub-T4XN7N6T,NA,NA,NA
sub-T52JDHPJ,NA,NA,NA
sub-T53ZF6N7,NA,NA,NA
sub-T58P12VM,NA,NA,NA
sub-T59RKTM4,1,1,1
sub-T5B642W6,NA,NA,NA
sub-T5EXYEGX,NA,NA,NA
sub-T5FHG38C,NA,NA,1
sub-T5G6HNMZ,NA,NA,1
sub-T5RV9MLG,NA,NA,NA
sub-T5VEMC05,NA,NA,1
sub-T61FZXTW,NA,NA,1
sub-T65K9GLZ,NA,NA,1
sub-T6E1MJ14,NA,NA,NA
sub-T6EC6R57,NA,NA,NA
sub-T6F8N4WR,NA,NA,1
sub-T6GGB7YF,NA,NA,NA
sub-T6R0PBWC,NA,NA,NA
sub-T6RAMNH2,NA,NA,NA
sub-T6RF977F,1,1,1
sub-T6RG755A,NA,NA,NA
sub-T6WVPL1D,NA,NA,NA
sub-T6XZEJHF,NA,NA,NA
sub-T6Z99TKW,NA,NA,NA
sub-T76BYDNU,NA,NA,NA
sub-T77R03AY,NA,NA,NA
sub-T7HVBTRE,NA,NA,1
sub-T7KRTJPP,NA,NA,NA
sub-T7L0GW76,NA,NA,NA
sub-T7Y0PYDA,1,1,1
sub-T7YJ84MG,NA,NA,NA
sub-T81231Y5,NA,NA,NA
sub-T83A7WN8,NA,NA,NA
sub-T83EVU05,NA,NA,NA
sub-T83F2AN6,1,1,1
sub-T88PYFND,NA,NA,NA
sub-T8FJ7FK6,NA,NA,1
sub-T8HC1Z30,NA,NA,NA
sub-T8JB3RWP,NA,NA,NA
sub-T8KRKTVN,NA,NA,1
sub-T8U0418X,NA,NA,1
sub-T90P7NTW,1,1,1
sub-T954PXG7,NA,NA,NA
sub-T96B8JHC,NA,NA,NA
sub-T984W7CU,1,1,1
sub-T9B9W5Y4,NA,NA,1
sub-T9DL54AF,NA,NA,NA
sub-T9E1CUGM,NA,NA,NA
sub-T9F6AYDG,NA,NA,NA
sub-T9HJ5VP1,NA,NA,NA
sub-T9JUVJZ5,NA,NA,1
sub-T9LPE86G,NA,NA,1
sub-T9RH5R7B,NA,NA,1
sub-T9T6G398,NA,NA,1
sub-T9UBPF4A,1,1,1
sub-T9UU6CM8,1,1,1
sub-T9V8L3JY,NA,NA,NA
sub-T9YPUK1P,1,1,1
sub-TA165FA9,NA,NA,NA
sub-TA3NBRK7,1,1,1
sub-TA50AT7K,1,1,1
sub-TA7NT65Z,NA,NA,NA
sub-TABF5AC1,NA,NA,1
sub-TADXZB2Y,NA,NA,NA
sub-TAFX2KWR,NA,NA,NA
sub-TAMN62RZ,NA,NA,NA
sub-TAN0M8LG,NA,NA,NA
sub-TANY2ML3,NA,NA,NA
sub-TAP6MEMP,NA,NA,1
sub-TAPZKUPL,NA,NA,NA
sub-TAT7LM08,NA,NA,NA
sub-TATNKDNJ,NA,NA,NA
sub-TAUUUABW,NA,NA,NA
sub-TAV7MB4T,NA,NA,NA
sub-TAX3MN8C,NA,NA,1
sub-TAY698CJ,NA,NA,NA
sub-TB68WR1L,NA,NA,NA
sub-TB7KL2UL,NA,NA,NA
sub-TB8BMPV1,NA,NA,NA
sub-TBDRGNYE,1,1,1
sub-TBHHD1UX,NA,NA,NA
sub-TBJX7XV9,NA,NA,NA
sub-TBL4GD57,1,1,1
sub-TBLPMR08,NA,NA,NA
sub-TBTBAM4J,NA,NA,1
sub-TBYHT2GE,NA,NA,NA
sub-TC53X138,NA,NA,NA
sub-TC7KEJAP,NA,NA,1
sub-TCAFT1FE,NA,NA,NA
sub-TCEFC244,NA,NA,NA
sub-TCJ78M4K,1,1,1
sub-TCJV2RMX,NA,NA,NA
sub-TCRZTUB8,NA,NA,NA
sub-TCT40GNY,NA,NA,NA
sub-TCUKBDE0,NA,NA,1
sub-TCVY0CYH,NA,NA,NA
sub-TD0D86H6,NA,NA,NA
sub-TD6L7VPT,NA,NA,1
sub-TD7KHM6F,NA,NA,1
sub-TDBPZG5V,1,1,1
sub-TDCECT0D,NA,NA,NA
sub-TDCYY0EZ,NA,NA,NA
sub-TDJD7JZ2,1,1,1
sub-TDK7YAGN,NA,NA,1
sub-TDLKZKEB,NA,NA,1
sub-TDN8UFEF,NA,NA,NA
sub-TDU8UBTD,NA,NA,NA
sub-TDXHD95M,NA,NA,1
sub-TDXY0L82,NA,NA,NA
sub-TDY8YE3L,1,1,1
sub-TE4HH4XV,NA,NA,NA
sub-TE65EW0X,NA,NA,NA
sub-TE7EH6CE,NA,NA,NA
sub-TE7TYC92,NA,NA,NA
sub-TEANAMH4,NA,NA,1
sub-TEB0VDTW,1,1,1
sub-TEB9HYMX,NA,NA,NA
sub-TEGHFYFP,NA,NA,NA
sub-TEL34457,1,1,NA
sub-TEL35LKE,NA,NA,NA
sub-TELF8WZW,NA,NA,1
sub-TELJP2LE,NA,NA,NA
sub-TENZ2AJL,NA,NA,1
sub-TEV935XF,NA,NA,NA
sub-TEX46CLD,2,1,1
sub-TEZ4278H,NA,NA,NA
sub-TEZKLFY3,NA,NA,1
sub-TF4Z1FJ3,NA,NA,NA
sub-TF8HPRGG,NA,NA,NA
sub-TF98DX8N,NA,NA,NA
sub-TFBVU6CV,NA,NA,NA
sub-TFBZR8TN,NA,NA,1
sub-TFE6R22P,NA,NA,1
sub-TFED6EEK,NA,NA,NA
sub-TFEZ1X41,NA,NA,1
sub-TFFA4ZV9,NA,NA,NA
sub-TFJ2LGCD,NA,NA,NA
sub-TFJ3K89H,NA,NA,NA
sub-TFL83UPB,NA,NA,NA
sub-TFPAU4FF,NA,NA,NA
sub-TFPK1DRW,NA,NA,NA
sub-TFRBC95E,1,1,1
sub-TFRWPXDT,NA,NA,NA
sub-TFU3B4T0,NA,NA,NA
sub-TFUH55TZ,NA,NA,1
sub-TFUHVAVZ,NA,NA,1
sub-TFV0Y41D,NA,NA,NA
sub-TG0P1M8M,NA,NA,NA
sub-TG5EU6W7,NA,NA,NA
sub-TG681ULE,NA,NA,NA
sub-TGBMDN8N,NA,NA,NA
sub-TGXYZJTP,NA,NA,NA
sub-TGZMNV19,NA,NA,NA
sub-TH0VHX42,NA,NA,1
sub-TH1YJVJ1,NA,NA,NA
sub-TH3T33V5,NA,NA,1
sub-TH6DHG5Y,NA,NA,NA
sub-TH87BND9,NA,NA,NA
sub-THD6LXFP,NA,NA,1
sub-THEX3U3X,NA,NA,NA
sub-THF11PAH,NA,NA,NA
sub-THGB9701,NA,NA,NA
sub-THHL55VX,NA,NA,1
sub-THW7NT5N,NA,NA,NA
sub-THW9XF3F,NA,NA,NA
sub-THWNZF8Y,NA,NA,1
sub-THX3BFMR,NA,NA,NA
sub-THXM3AU1,2,1,1
sub-THZ2FDT4,NA,NA,1
sub-THZ39BBJ,NA,NA,NA
sub-TJ3UDA2V,NA,NA,NA
sub-TJ7G45KH,1,1,1
sub-TJJXH8K7,NA,NA,NA
sub-TJVE3G6N,NA,NA,NA
sub-TJWRH4A3,1,1,1
sub-TJZ4N3G9,NA,NA,NA
sub-TK4DJ93H,NA,NA,NA
sub-TK5NYC8X,NA,NA,1
sub-TK6XY92L,NA,NA,1
sub-TKEBT1ZB,NA,NA,NA
sub-TKENUL3C,1,1,1
sub-TKF4EW4A,NA,NA,NA
sub-TKKV0L4H,NA,NA,NA
sub-TKLRCCP0,NA,NA,1
sub-TKXWJF97,NA,NA,NA
sub-TL0JKXBF,NA,NA,NA
sub-TL3FVU14,NA,NA,1
sub-TL570LHZ,NA,NA,1
sub-TL72NEA6,NA,NA,NA
sub-TL901BED,NA,NA,1
sub-TLBZ1JAC,NA,NA,NA
sub-TLE842PU,NA,NA,NA
sub-TLEM4F9A,NA,NA,NA
sub-TLFCPMY2,NA,NA,NA
sub-TLPXTJW8,NA,NA,NA
sub-TLR8HXZD,NA,NA,NA
sub-TM2HD1WE,NA,NA,1
sub-TM382X5A,NA,NA,1
sub-TM4YT5UD,NA,NA,NA
sub-TM88BLXR,NA,NA,NA
sub-TMCFFAJT,NA,NA,1
sub-TMFT5TJF,NA,NA,1
sub-TMRGF3F4,NA,NA,NA
sub-TMTWB0ZX,NA,NA,NA
sub-TMVWP642,NA,NA,NA
sub-TMX63F51,NA,NA,NA
sub-TMXKEAP2,NA,NA,NA
sub-TN9RVYB1,NA,NA,1
sub-TNAZAW46,NA,NA,NA
sub-TNE22YA5,NA,NA,1
sub-TNGA8MPC,NA,NA,1
sub-TNKV2H46,1,1,1
sub-TNLV6R3B,NA,NA,1
sub-TNR04C9A,NA,NA,NA
sub-TNV6ZUPK,NA,NA,NA
sub-TNVU9DYV,NA,NA,NA
sub-TNY8FRFP,NA,NA,NA
sub-TP3B049W,NA,NA,1
sub-TP3NTJB0,NA,NA,1
sub-TP6W072A,NA,NA,NA
sub-TP7GGL0N,NA,NA,NA
sub-TPCLKWJ5,NA,NA,NA
sub-TPXZDTAT,NA,NA,1
sub-TR6TVE72,NA,NA,NA
sub-TR74D6YC,NA,NA,NA
sub-TRBURBAU,1,1,1
sub-TRFMWCAR,NA,NA,NA
sub-TRG5GX9T,NA,NA,1
sub-TRGFZFT8,NA,NA,NA
sub-TRNDDNH4,1,1,1
sub-TRNZY7N9,NA,NA,NA
sub-TRXN38W0,NA,NA,NA
sub-TT0WEJUX,NA,NA,NA
sub-TT0YJG33,NA,NA,NA
sub-TT3RTWGF,NA,NA,1
sub-TT6DWKXA,2,1,1
sub-TT9JRJDR,NA,NA,NA
sub-TTB355AR,NA,NA,NA
sub-TTCZ6U1F,NA,NA,NA
sub-TTDWMW0G,NA,NA,1
sub-TTFEB4VE,NA,NA,NA
sub-TTFR6F0H,1,1,1
sub-TTHWHP4C,NA,NA,1
sub-TTNVZVLW,NA,NA,NA
sub-TTTWUHHD,NA,NA,NA
sub-TTV73ARA,1,1,1
sub-TTVYX9U5,NA,NA,NA
sub-TTWDRHK8,NA,NA,1
sub-TTY8HRTG,NA,NA,NA
sub-TTYCH8LT,NA,NA,NA
sub-TU1DE4PM,NA,NA,NA
sub-TU4MAPYT,NA,NA,NA
sub-TUB51MJW,NA,NA,1
sub-TUE4K1JE,NA,NA,1
sub-TUH09WJW,NA,NA,1
sub-TUL4PTMG,NA,NA,1
sub-TUUTV3B2,NA,NA,1
sub-TV25YAN3,NA,NA,1
sub-TV4KFLNU,NA,NA,NA
sub-TV4KYN93,NA,NA,NA
sub-TV53DW89,NA,NA,NA
sub-TV7E93CF,NA,NA,NA
sub-TV8G8UHT,NA,NA,NA
sub-TVBUYZ8P,NA,NA,NA
sub-TVGCT5T2,NA,NA,NA
sub-TVGMJRN9,NA,NA,NA
sub-TVZVDPG7,NA,NA,1
sub-TW04JJ3D,1,1,1
sub-TW1BFCT3,NA,NA,NA
sub-TW72EVWM,NA,NA,NA
sub-TWB035Y1,NA,NA,NA
sub-TWRJGVKX,NA,NA,1
sub-TWU5RFVX,NA,NA,1
sub-TWUNUPCR,1,1,1
sub-TX0U3YDP,NA,NA,NA
sub-TX4K8UGF,1,1,1
sub-TX64M9AF,NA,NA,NA
sub-TX6DMC9H,NA,NA,NA
sub-TXB709BK,NA,NA,1
sub-TXCRCEXZ,1,1,1
sub-TXDDBHFX,NA,NA,NA
sub-TXGL96R1,NA,NA,1
sub-TXK16WY8,NA,NA,NA
sub-TXP1FUP8,1,1,1
sub-TXT5J9FD,NA,NA,NA
sub-TXTP560G,NA,NA,NA
sub-TY02C986,NA,NA,NA
sub-TY4J79EA,NA,NA,NA
sub-TY5H5PHZ,NA,NA,1
sub-TY6Z9MRD,NA,NA,NA
sub-TY79VFHF,NA,NA,NA
sub-TY7NL56R,NA,NA,NA
sub-TY9UFVZW,NA,NA,NA
sub-TYLXLE83,NA,NA,NA
sub-TYMAAW33,NA,NA,NA
sub-TYMED11H,NA,NA,NA
sub-TYTK28UK,NA,NA,NA
sub-TYX16864,1,1,1
sub-TYZ21CK1,NA,NA,NA
sub-TZ0RTCNR,1,1,1
sub-TZ42813G,NA,NA,NA
sub-TZ5XBL2L,NA,NA,NA
sub-TZ6EYWUJ,NA,NA,NA
sub-TZ8JEUMW,NA,NA,NA
sub-TZCLUNW2,NA,NA,NA
sub-TZJ1K01G,1,1,1
sub-TZM2XE2H,NA,NA,NA
sub-TZR5RRWU,NA,NA,NA
sub-TZUEJ54R,NA,NA,1
sub-TZUFYJ76,NA,NA,NA
sub-TZYXXYXE,NA,NA,NA
sub-U02LWF4A,1,1,1
sub-U05PVKML,NA,NA,NA
sub-U05WUH4L,NA,NA,NA
sub-U0AFNB1U,NA,NA,NA
sub-U0EVP5JM,NA,NA,NA
sub-U0T6GWNN,NA,NA,NA
sub-U100FWU2,NA,NA,1
sub-U102M8W0,NA,NA,NA
sub-U103BUTM,NA,NA,1
sub-U10T0UJN,NA,NA,NA
sub-U11NYL5H,NA,NA,1
sub-U11WDWJ8,NA,NA,NA
sub-U14KHR3J,NA,NA,NA
sub-U14LH8MY,NA,NA,1
sub-U15L4UHW,NA,NA,NA
sub-U1GL60CG,NA,NA,NA
sub-U1HEJLN9,NA,NA,NA
sub-U1LGT6DY,NA,NA,NA
sub-U1MFZFX8,NA,NA,NA
sub-U1T94DML,NA,NA,NA
sub-U1THG28C,NA,NA,NA
sub-U1XPGWVY,NA,NA,NA
sub-U21V8XDT,NA,NA,NA
sub-U2BA9AJY,NA,NA,NA
sub-U2BFUB9N,2,1,1
sub-U2HD8LW9,1,1,1
sub-U2JURFC1,1,1,1
sub-U2MZM32T,1,1,1
sub-U2TMJJ9R,NA,NA,NA
sub-U2TMK1UK,NA,NA,1
sub-U2UT8NAW,1,1,1
sub-U316NYRT,NA,NA,NA
sub-U325J0ED,NA,NA,NA
sub-U38RU1KR,NA,NA,NA
sub-U390V94C,NA,NA,NA
sub-U3A66CY9,1,1,1
sub-U3CF21GV,NA,NA,1
sub-U3FAGM3X,NA,NA,NA
sub-U3J6ZW8Z,NA,NA,NA
sub-U3KXEXJ2,NA,NA,NA
sub-U3M4BG5Y,NA,NA,1
sub-U3W1437G,1,1,1
sub-U3XLKGUY,NA,NA,NA
sub-U3YXR5KN,NA,NA,NA
sub-U3ZHJV5Z,NA,NA,NA
sub-U3ZRYH6G,1,1,1
sub-U43XT2KJ,NA,NA,NA
sub-U46YJV27,NA,NA,NA
sub-U4B58TJY,NA,NA,1
sub-U4BNFAZ9,NA,NA,1
sub-U4LJD50G,NA,NA,NA
sub-U4YFGDAX,NA,NA,1
sub-U5397UBZ,NA,NA,NA
sub-U575WJ15,1,1,1
sub-U5990AMT,NA,NA,NA
sub-U5DCN232,NA,NA,NA
sub-U5DHD2B7,NA,NA,NA
sub-U5GEZR43,NA,NA,NA
sub-U5J9959A,NA,NA,NA
sub-U5KBVWZD,NA,NA,NA
sub-U5L6Y14L,NA,NA,NA
sub-U5MPKLBP,NA,NA,NA
sub-U5RFBP6Z,NA,NA,NA
sub-U5T2LA5F,NA,NA,NA
sub-U5U9EYAX,NA,NA,NA
sub-U5V3JUB4,NA,NA,NA
sub-U5Z0C61N,NA,NA,NA
sub-U61CF84L,NA,NA,1
sub-U62X1GAH,1,1,1
sub-U65A7DKA,NA,NA,NA
sub-U67FAKAG,NA,NA,NA
sub-U697JENW,NA,NA,NA
sub-U6BEGBDR,NA,NA,1
sub-U6C1J3JP,NA,NA,NA
sub-U6E8PJ8L,NA,NA,NA
sub-U6F8X730,NA,NA,1
sub-U6KP4B6G,NA,NA,NA
sub-U6LKLMJU,NA,NA,1
sub-U6T6KG2P,NA,NA,NA
sub-U6TK1ULB,2,1,NA
sub-U6YMGJ4K,NA,NA,NA
sub-U710KUDX,NA,NA,NA
sub-U7276YU8,NA,NA,1
sub-U73T72AE,1,1,1
sub-U745HDPT,NA,NA,NA
sub-U7ARUX6H,NA,NA,NA
sub-U7AWDZTT,NA,NA,NA
sub-U7CWXB8U,2,1,1
sub-U7DNCYGM,NA,NA,NA
sub-U7KXR08V,NA,NA,NA
sub-U7L6GBPV,NA,NA,NA
sub-U7UB0WTJ,NA,NA,NA
sub-U7VBC2CJ,NA,NA,NA
sub-U7VVFRJX,NA,NA,1
sub-U7WWPJ0M,NA,NA,1
sub-U80WLNR2,1,1,1
sub-U830CVT7,1,1,1
sub-U8AGD1P3,NA,NA,NA
sub-U8D0FE3D,NA,NA,NA
sub-U8D4R4YF,NA,NA,NA
sub-U8FTUR9M,NA,NA,NA
sub-U8KM6L2C,NA,NA,NA
sub-U8MW4DCB,NA,NA,1
sub-U8N8L34K,NA,NA,NA
sub-U8U5U022,1,1,1
sub-U8VT1VB7,NA,NA,NA
sub-U8X5T2WD,NA,NA,NA
sub-U94TLCCE,NA,NA,1
sub-U99HJDM4,NA,NA,NA
sub-U9ATRA9G,NA,NA,NA
sub-U9C36KFY,NA,NA,NA
sub-U9C9ZMKM,NA,NA,NA
sub-U9DAJLMN,NA,NA,NA
sub-U9ETKTN0,NA,NA,NA
sub-U9H7T90F,NA,NA,NA
sub-U9MU0V55,NA,NA,NA
sub-U9P37GDT,NA,NA,NA
sub-U9PBHU15,NA,NA,NA
sub-U9VKB2N8,NA,NA,NA
sub-UA1GPU5Z,NA,NA,NA
sub-UA34TJP4,NA,NA,NA
sub-UA3V5JAA,NA,NA,NA
sub-UA8DDPFF,NA,NA,1
sub-UAB56Z7Z,NA,NA,NA
sub-UAD5V60L,NA,NA,NA
sub-UAERPXD7,NA,NA,NA
sub-UAHG246H,NA,NA,NA
sub-UAYNYWT7,NA,NA,NA
sub-UB02MCBC,NA,NA,NA
sub-UB096N6Y,NA,NA,1
sub-UB22FPTE,NA,NA,NA
sub-UB376762,NA,NA,NA
sub-UB4XK4NV,NA,NA,NA
sub-UB6FN6XG,NA,NA,1
sub-UB6JP787,NA,NA,1
sub-UB6TZMWL,NA,NA,NA
sub-UB8UKMXG,NA,NA,NA
sub-UB8V5KNT,1,1,NA
sub-UBCDJ64P,NA,NA,NA
sub-UBFY4UNN,NA,NA,NA
sub-UBKLVB72,1,1,1
sub-UBLUW5AM,NA,NA,NA
sub-UBLZ93XE,NA,NA,NA
sub-UBUBZYDC,NA,NA,1
sub-UBV5LDKV,NA,NA,1
sub-UBVPEW11,NA,NA,NA
sub-UC3J0UH9,NA,NA,NA
sub-UC3R9484,NA,NA,NA
sub-UC80Z0WM,NA,NA,NA
sub-UCF0VBM1,NA,NA,NA
sub-UCGB6B8U,NA,NA,NA
sub-UCGJ1U8F,NA,NA,NA
sub-UCM7Z8R7,NA,NA,NA
sub-UCTV5WPJ,NA,NA,NA
sub-UCUU472H,NA,NA,NA
sub-UCXEZB27,NA,NA,NA
sub-UD08XGWK,1,1,1
sub-UD0M0169,NA,NA,NA
sub-UD7Z98E5,NA,NA,NA
sub-UDBJ9V2N,2,1,1
sub-UDEENCGT,NA,NA,NA
sub-UDEPUVAK,NA,NA,NA
sub-UDKZF62L,NA,NA,NA
sub-UDMDZKBV,NA,NA,1
sub-UDUKRV36,NA,NA,NA
sub-UDXAL2AW,1,1,1
sub-UE1M64BU,NA,NA,NA
sub-UE7CU1V9,NA,NA,1
sub-UEB7ZA46,NA,NA,NA
sub-UEBPZ7X3,NA,NA,NA
sub-UELN86MB,NA,NA,1
sub-UEP9AVEL,NA,NA,1
sub-UEPAL53D,NA,NA,NA
sub-UET7ENDU,NA,NA,1
sub-UEVZC0HH,NA,NA,NA
sub-UEW7XU6N,NA,NA,1
sub-UEXW27D7,NA,NA,1
sub-UEZLMURY,NA,NA,NA
sub-UF00N1FK,1,1,1
sub-UF432B35,NA,NA,1
sub-UF504K04,NA,NA,1
sub-UF706YA2,NA,NA,1
sub-UF8PKKDJ,1,1,1
sub-UFCN0984,NA,NA,NA
sub-UFF64VGJ,NA,NA,1
sub-UFFFFXBF,NA,NA,NA
sub-UFHL6EBR,NA,NA,1
sub-UFJX48LE,NA,NA,NA
sub-UFVGYBER,1,1,NA
sub-UG6DTWVU,NA,NA,NA
sub-UG9ER6RP,NA,NA,NA
sub-UGA7X1BC,NA,NA,NA
sub-UGD7DXX7,NA,NA,NA
sub-UGKLRP0A,NA,NA,NA
sub-UGKWA479,NA,NA,1
sub-UGNK7ZYA,NA,NA,NA
sub-UGP7XGXD,NA,NA,NA
sub-UGP8FHFC,1,1,1
sub-UGT2AFVT,NA,NA,NA
sub-UGTM5WFU,NA,NA,NA
sub-UGV2W16Z,NA,NA,NA
sub-UH0F2U1W,NA,NA,NA
sub-UH4F3Z71,NA,NA,NA
sub-UH5GH7KA,NA,NA,1
sub-UH6R1YZV,NA,NA,NA
sub-UH77PVBN,NA,NA,NA
sub-UHCPUV4G,NA,NA,NA
sub-UHDE0LEV,NA,NA,1
sub-UHEK7K6F,1,1,1
sub-UHN1WLRZ,NA,NA,1
sub-UHT34WP1,NA,NA,NA
sub-UHUVY3KZ,NA,NA,1
sub-UHXC5TRD,NA,NA,NA
sub-UJ1389BN,NA,NA,NA
sub-UJ5L5PCB,NA,NA,1
sub-UJ6PGMCW,NA,NA,NA
sub-UJ7CJMWD,NA,NA,NA
sub-UJ86W3MP,NA,NA,1
sub-UJB5DEX0,1,1,1
sub-UJBHEFTN,NA,NA,NA
sub-UJGNWNMJ,NA,NA,NA
sub-UJGVYU5N,NA,NA,NA
sub-UJPLRUU9,1,1,1
sub-UJTA9MD9,NA,NA,NA
sub-UJWZJLT4,1,1,1
sub-UK2F9WW4,NA,NA,1
sub-UK57KUZE,NA,NA,NA
sub-UK58FDWG,NA,NA,1
sub-UKDUJYJH,NA,NA,NA
sub-UKEHKCA6,NA,NA,NA
sub-UKG8ND85,2,1,1
sub-UKKJ04AZ,NA,NA,NA
sub-UKM5BB37,NA,NA,NA
sub-UKPZU1JW,NA,NA,1
sub-UKT3Y1U0,NA,NA,NA
sub-UKT7ETKD,NA,NA,NA
sub-UKZ2E83X,1,1,1
sub-UL3AET2P,NA,NA,NA
sub-UL9WW7ET,NA,NA,NA
sub-ULE1VKVR,NA,NA,NA
sub-ULEGZ5EL,1,1,NA
sub-ULJ63ZZK,NA,NA,NA
sub-ULRUN522,NA,NA,NA
sub-ULT8KHWH,NA,NA,NA
sub-ULY80GEF,NA,NA,NA
sub-ULZMADF1,NA,NA,NA
sub-UM02PX1A,NA,NA,1
sub-UM233A09,NA,NA,NA
sub-UM3L54UF,NA,NA,NA
sub-UM8RJJDZ,NA,NA,1
sub-UM9EFLC3,1,1,1
sub-UMHGTLW8,NA,NA,NA
sub-UMJVH4W6,NA,NA,1
sub-UMTF6KTU,NA,NA,NA
sub-UN1M9EZ6,NA,NA,NA
sub-UN26G8WH,1,1,1
sub-UN2A7AA5,NA,NA,1
sub-UN2RARPC,NA,NA,NA
sub-UN55AXTE,1,1,1
sub-UN7KBC8M,NA,NA,NA
sub-UN80YW88,NA,NA,1
sub-UNWBU521,NA,NA,NA
sub-UNZ46TB8,1,1,1
sub-UNZGDT4H,NA,NA,NA
sub-UP3WUX7T,NA,NA,NA
sub-UP5RRBBN,1,1,1
sub-UP5T3PT9,NA,NA,NA
sub-UP72WLKM,NA,NA,NA
sub-UP7C1R7C,NA,NA,NA
sub-UP7H8Z59,NA,NA,NA
sub-UP8V663L,NA,NA,NA
sub-UPB6NM85,NA,NA,NA
sub-UPDUETFG,NA,NA,NA
sub-UPKM7CMH,2,1,1
sub-UPMTMV0G,NA,NA,NA
sub-UPPU9A5W,NA,NA,NA
sub-UR7GBKPR,NA,NA,NA
sub-URFDN3WC,NA,NA,1
sub-URG8199G,1,1,1
sub-URJ3XK7W,NA,NA,NA
sub-URLC2748,NA,NA,NA
sub-URLHBMZV,NA,NA,NA
sub-URNAH8GZ,NA,NA,NA
sub-URNYZ0V7,NA,NA,1
sub-URPDWTVH,2,1,1
sub-URUR52NZ,NA,NA,1
sub-URV9HRCM,1,1,1
sub-URX0F423,NA,NA,NA
sub-URYDCKP1,NA,NA,NA
sub-URZU1N9V,NA,NA,NA
sub-UTBRXV0G,NA,NA,NA
sub-UTCRUX6L,NA,NA,NA
sub-UTCZ1TL4,NA,NA,1
sub-UTDG7ZWF,NA,NA,NA
sub-UTEVFWND,NA,NA,NA
sub-UTJX1PYG,2,1,1
sub-UTNUNCNK,NA,NA,NA
sub-UTPXGCV1,NA,NA,NA
sub-UTVE98D5,NA,NA,NA
sub-UU2N14ZU,NA,NA,NA
sub-UU2VUW5T,NA,NA,1
sub-UU44L176,NA,NA,NA
sub-UU5A52GN,NA,NA,NA
sub-UU88CLEU,NA,NA,NA
sub-UU8N2C5P,NA,NA,1
sub-UU9P706U,NA,NA,NA
sub-UUBJL9X5,NA,NA,NA
sub-UULNDK83,NA,NA,NA
sub-UUP2MCRU,NA,NA,NA
sub-UURWXJBP,NA,NA,NA
sub-UV48BM08,NA,NA,NA
sub-UV4YZKVK,NA,NA,NA
sub-UVB66Y7Z,NA,NA,1
sub-UVHFPBMC,NA,NA,NA
sub-UVKK59DF,NA,NA,NA
sub-UVP8NKL5,NA,NA,1
sub-UVW9DC8Y,NA,NA,NA
sub-UVXX7NXJ,NA,NA,NA
sub-UW2RRYUA,NA,NA,NA
sub-UW2UNAF1,NA,NA,1
sub-UW7KX694,NA,NA,NA
sub-UW7RPNEP,NA,NA,NA
sub-UW7TPCMK,NA,NA,NA
sub-UWAU3TFB,NA,NA,NA
sub-UWH8CG0A,NA,NA,1
sub-UWH8GXXW,NA,NA,1
sub-UWKTE50R,NA,NA,NA
sub-UWLUMMVY,NA,NA,NA
sub-UWNVH2C7,NA,NA,1
sub-UWP79YF4,NA,NA,NA
sub-UWPYXRDM,NA,NA,NA
sub-UWRM3PWZ,NA,NA,NA
sub-UWTWYGD1,NA,NA,NA
sub-UWZLKLE0,NA,NA,NA
sub-UWZXJGWG,NA,NA,NA
sub-UX1XKDLN,NA,NA,NA
sub-UX20B6L5,NA,NA,NA
sub-UX8RG3BK,NA,NA,NA
sub-UXBAPXMJ,1,1,1
sub-UXC9PACX,NA,NA,NA
sub-UXDU885U,NA,NA,1
sub-UXEGHGTU,1,1,1
sub-UXJ71XMK,NA,NA,1
sub-UXMACPNB,NA,NA,1
sub-UXPMJYG0,NA,NA,NA
sub-UXR7F74W,NA,NA,NA
sub-UXT483FW,NA,NA,NA
sub-UXT4TZJF,NA,NA,NA
sub-UXTPV7WH,NA,NA,1
sub-UXUJK89N,NA,NA,1
sub-UXWUN73X,NA,NA,1
sub-UXX4B4ZL,NA,NA,NA
sub-UXXJ24L8,NA,NA,NA
sub-UY1UGEA3,NA,NA,1
sub-UY429PA4,NA,NA,NA
sub-UY636PFH,1,1,1
sub-UY8GTG7G,1,1,NA
sub-UYAENUJR,NA,NA,NA
sub-UYF7JD2E,NA,NA,1
sub-UYGUL9BV,1,1,1
sub-UYK6RKMH,1,1,1
sub-UYRB0K4X,NA,NA,NA
sub-UYU4JRJA,NA,NA,1
sub-UYYEU9U1,NA,NA,NA
sub-UYZD19PV,NA,NA,NA
sub-UZ89A2LM,NA,NA,NA
sub-UZAZXB08,NA,NA,NA
sub-UZBAVXHW,NA,NA,NA
sub-UZMCUYWY,NA,NA,1
sub-UZMRNA0C,NA,NA,NA
sub-UZY9W14J,NA,NA,NA
sub-UZYC1YD6,NA,NA,1
sub-UZYFLAPC,NA,NA,NA
sub-V0032JDG,NA,NA,NA
sub-V00NCT0L,NA,NA,NA
sub-V016WX7A,NA,NA,NA
sub-V019W4NJ,NA,NA,NA
sub-V04XXC85,NA,NA,NA
sub-V05P2AW1,NA,NA,NA
sub-V0AKNDFH,NA,NA,1
sub-V0BGPHNW,NA,NA,NA
sub-V0BMK3B8,NA,NA,NA
sub-V0E701P6,NA,NA,NA
sub-V0L5J7B4,NA,NA,NA
sub-V0LECLBE,NA,NA,NA
sub-V0UVZ6YT,NA,NA,1
sub-V0XR39K2,NA,NA,NA
sub-V0YMYACE,NA,NA,NA
sub-V0ZY5YPC,NA,NA,1
sub-V104HFJY,NA,NA,1
sub-V154C1XB,NA,NA,NA
sub-V18LRYXU,NA,NA,NA
sub-V18ZDFDE,NA,NA,NA
sub-V1APEWPM,NA,NA,1
sub-V1BV9PWF,2,1,1
sub-V1D97XZ4,NA,NA,1
sub-V1F9DNZH,NA,NA,1
sub-V1HHJNWN,NA,NA,1
sub-V1LRPT07,NA,NA,NA
sub-V1PK275V,NA,NA,NA
sub-V1UUN23J,NA,NA,NA
sub-V1VLC8FR,2,1,1
sub-V1W73MWR,NA,NA,NA
sub-V1XY0F8C,NA,NA,1
sub-V1Y99ECP,NA,NA,NA
sub-V1Z15TXB,NA,NA,NA
sub-V1Z1XF3X,NA,NA,1
sub-V23Y1DXH,NA,NA,NA
sub-V24AA3RE,NA,NA,NA
sub-V24BU329,NA,NA,NA
sub-V25NXUTA,NA,NA,1
sub-V29T6MBE,NA,NA,NA
sub-V2G5F6T0,NA,NA,NA
sub-V2G8NKJE,NA,NA,NA
sub-V2HGDTGK,NA,NA,NA
sub-V2J19CN2,NA,NA,NA
sub-V2R0HB8H,NA,NA,1
sub-V2TL3DA9,NA,NA,1
sub-V2VWE59Y,NA,NA,1
sub-V2WL8NJZ,NA,NA,NA
sub-V2Y2RFVK,1,1,1
sub-V2ZZ7DMV,NA,NA,NA
sub-V30162D6,NA,NA,NA
sub-V305VP0P,NA,NA,NA
sub-V332W2B5,NA,NA,NA
sub-V36RW8GC,NA,NA,NA
sub-V37537GK,NA,NA,NA
sub-V381L7JK,NA,NA,NA
sub-V394F6F7,1,1,1
sub-V3FEPB32,1,1,1
sub-V3XNKG6C,NA,NA,1
sub-V3Z0YVUT,1,1,1
sub-V44PK83V,1,1,1
sub-V44RDE6R,1,1,1
sub-V46NR3P6,1,1,1
sub-V49BV0FE,NA,NA,1
sub-V4AXRCZ6,NA,NA,NA
sub-V4GUZKKA,NA,NA,NA
sub-V4KUL4N2,NA,NA,NA
sub-V4RPD9NA,NA,NA,NA
sub-V4V8B9K8,NA,NA,NA
sub-V4VB3611,NA,NA,NA
sub-V4XY140Z,NA,NA,1
sub-V4Y9RJA1,NA,NA,1
sub-V4YEXL6X,NA,NA,NA
sub-V4ZYD9PL,NA,NA,NA
sub-V50A837R,NA,NA,NA
sub-V53R103B,NA,NA,NA
sub-V54EMBM7,NA,NA,NA
sub-V56VCMTJ,NA,NA,1
sub-V5BGK5FU,1,1,1
sub-V5GRGPFP,1,1,1
sub-V5HEJ9PA,1,1,NA
sub-V5MHL75K,NA,NA,NA
sub-V5TKBR0Y,NA,NA,NA
sub-V5WEC3Y1,1,1,1
sub-V5X50ZMM,NA,NA,NA
sub-V5XX9GEF,1,1,1
sub-V5Y81HT9,NA,NA,NA
sub-V5YL6694,NA,NA,1
sub-V6822VJD,NA,NA,NA
sub-V6CX3VRR,NA,NA,1
sub-V6GUKET3,NA,NA,1
sub-V6KFJX12,NA,NA,1
sub-V6KTVCZH,NA,NA,1
sub-V6MZ4VB1,NA,NA,1
sub-V6NAXTR2,NA,NA,1
sub-V6PC2WV9,NA,NA,1
sub-V6PCNENZ,NA,NA,NA
sub-V6W5XFK6,NA,NA,1
sub-V6XHZB59,NA,NA,NA
sub-V72RAPTJ,NA,NA,NA
sub-V7341H8G,NA,NA,NA
sub-V77F4ARK,NA,NA,NA
sub-V7BMW1B1,NA,NA,NA
sub-V7D70A79,NA,NA,NA
sub-V7EUYJMM,NA,NA,NA
sub-V7F3YE27,NA,NA,1
sub-V7J7HV7U,NA,NA,NA
sub-V7JADB47,NA,NA,1
sub-V7KNVTFG,1,1,1
sub-V7LAD2MF,1,1,1
sub-V7NEVHLK,NA,NA,NA
sub-V7PYJ52J,NA,NA,NA
sub-V7RTRM32,NA,NA,NA
sub-V7Z95HZ1,NA,NA,1
sub-V81U1DVC,NA,NA,1
sub-V82L1HKC,NA,NA,NA
sub-V8576DMV,1,1,NA
sub-V85CH77G,NA,NA,1
sub-V874VP8D,NA,NA,1
sub-V8FXEN67,NA,NA,NA
sub-V8M2H141,NA,NA,NA
sub-V8URWFJ6,1,1,1
sub-V8VK6RGX,NA,NA,NA
sub-V8Y5PNGN,NA,NA,1
sub-V8YXGG31,NA,NA,NA
sub-V96G6YFB,NA,NA,1
sub-V96LUWY8,NA,NA,NA
sub-V99F79D9,NA,NA,NA
sub-V9B0R8UM,NA,NA,NA
sub-V9BM1RB5,1,1,1
sub-V9D0WWZM,NA,NA,NA
sub-V9FYAC4J,NA,NA,NA
sub-V9G24V48,NA,NA,NA
sub-V9LM0ZAG,NA,NA,NA
sub-V9RZ5E55,NA,NA,NA
sub-V9Z7KCBE,NA,NA,NA
sub-VA1P3NB5,NA,NA,NA
sub-VA82JDEJ,NA,NA,1
sub-VA90J10J,NA,NA,NA
sub-VAGD75XZ,NA,NA,1
sub-VAMKAM75,1,1,1
sub-VAMT0KW4,2,1,1
sub-VAPJ5TBV,NA,NA,1
sub-VAWB3BNR,NA,NA,NA
sub-VAXL08MG,NA,NA,NA
sub-VAYBMVXD,NA,NA,NA
sub-VAZC3MD9,NA,NA,NA
sub-VB04BHVZ,NA,NA,NA
sub-VB08AETV,NA,NA,NA
sub-VB0K1CTL,NA,NA,1
sub-VB32WMEB,NA,NA,NA
sub-VB4VL8R0,NA,NA,NA
sub-VB6ATF8B,NA,NA,NA
sub-VB6CJP4C,NA,NA,NA
sub-VB893JHP,NA,NA,NA
sub-VB8PTCB1,NA,NA,NA
sub-VBA9GPK7,NA,NA,1
sub-VBGCXHN4,NA,NA,NA
sub-VBH246B9,NA,NA,NA
sub-VBHGA5ZP,NA,NA,NA
sub-VBL6F58A,1,1,1
sub-VBM9M2WA,NA,NA,1
sub-VBNV0506,NA,NA,1
sub-VBUX926D,NA,NA,1
sub-VBYJ19B5,NA,NA,NA
sub-VC130UV5,1,1,1
sub-VC1FVHRL,NA,NA,1
sub-VC1UM0RW,NA,NA,NA
sub-VC2R39EB,NA,NA,1
sub-VC92B8PL,NA,NA,NA
sub-VCAHYYKD,NA,NA,NA
sub-VCEAYC27,NA,NA,NA
sub-VCKR7V40,NA,NA,NA
sub-VCLE058V,1,1,1
sub-VCWLD1YC,1,1,1
sub-VCXM5YTD,NA,NA,NA
sub-VD2ZTKAX,NA,NA,NA
sub-VD3KF4HE,NA,NA,1
sub-VD8NUGKM,NA,NA,NA
sub-VDAGZAU0,NA,NA,1
sub-VDG1UULL,NA,NA,NA
sub-VDK9BUDJ,NA,NA,1
sub-VDT3APC1,NA,NA,NA
sub-VDTMX4Y4,1,1,1
sub-VE6MPVNE,NA,NA,1
sub-VE9T23NT,NA,NA,1
sub-VEFD0RED,NA,NA,NA
sub-VEKJ0JBV,NA,NA,NA
sub-VEMKCEWD,NA,NA,1
sub-VEMXZMTT,NA,NA,NA
sub-VEN6KLB1,NA,NA,NA
sub-VEPMAR8L,NA,NA,NA
sub-VERH3XXB,NA,NA,NA
sub-VEVJRL88,NA,NA,NA
sub-VEWLJY3Z,NA,NA,NA
sub-VF3B658H,1,1,1
sub-VF47E1YM,1,1,1
sub-VF4AJE7R,NA,NA,NA
sub-VF539UBP,NA,NA,1
sub-VF5B2JT1,NA,NA,NA
sub-VFA81J3D,NA,NA,NA
sub-VFC957NV,NA,NA,NA
sub-VFCBH31R,NA,NA,NA
sub-VFCNZHBM,NA,NA,NA
sub-VFHZJPYR,NA,NA,1
sub-VFKCK80B,NA,NA,NA
sub-VFM4VWWG,NA,NA,NA
sub-VFMTWZYL,NA,NA,NA
sub-VFRZ4KXL,NA,NA,1
sub-VFX02WGJ,NA,NA,NA
sub-VFY5R1W3,NA,NA,1
sub-VG1MF8K5,1,1,1
sub-VG3X2TFW,NA,NA,NA
sub-VGBGVFYF,NA,NA,NA
sub-VGEWB754,NA,NA,NA
sub-VGFCTD9T,1,1,1
sub-VGLF61WZ,NA,NA,1
sub-VGLUUM39,NA,NA,NA
sub-VGMX0BPT,1,1,1
sub-VGNCVUXB,NA,NA,NA
sub-VGTN3KC5,NA,NA,NA
sub-VGVFRTZC,NA,NA,NA
sub-VH22P5KB,NA,NA,NA
sub-VH4YPG9H,NA,NA,1
sub-VH54ZRW3,NA,NA,NA
sub-VH63506B,1,1,1
sub-VH6HJA0V,NA,NA,NA
sub-VH9C9R1J,NA,NA,NA
sub-VH9GWJVF,NA,NA,1
sub-VHBYV2NC,NA,NA,1
sub-VHKDUKTN,NA,NA,NA
sub-VHRDAP1X,NA,NA,NA
sub-VHUHUPY6,NA,NA,NA
sub-VHUVKEG1,NA,NA,NA
sub-VJ4BVBAV,NA,NA,NA
sub-VJ521M24,NA,NA,1
sub-VJ5CNTVT,NA,NA,NA
sub-VJ7A5WBE,NA,NA,1
sub-VJAGK0RB,NA,NA,NA
sub-VJBX89D6,NA,NA,1
sub-VJELFB43,NA,NA,NA
sub-VJG59G6B,NA,NA,NA
sub-VJHP4VX6,NA,NA,NA
sub-VJJW3U6Z,NA,NA,NA
sub-VJKH9K69,NA,NA,1
sub-VJLM7PBM,1,1,1
sub-VJPMKNCY,NA,NA,NA
sub-VJRZBX7W,NA,NA,NA
sub-VJYBNXUE,NA,NA,NA
sub-VK4U0K21,NA,NA,NA
sub-VKA2ACZA,NA,NA,1
sub-VKA7FXC3,NA,NA,NA
sub-VKCT9VLF,NA,NA,NA
sub-VKF7FYHA,NA,NA,NA
sub-VKLJZA5A,NA,NA,1
sub-VKMDG53B,1,1,1
sub-VKPJ803Y,NA,NA,1
sub-VKR3UP6G,NA,NA,1
sub-VKV5RYVF,NA,NA,1
sub-VKXBTBUE,NA,NA,NA
sub-VL1JXMTC,NA,NA,NA
sub-VL42KJTZ,NA,NA,NA
sub-VL55M66Z,NA,NA,NA
sub-VL6NW95C,NA,NA,NA
sub-VLC9RFM1,NA,NA,1
sub-VLDYPNLT,NA,NA,NA
sub-VLE1R1XX,NA,NA,1
sub-VLGAGC69,NA,NA,NA
sub-VLHZP6FR,NA,NA,NA
sub-VLKDA30M,NA,NA,NA
sub-VLKTCLJ7,NA,NA,NA
sub-VLP88ED7,1,1,1
sub-VLPZ13ZY,NA,NA,NA
sub-VLXFA650,NA,NA,NA
sub-VLXUETVJ,NA,NA,NA
sub-VLZ1FB8Y,NA,NA,NA
sub-VM0UX0L1,NA,NA,NA
sub-VM2X0W61,NA,NA,NA
sub-VM3WVMV7,NA,NA,1
sub-VM3YZHHG,1,1,1
sub-VMHC7BEX,NA,NA,NA
sub-VMHTUJHX,NA,NA,NA
sub-VMNZP2RA,NA,NA,NA
sub-VMT7W436,NA,NA,1
sub-VN0L0E6W,NA,NA,1
sub-VN1L2G3J,NA,NA,NA
sub-VN1L8JD3,NA,NA,NA
sub-VN646T2K,NA,NA,1
sub-VNAD3K0E,NA,NA,NA
sub-VNAHZMFZ,NA,NA,1
sub-VNF9LTLB,NA,NA,NA
sub-VNGTK7HM,NA,NA,NA
sub-VNGZMHCX,NA,NA,NA
sub-VNJYM3LU,NA,NA,NA
sub-VNKYK7HM,1,1,1
sub-VNPA317C,NA,NA,NA
sub-VNPTXJ8G,NA,NA,NA
sub-VNRTKY5K,NA,NA,NA
sub-VNVXNELX,NA,NA,NA
sub-VP326VDY,NA,NA,NA
sub-VP45XG3A,NA,NA,NA
sub-VPBZABW8,NA,NA,NA
sub-VPCKCXWA,NA,NA,NA
sub-VPDNL3D5,NA,NA,NA
sub-VPFWLP9R,NA,NA,1
sub-VPL7432C,NA,NA,NA
sub-VPNC7BR6,NA,NA,1
sub-VPNP73C4,NA,NA,1
sub-VPY3B7XG,NA,NA,NA
sub-VPZM5DG3,NA,NA,NA
sub-VR0KF4XT,NA,NA,1
sub-VR3KXTRE,NA,NA,NA
sub-VR534N8K,NA,NA,NA
sub-VR5BRZPY,NA,NA,NA
sub-VR6JW9BP,1,1,1
sub-VR8GJJYB,NA,NA,NA
sub-VR93TB4C,NA,NA,1
sub-VRATUJUU,2,1,1
sub-VRDPAL09,NA,NA,NA
sub-VRKUMXX2,NA,NA,NA
sub-VRX7WTKX,1,1,1
sub-VRYNAJ4H,NA,NA,NA
sub-VRZMJVUZ,1,1,1
sub-VRZT93M0,1,1,1
sub-VT14CE3D,NA,NA,NA
sub-VT22AKPY,NA,NA,NA
sub-VT3K0T1N,NA,NA,NA
sub-VT6N62X5,1,1,1
sub-VTKJGFA3,NA,NA,NA
sub-VTLT37BX,NA,NA,NA
sub-VTV39VRA,NA,NA,1
sub-VU46PA0Y,NA,NA,NA
sub-VUD7L4FZ,NA,NA,NA
sub-VULYL2L9,NA,NA,NA
sub-VUMNAHPB,NA,NA,1
sub-VUP2JXUY,NA,NA,NA
sub-VUWVUYDA,NA,NA,NA
sub-VV1MH68R,NA,NA,NA
sub-VV34F5T4,NA,NA,NA
sub-VV4L00MU,NA,NA,NA
sub-VV50F0CH,NA,NA,1
sub-VV5V2KXY,NA,NA,NA
sub-VVAATZ9K,NA,NA,NA
sub-VVCBYFPN,NA,NA,NA
sub-VVD39H82,NA,NA,NA
sub-VVD7GZPP,NA,NA,NA
sub-VVDFELL0,NA,NA,NA
sub-VVJJGU7V,NA,NA,NA
sub-VVTG7PLK,NA,NA,NA
sub-VVTZFFUA,NA,NA,1
sub-VVUL3N89,NA,NA,NA
sub-VW7UK4G4,NA,NA,1
sub-VW7UWF8E,NA,NA,NA
sub-VWH7ZJJR,1,1,1
sub-VWLNFNMG,NA,NA,1
sub-VWM8LE4C,NA,NA,NA
sub-VWRA1CDF,NA,NA,NA
sub-VWUJFEDA,NA,NA,NA
sub-VWUTBXZ7,NA,NA,NA
sub-VWVP6AJE,NA,NA,NA
sub-VWY740UE,NA,NA,NA
sub-VWYK9ZMX,NA,NA,1
sub-VX1JTGZC,NA,NA,NA
sub-VX605DH1,NA,NA,NA
sub-VX7ZG792,NA,NA,NA
sub-VXA7EUDY,NA,NA,1
sub-VXH1GGXB,NA,NA,NA
sub-VXHYLDG8,NA,NA,NA
sub-VXJBWAPD,NA,NA,NA
sub-VXKX7B5H,NA,NA,1
sub-VXN3Y1F1,NA,NA,NA
sub-VXPUM3HJ,NA,NA,NA
sub-VXR1276X,NA,NA,NA
sub-VXRX1E7M,NA,NA,NA
sub-VXVWAKTA,NA,NA,NA
sub-VY3ZED85,NA,NA,NA
sub-VY5NYLL2,NA,NA,NA
sub-VY8RD656,NA,NA,NA
sub-VYUKADTG,NA,NA,NA
sub-VYUL3K3M,NA,NA,1
sub-VYY8ZHN5,1,1,1
sub-VZ1LY5EP,NA,NA,NA
sub-VZ37D2G7,NA,NA,NA
sub-VZ4U6UT6,NA,NA,1
sub-VZ679N9G,NA,NA,NA
sub-VZ76D1UR,1,1,NA
sub-VZ900L8H,NA,NA,NA
sub-VZGWFC56,NA,NA,NA
sub-VZJ1V3A9,NA,NA,NA
sub-VZJC6YFE,NA,NA,NA
sub-VZJMVTTC,NA,NA,NA
sub-VZM2PPGN,NA,NA,1
sub-VZPWCZ82,NA,NA,1
sub-VZR097LZ,NA,NA,NA
sub-VZXGPU1H,NA,NA,NA
sub-VZYWE87C,NA,NA,NA
sub-W01DNXTA,1,1,1
sub-W01VXPJ7,NA,NA,NA
sub-W01ZL87U,NA,NA,NA
sub-W03T0R3Y,NA,NA,1
sub-W04H37XX,1,1,1
sub-W0BM9LJ7,NA,NA,1
sub-W0DAL2AW,NA,NA,1
sub-W0F348LV,NA,NA,1
sub-W0KP5575,NA,NA,NA
sub-W0VV53Y4,NA,NA,NA
sub-W0Z6644W,NA,NA,1
sub-W17JBT47,NA,NA,1
sub-W17VYJ0L,NA,NA,NA
sub-W194FUUP,NA,NA,1
sub-W1A2WG25,NA,NA,1
sub-W1A54N56,NA,NA,NA
sub-W1BFMH04,NA,NA,NA
sub-W1EJC2L6,NA,NA,1
sub-W1J6282F,NA,NA,NA
sub-W1M7NAKA,NA,NA,NA
sub-W1N53GX9,1,1,1
sub-W22EGAEE,NA,NA,NA
sub-W236WLM5,NA,NA,NA
sub-W26YNDL9,1,1,1
sub-W2CN6FA3,1,1,1
sub-W2DZTWZ2,NA,NA,NA
sub-W2GVHACV,NA,NA,NA
sub-W2JAJB5C,NA,NA,NA
sub-W2L5FYC0,NA,NA,NA
sub-W2N56G5G,NA,NA,NA
sub-W2RNZLMD,1,1,1
sub-W2RV7L97,NA,NA,1
sub-W2V4XRVC,NA,NA,NA
sub-W305M668,NA,NA,NA
sub-W323P74D,NA,NA,NA
sub-W32KZLJ4,NA,NA,NA
sub-W32VXLH4,NA,NA,NA
sub-W34AM66Z,NA,NA,NA
sub-W35MKDP0,NA,NA,1
sub-W36EDDBL,NA,NA,NA
sub-W39H8UW6,NA,NA,NA
sub-W3FWG7L0,NA,NA,NA
sub-W3GNFYF3,1,1,1
sub-W3LL7MG1,NA,NA,NA
sub-W3N4MZ02,NA,NA,NA
sub-W3UTD0NU,NA,NA,NA
sub-W3WR22PX,NA,NA,NA
sub-W46ENKNL,NA,NA,NA
sub-W482U9L4,NA,NA,NA
sub-W49LW8G9,1,1,1
sub-W4HWHZAF,NA,NA,1
sub-W4J90NFX,NA,NA,NA
sub-W4JM1V5R,NA,NA,1
sub-W4NWZJP5,NA,NA,1
sub-W4PDFHV1,NA,NA,NA
sub-W4W8HGP2,NA,NA,NA
sub-W51P7H05,NA,NA,NA
sub-W58F28HT,1,1,1
sub-W5AYJVKM,NA,NA,1
sub-W5F6E0EE,NA,NA,NA
sub-W5F6N6Z9,NA,NA,NA
sub-W5G7CGVG,NA,NA,NA
sub-W5JAWZYH,NA,NA,NA
sub-W5LV1C4M,NA,NA,NA
sub-W5T73BJ9,NA,NA,1
sub-W693E6M9,NA,NA,NA
sub-W6ACEC66,NA,NA,1
sub-W6BEL1YX,NA,NA,NA
sub-W6GWG9J4,NA,NA,NA
sub-W6JKD21G,NA,NA,NA
sub-W6KT5GEB,NA,NA,NA
sub-W6NBATCW,NA,NA,NA
sub-W6U5BGJA,NA,NA,NA
sub-W7D6ATVH,NA,NA,NA
sub-W7REUYL1,NA,NA,NA
sub-W7WRCR3R,NA,NA,NA
sub-W7YX6WG3,NA,NA,1
sub-W834HZGR,NA,NA,NA
sub-W85HKBUY,NA,NA,NA
sub-W8DZJNGD,NA,NA,NA
sub-W8HHGURF,NA,NA,1
sub-W8W3GAH9,1,1,1
sub-W8Z3BZAC,NA,NA,NA
sub-W8ZTTJYK,NA,NA,NA
sub-W91652ZY,NA,NA,1
sub-W94TKCDX,NA,NA,NA
sub-W9750ZMA,NA,NA,NA
sub-W9E59Z0N,NA,NA,1
sub-W9E71H52,1,1,1
sub-W9ETUAG2,NA,NA,1
sub-WA20K2LU,NA,NA,1
sub-WA4ACPCR,NA,NA,1
sub-WA8516BB,NA,NA,NA
sub-WAC9RH98,NA,NA,NA
sub-WAE6MMYC,NA,NA,NA
sub-WAFKK7PK,NA,NA,NA
sub-WAN79D4A,1,1,1
sub-WANGBMC4,NA,NA,NA
sub-WAVA878R,1,1,1
sub-WAXXJPLR,NA,NA,NA
sub-WAZU6V7T,NA,NA,NA
sub-WB0280RB,NA,NA,NA
sub-WB0RVAGY,NA,NA,1
sub-WB7BXZD6,NA,NA,NA
sub-WB92DZLU,NA,NA,NA
sub-WBAKLX5Y,NA,NA,NA
sub-WBE2PE0T,NA,NA,NA
sub-WBEMY06N,NA,NA,NA
sub-WBGB46VZ,NA,NA,NA
sub-WBLWK0A5,NA,NA,NA
sub-WBPRXX2G,NA,NA,NA
sub-WBVTFEHK,NA,NA,NA
sub-WC7HDWZP,NA,NA,1
sub-WC7XWTUD,NA,NA,NA
sub-WCB3M1XX,NA,NA,1
sub-WCG2L6JG,NA,NA,NA
sub-WCHNDWMU,NA,NA,NA
sub-WCKC2XKN,NA,NA,NA
sub-WCLDPKM7,NA,NA,NA
sub-WCV58UKD,NA,NA,1
sub-WCXC72GD,NA,NA,1
sub-WD1MTTUM,NA,NA,NA
sub-WD9X0GKT,NA,NA,NA
sub-WDCENDZ9,NA,NA,1
sub-WDG85F4T,NA,NA,NA
sub-WDLCWZL7,NA,NA,NA
sub-WDPW1876,1,1,1
sub-WDUXC02J,NA,NA,NA
sub-WDV4WJ1V,NA,NA,NA
sub-WE1DE80Z,1,1,1
sub-WE1Z3L3H,NA,NA,NA
sub-WE23RAXV,NA,NA,NA
sub-WE5GN0XG,NA,NA,NA
sub-WE96D8HC,NA,NA,NA
sub-WE9H9FRJ,NA,NA,1
sub-WECA1JN4,NA,NA,1
sub-WEEX08F4,NA,NA,1
sub-WEG17ZAZ,NA,NA,NA
sub-WEJF6GXD,NA,NA,1
sub-WEJMEVJN,NA,NA,NA
sub-WELLZDW7,NA,NA,1
sub-WEMTFU7T,NA,NA,NA
sub-WENNTD21,NA,NA,NA
sub-WEV9M1BE,NA,NA,NA
sub-WEY16ABB,NA,NA,NA
sub-WEZHYJ9U,NA,NA,1
sub-WF49ARG9,NA,NA,1
sub-WF5NERHZ,NA,NA,NA
sub-WF7C1DEL,NA,NA,NA
sub-WF9BVBHA,NA,NA,1
sub-WFAR590X,NA,NA,NA
sub-WFEJT579,1,1,1
sub-WFF7HRUN,1,1,1
sub-WFHFCJHH,NA,NA,NA
sub-WFHMPFF1,NA,NA,NA
sub-WFL8DCPR,NA,NA,NA
sub-WFLYAP7P,NA,NA,NA
sub-WFN7K4C5,NA,NA,1
sub-WFP0E099,NA,NA,1
sub-WFTWLBY6,NA,NA,NA
sub-WFWWY4NH,NA,NA,NA
sub-WG2KH7RL,NA,NA,NA
sub-WG4ZLXZY,NA,NA,1
sub-WGARRD3J,1,1,1
sub-WGVKC3KK,NA,NA,1
sub-WGVUPXFB,NA,NA,NA
sub-WGWA2P38,NA,NA,NA
sub-WGXZKM4X,NA,NA,NA
sub-WGYVBK6Y,NA,NA,NA
sub-WGZNJCT7,NA,NA,NA
sub-WH0P4JHC,NA,NA,NA
sub-WH7B6J1P,NA,NA,NA
sub-WH7LABN8,NA,NA,NA
sub-WHCJ7UWF,1,1,1
sub-WHXE421P,NA,NA,NA
sub-WHXTCM8L,NA,NA,NA
sub-WHZ3DTNP,NA,NA,1
sub-WJ086JLF,NA,NA,NA
sub-WJ1LWK8J,NA,NA,NA
sub-WJ2YVYHW,NA,NA,NA
sub-WJ6WE11U,NA,NA,NA
sub-WJ9EAVVK,NA,NA,NA
sub-WJA4R8GC,NA,NA,NA
sub-WJDKPLBG,NA,NA,1
sub-WJF0H153,NA,NA,NA
sub-WJG4X8JC,NA,NA,1
sub-WJJGB131,NA,NA,NA
sub-WJTDFK2X,1,1,1
sub-WJUF573K,NA,NA,NA
sub-WJVXY5RV,NA,NA,1
sub-WJZJUU4V,NA,NA,NA
sub-WK3JMGX5,NA,NA,1
sub-WK84XHKV,NA,NA,NA
sub-WKC5ATFL,NA,NA,1
sub-WKECBG18,1,1,1
sub-WKG1LV7G,NA,NA,NA
sub-WKGFMVUC,NA,NA,NA
sub-WKNKABEN,NA,NA,NA
sub-WKV26ZEY,NA,NA,NA
sub-WKY1N9UE,NA,NA,NA
sub-WL0A1EAZ,NA,NA,1
sub-WL1XK1BE,1,1,1
sub-WL2BVWEJ,NA,NA,NA
sub-WL6W9JWZ,1,1,1
sub-WL7D3D23,NA,NA,1
sub-WL86THT8,NA,NA,1
sub-WL8Y25AK,1,1,1
sub-WLAN2765,1,1,1
sub-WLDVYXKE,1,1,1
sub-WLGJB3DZ,NA,NA,NA
sub-WLJKU8MX,NA,NA,NA
sub-WLMWBF2W,NA,NA,NA
sub-WLNTC8GU,NA,NA,NA
sub-WLX2MF41,NA,NA,NA
sub-WLX46ARF,NA,NA,1
sub-WM0HJKFC,NA,NA,NA
sub-WM1W0UPC,1,1,1
sub-WM3FXZ4K,NA,NA,NA
sub-WM4B6L05,NA,NA,NA
sub-WM5G0ZB2,NA,NA,NA
sub-WMBFRZWJ,NA,NA,NA
sub-WMETUT1U,NA,NA,NA
sub-WMKGJZXX,NA,NA,1
sub-WMKYTKBW,1,1,1
sub-WMM5T2PL,NA,NA,NA
sub-WMPDRV7H,NA,NA,NA
sub-WMPY0NCV,NA,NA,NA
sub-WMTTWY8K,NA,NA,1
sub-WMYX7H7U,NA,NA,NA
sub-WN0E50H2,NA,NA,NA
sub-WN8UC0FU,NA,NA,1
sub-WNBZJPCU,NA,NA,NA
sub-WNEPJL03,NA,NA,NA
sub-WNGRHP6V,NA,NA,1
sub-WNGXWEL5,NA,NA,NA
sub-WNKZ5Z4L,NA,NA,NA
sub-WNTT8WKJ,NA,NA,NA
sub-WNTYPRLM,NA,NA,NA
sub-WNUXY3KF,NA,NA,NA
sub-WP0ZYHN3,NA,NA,NA
sub-WP2U8M5Y,NA,NA,1
sub-WP33RGJG,NA,NA,NA
sub-WPCCMHG1,NA,NA,NA
sub-WPJ3383P,1,1,1
sub-WPL4MXG2,NA,NA,NA
sub-WPL8UB72,NA,NA,NA
sub-WPTBB9N7,NA,NA,1
sub-WPVF0L7H,NA,NA,NA
sub-WPZDHV93,NA,NA,NA
sub-WR1VYFBV,NA,NA,1
sub-WR4W2P0B,NA,NA,NA
sub-WRCZDDAY,NA,NA,NA
sub-WRETMHUC,NA,NA,NA
sub-WRFE4X5R,NA,NA,1
sub-WRFN7EM0,1,1,1
sub-WRLG7NX5,NA,NA,NA
sub-WRWDR7HE,NA,NA,NA
sub-WRX5TRT3,NA,NA,1
sub-WT13MP64,NA,NA,NA
sub-WT40ZG52,NA,NA,NA
sub-WT60P58U,NA,NA,NA
sub-WT771AK6,1,1,1
sub-WTBPTVCP,NA,NA,1
sub-WTBYH8YK,NA,NA,1
sub-WTF6LNUW,NA,NA,NA
sub-WTJGZ67D,NA,NA,1
sub-WTKVCTWB,NA,NA,1
sub-WTTUXX1L,NA,NA,NA
sub-WTYHZVG8,1,1,1
sub-WTZBXDFP,NA,NA,NA
sub-WU2T3G53,NA,NA,NA
sub-WU30WE1X,NA,NA,NA
sub-WU3CFG57,1,1,1
sub-WU4PVYX1,NA,NA,NA
sub-WU8LHADL,NA,NA,NA
sub-WUHH5YTP,NA,NA,NA
sub-WUJ9HMBC,2,1,1
sub-WUWAVK33,NA,NA,NA
sub-WUYB82C8,NA,NA,1
sub-WV0VWFDF,NA,NA,NA
sub-WV30VA2P,NA,NA,NA
sub-WV58ZP6H,1,1,1
sub-WV6PGVET,NA,NA,1
sub-WVA9UY95,NA,NA,NA
sub-WVC1ZRTC,NA,NA,NA
sub-WVE3Y12H,1,1,1
sub-WVFZTJX6,NA,NA,1
sub-WVM2TW33,NA,NA,1
sub-WVM5267H,NA,NA,NA
sub-WVMTXLEH,NA,NA,NA
sub-WVVCYC6W,NA,NA,NA
sub-WVW0NNAD,NA,NA,NA
sub-WVWUUCX4,NA,NA,1
sub-WVWV34UR,NA,NA,NA
sub-WVWWBTF1,NA,NA,1
sub-WW1770EM,NA,NA,1
sub-WW5E3PXX,NA,NA,1
sub-WWCYEZFZ,NA,NA,1
sub-WWH3WJ0A,NA,NA,NA
sub-WWMFVX5N,NA,NA,1
sub-WWPVPJAA,NA,NA,NA
sub-WWRC2ZP0,NA,NA,1
sub-WWWV2AKG,NA,NA,NA
sub-WWXWKPHN,NA,NA,NA
sub-WX21FUMG,NA,NA,1
sub-WX3C6A3L,NA,NA,NA
sub-WX4KD0B0,NA,NA,1
sub-WX5PDY2A,NA,NA,1
sub-WX7WTJX6,NA,NA,NA
sub-WXDY4HKM,NA,NA,1
sub-WXF9B2KG,1,1,1
sub-WXGW2FKF,NA,NA,NA
sub-WXLHTR31,NA,NA,NA
sub-WXP08CYK,1,1,1
sub-WXTVW0BX,NA,NA,1
sub-WXW22AJX,NA,NA,NA
sub-WY0RDFB7,1,1,NA
sub-WY2D5R9A,NA,NA,NA
sub-WY331A3M,NA,NA,NA
sub-WY3GY9NE,NA,NA,NA
sub-WY6VZCVE,1,1,NA
sub-WY8VJ509,2,1,1
sub-WYBN7PAN,NA,NA,NA
sub-WYD2KHZZ,NA,NA,NA
sub-WYH5Z4YR,NA,NA,NA
sub-WYN5XJBL,NA,NA,NA
sub-WZ40YVLE,1,1,1
sub-WZ5MKFYM,NA,NA,1
sub-WZ9XXBWY,NA,NA,NA
sub-WZCU0W26,NA,NA,NA
sub-WZHDTM6W,NA,NA,NA
sub-WZJ7FKG5,NA,NA,NA
sub-WZPPL26Y,NA,NA,1
sub-WZRB4WLL,NA,NA,NA
sub-WZRF2GE6,NA,NA,1
sub-X016MMMC,NA,NA,1
sub-X09F55B8,NA,NA,1
sub-X0D8H6J7,NA,NA,NA
sub-X0KUKVL4,NA,NA,1
sub-X0THAV2A,NA,NA,NA
sub-X0UKVDWM,NA,NA,NA
sub-X0YRUY7C,NA,NA,1
sub-X10DFWR5,NA,NA,NA
sub-X13527KC,NA,NA,1
sub-X13WCXZ5,NA,NA,NA
sub-X14G2VCP,NA,NA,NA
sub-X14LJX8Z,NA,NA,NA
sub-X1697BGE,1,1,1
sub-X16TFXG3,NA,NA,1
sub-X192FE67,NA,NA,NA
sub-X1BU9BL8,NA,NA,1
sub-X1CRAW22,NA,NA,NA
sub-X1CT4ANJ,NA,NA,NA
sub-X1DYDC4B,NA,NA,NA
sub-X1M23RL5,NA,NA,NA
sub-X1RAFVJ4,NA,NA,NA
sub-X1VBLPUJ,NA,NA,NA
sub-X1YX7PDR,NA,NA,1
sub-X20XV71D,NA,NA,NA
sub-X225RA0Y,NA,NA,NA
sub-X22VK0BH,NA,NA,NA
sub-X24GH2TJ,NA,NA,1
sub-X2915D82,NA,NA,1
sub-X2BLRMU7,NA,NA,NA
sub-X2MAVLUN,NA,NA,NA
sub-X2MNECZ2,NA,NA,NA
sub-X2NW9XVN,1,1,1
sub-X2PGR753,NA,NA,1
sub-X2T12EWL,NA,NA,NA
sub-X2TWFHMP,NA,NA,NA
sub-X2XM8TVY,NA,NA,NA
sub-X329JYUJ,NA,NA,NA
sub-X34ZUB94,NA,NA,1
sub-X362LD83,NA,NA,NA
sub-X3ET5EK4,NA,NA,NA
sub-X3GM1J59,NA,NA,NA
sub-X3GV1FW0,NA,NA,NA
sub-X3LA9YLF,NA,NA,1
sub-X3MF6X7B,NA,NA,NA
sub-X3PYJZPC,NA,NA,NA
sub-X3ZCBLYM,NA,NA,NA
sub-X3ZLE0DN,NA,NA,NA
sub-X40BPRMT,NA,NA,NA
sub-X43TTKW0,NA,NA,NA
sub-X45DG8HN,NA,NA,NA
sub-X46YGYN7,NA,NA,NA
sub-X4GVLBGY,NA,NA,1
sub-X4GZFHDA,NA,NA,NA
sub-X4NY2GEA,NA,NA,NA
sub-X4TMH9ZH,NA,NA,NA
sub-X4UYLW56,NA,NA,NA
sub-X4VNR695,1,1,1
sub-X4WWMLJY,NA,NA,NA
sub-X5152WMR,1,1,NA
sub-X51FDNHV,NA,NA,1
sub-X51UNV1G,NA,NA,NA
sub-X5326K7A,NA,NA,NA
sub-X5384ZU4,NA,NA,NA
sub-X55N9TMK,NA,NA,NA
sub-X56RV3XT,NA,NA,1
sub-X5GGE1B3,NA,NA,NA
sub-X5JNFW1C,NA,NA,NA
sub-X5JWUPX9,NA,NA,1
sub-X5L1CX2N,NA,NA,NA
sub-X5LEY4DR,NA,NA,NA
sub-X5TE9J4F,1,1,1
sub-X5TLCB96,NA,NA,1
sub-X5TYFUMN,NA,NA,1
sub-X60NUEJD,NA,NA,NA
sub-X618B7BH,2,1,1
sub-X64TGR65,NA,NA,NA
sub-X67A1GFL,NA,NA,NA
sub-X67DRJDZ,NA,NA,NA
sub-X6BE06VZ,1,1,1
sub-X6EPR061,NA,NA,NA
sub-X6FUJZVN,NA,NA,1
sub-X6J9RV2M,NA,NA,NA
sub-X6MBE8T4,NA,NA,NA
sub-X6MC634B,NA,NA,NA
sub-X6RPJRAP,NA,NA,1
sub-X6TJJ447,NA,NA,NA
sub-X6TL5BD2,NA,NA,NA
sub-X6VNBL6L,NA,NA,1
sub-X6WEX0YJ,NA,NA,NA
sub-X711YAM8,1,1,1
sub-X718NUYK,NA,NA,1
sub-X72XX9JP,NA,NA,NA
sub-X747V39Y,NA,NA,NA
sub-X79EETRL,NA,NA,NA
sub-X7FCU43E,NA,NA,NA
sub-X7GTH1Y9,NA,NA,NA
sub-X7KKFJ5E,NA,NA,NA
sub-X7P9ENPW,NA,NA,NA
sub-X7RUVFDV,NA,NA,NA
sub-X7VT1MFY,NA,NA,NA
sub-X7W0FN4H,NA,NA,NA
sub-X7Y693LX,NA,NA,NA
sub-X86DXRAK,NA,NA,1
sub-X8AY31TT,NA,NA,NA
sub-X8CRJYVP,NA,NA,1
sub-X8D3JRAH,NA,NA,NA
sub-X8HAGH4H,NA,NA,NA
sub-X8K6GXBT,NA,NA,1
sub-X8K6JBAD,NA,NA,NA
sub-X8PGW7RC,1,1,1
sub-X8PYAJ0A,NA,NA,1
sub-X8T8BNJK,NA,NA,NA
sub-X9523L2A,NA,NA,NA
sub-X99CUTNE,NA,NA,NA
sub-X9DY5693,NA,NA,NA
sub-X9N847R2,NA,NA,NA
sub-X9XKM89P,NA,NA,NA
sub-X9YK296T,NA,NA,NA
sub-XA2P6B7H,NA,NA,NA
sub-XA2PZMMC,NA,NA,1
sub-XAAY5W2J,NA,NA,1
sub-XAF2R3YX,NA,NA,NA
sub-XALFHN4F,NA,NA,1
sub-XAP1L366,NA,NA,NA
sub-XAPU8YP9,1,1,1
sub-XARP4RCG,NA,NA,NA
sub-XARTK6ET,NA,NA,1
sub-XARVLWJ2,NA,NA,NA
sub-XAU39X13,NA,NA,NA
sub-XAUM8TGK,NA,NA,1
sub-XAV4KY99,NA,NA,NA
sub-XB686CP7,NA,NA,NA
sub-XB938J8E,1,1,1
sub-XBB6NT2L,NA,NA,NA
sub-XBDHH0WV,NA,NA,NA
sub-XBFJB18T,NA,NA,NA
sub-XBGKV295,NA,NA,NA
sub-XBHMF9C2,NA,NA,NA
sub-XBNU804E,NA,NA,NA
sub-XBPBAPVX,NA,NA,NA
sub-XBV7T3K4,NA,NA,NA
sub-XBX1H8JJ,NA,NA,NA
sub-XC2KNGXL,NA,NA,1
sub-XC2KX82P,NA,NA,NA
sub-XCD5ZXAR,NA,NA,NA
sub-XCHYF80L,NA,NA,NA
sub-XCLJFBW4,NA,NA,NA
sub-XCP03V21,NA,NA,1
sub-XCY3781A,NA,NA,1
sub-XCYGNLG5,NA,NA,NA
sub-XD55JXTK,NA,NA,NA
sub-XD6CMU32,NA,NA,1
sub-XDAPNHPM,NA,NA,NA
sub-XDHB28GU,NA,NA,NA
sub-XDNVH6WF,NA,NA,1
sub-XDUPZ8ZL,NA,NA,NA
sub-XDVDZNFB,1,1,1
sub-XDX3UAWF,NA,NA,1
sub-XE1AD04X,NA,NA,NA
sub-XEBWBPYN,NA,NA,NA
sub-XECRNL56,NA,NA,1
sub-XEDFAC1L,NA,NA,NA
sub-XEG4M9UL,NA,NA,NA
sub-XEHCCY9N,NA,NA,NA
sub-XEKGFN5Y,NA,NA,NA
sub-XER5A63C,NA,NA,NA
sub-XEYPED0K,NA,NA,NA
sub-XF2K4GPX,NA,NA,NA
sub-XF3EU2H1,NA,NA,NA
sub-XF8CMXGC,NA,NA,NA
sub-XF9W347M,NA,NA,NA
sub-XFD573YV,NA,NA,1
sub-XFD605G6,NA,NA,1
sub-XFHP0JZK,NA,NA,NA
sub-XFL1L8T2,2,1,1
sub-XFURZ24F,NA,NA,NA
sub-XFVACT0F,NA,NA,NA
sub-XFVDB3VJ,NA,NA,1
sub-XFY5F1AC,NA,NA,1
sub-XG13EX2M,NA,NA,NA
sub-XGAVY56C,NA,NA,NA
sub-XGDEB17G,NA,NA,NA
sub-XGDP97DU,NA,NA,NA
sub-XGFXPB14,NA,NA,NA
sub-XGK0BB15,NA,NA,NA
sub-XGPKHPUV,NA,NA,NA
sub-XGT4UWYN,NA,NA,1
sub-XGUFG37J,NA,NA,NA
sub-XGWM6XC8,1,1,1
sub-XGZGF8TM,1,1,1
sub-XH1KPX9J,NA,NA,NA
sub-XH4JV9XL,NA,NA,NA
sub-XH5MJUMZ,NA,NA,NA
sub-XH6PACR8,NA,NA,1
sub-XH99V5FZ,NA,NA,1
sub-XHD5E4MN,NA,NA,1
sub-XHDAVM50,1,1,1
sub-XHEEJUKX,NA,NA,1
sub-XHG35TUW,1,1,1
sub-XHJBRK7N,NA,NA,NA
sub-XHKRJC1C,NA,NA,NA
sub-XHM7W0B1,NA,NA,NA
sub-XHPZ989Y,NA,NA,NA
sub-XHU70DR0,2,1,1
sub-XHUFCVMW,NA,NA,NA
sub-XHWJ76VR,NA,NA,NA
sub-XHXZ933C,NA,NA,NA
sub-XHYMKR7F,NA,NA,NA
sub-XHZL9KN7,NA,NA,NA
sub-XJ2454AG,NA,NA,NA
sub-XJ31U6MU,NA,NA,NA
sub-XJ3NHHKA,1,1,1
sub-XJ93E5N3,NA,NA,1
sub-XJBU4ZMT,NA,NA,NA
sub-XJDRPPDG,NA,NA,NA
sub-XJEFUNEP,NA,NA,NA
sub-XJGP5M4G,NA,NA,NA
sub-XJJJJXGF,NA,NA,1
sub-XJK60DCE,NA,NA,NA
sub-XJNXM9XV,NA,NA,NA
sub-XJVE0AXP,NA,NA,1
sub-XK3Z24X8,NA,NA,NA
sub-XK4L71C3,NA,NA,1
sub-XK52H154,NA,NA,NA
sub-XK6GKFTM,NA,NA,NA
sub-XK6KTKFE,1,1,1
sub-XKA1ABU7,NA,NA,1
sub-XKA5TREH,NA,NA,NA
sub-XKJEN0E0,NA,NA,NA
sub-XKKY9HK5,1,1,1
sub-XKM23DJB,NA,NA,NA
sub-XKM6GP8D,NA,NA,NA
sub-XKP1PCCM,NA,NA,NA
sub-XKT9RMB4,NA,NA,NA
sub-XKVN251G,NA,NA,NA
sub-XKYUY7PR,NA,NA,1
sub-XL4DGB3P,NA,NA,1
sub-XL4UCXMM,NA,NA,NA
sub-XL9FYYPC,NA,NA,NA
sub-XL9ZX21U,NA,NA,NA
sub-XLF39KRG,NA,NA,1
sub-XLFHB010,1,1,1
sub-XLJLTPFF,NA,NA,NA
sub-XLP913HM,NA,NA,NA
sub-XLXL2EKK,NA,NA,1
sub-XLXW4PP4,NA,NA,NA
sub-XLXW80KD,NA,NA,1
sub-XLYDYTLX,NA,NA,NA
sub-XLYL6ZUB,NA,NA,NA
sub-XM0N4RE4,NA,NA,NA
sub-XMDFPX4L,NA,NA,1
sub-XMFG5XLJ,NA,NA,1
sub-XMJE5DN0,NA,NA,NA
sub-XMM70ENL,NA,NA,NA
sub-XMMZB7E9,NA,NA,NA
sub-XMNM5XM7,1,1,1
sub-XMP1CA5E,NA,NA,1
sub-XMVF9DJN,NA,NA,NA
sub-XMWLDC53,NA,NA,NA
sub-XMWVP3Y9,NA,NA,NA
sub-XMYHNHRX,NA,NA,NA
sub-XN1RT0M9,NA,NA,NA
sub-XN6HMGK8,NA,NA,NA
sub-XN8NNJC9,NA,NA,NA
sub-XNCB4UPY,NA,NA,NA
sub-XNEVU6X0,2,1,1
sub-XNJ0GBYC,NA,NA,NA
sub-XNK1WK36,NA,NA,1
sub-XNKDAEH6,NA,NA,1
sub-XNLUPHY4,NA,NA,NA
sub-XNU4XR8E,NA,NA,NA
sub-XNVL1783,1,1,1
sub-XNYJPEGX,NA,NA,NA
sub-XP05C9RL,NA,NA,NA
sub-XP6LNZEZ,NA,NA,NA
sub-XP71CVE9,NA,NA,1
sub-XP75417U,NA,NA,NA
sub-XPE3RPDD,NA,NA,NA
sub-XPGNE2W4,NA,NA,NA
sub-XPH3884U,NA,NA,NA
sub-XPLPX26E,NA,NA,NA
sub-XPLRAK5R,NA,NA,1
sub-XPUV2RYU,NA,NA,NA
sub-XPY9ELR7,1,1,1
sub-XPZ66T25,NA,NA,NA
sub-XPZGM0LG,NA,NA,NA
sub-XR9J4J3Y,NA,NA,1
sub-XRBWGD7W,NA,NA,NA
sub-XRCY6PFC,NA,NA,1
sub-XRF1JDV6,NA,NA,NA
sub-XRGAZCNX,NA,NA,1
sub-XRHZDZE8,NA,NA,NA
sub-XRNZ5M92,NA,NA,1
sub-XRP6TZGT,NA,NA,NA
sub-XRR639H7,NA,NA,NA
sub-XRWF7AVL,NA,NA,NA
sub-XT2DPHB8,NA,NA,1
sub-XT3G7YJR,NA,NA,NA
sub-XT5GA7K9,NA,NA,1
sub-XT73HCUT,NA,NA,NA
sub-XT84DNBE,1,1,NA
sub-XTBCPTH4,NA,NA,NA
sub-XTC184P0,NA,NA,NA
sub-XTEBWGKA,1,1,1
sub-XTKMXAXK,1,1,1
sub-XTMW4PWB,NA,NA,NA
sub-XTN3RGA3,NA,NA,NA
sub-XTRH94BW,NA,NA,NA
sub-XTRHH68Z,NA,NA,NA
sub-XTT06FAP,1,1,1
sub-XTTCDPV5,NA,NA,NA
sub-XTUP2ECD,NA,NA,NA
sub-XTX68JRW,NA,NA,NA
sub-XU10E0J7,NA,NA,1
sub-XU26UZ85,NA,NA,NA
sub-XU6572VY,2,1,1
sub-XU8K8M57,NA,NA,1
sub-XU9WL7P7,NA,NA,NA
sub-XUAL3R9B,NA,NA,NA
sub-XUAUK2H0,NA,NA,NA
sub-XUFCDBP0,NA,NA,NA
sub-XUHXEJTR,NA,NA,NA
sub-XUJ4X428,NA,NA,NA
sub-XUJFABEC,NA,NA,NA
sub-XUKGKUMG,NA,NA,NA
sub-XUKGU6HY,NA,NA,1
sub-XUKUXGAW,1,1,1
sub-XUKXXT12,NA,NA,NA
sub-XUPMEDT7,1,1,1
sub-XUT1RZUJ,NA,NA,NA
sub-XUXRAN3G,NA,NA,NA
sub-XV36B754,NA,NA,1
sub-XV7ACNJ4,NA,NA,NA
sub-XV7GLFGG,NA,NA,NA
sub-XV9G7HTR,NA,NA,1
sub-XV9T20V8,NA,NA,NA
sub-XV9TRYCZ,NA,NA,NA
sub-XVA5ENX1,NA,NA,NA
sub-XVAB3PXP,NA,NA,1
sub-XVAPJEM7,NA,NA,NA
sub-XVDG45XY,NA,NA,NA
sub-XVFTLZM9,NA,NA,NA
sub-XVHRL939,NA,NA,NA
sub-XVM1T4AG,NA,NA,NA
sub-XVRX9PPJ,NA,NA,1
sub-XVT1UD9C,NA,NA,1
sub-XVUGTFV5,NA,NA,1
sub-XW0KCY31,NA,NA,1
sub-XW3881JH,NA,NA,NA
sub-XW3ZZZXY,NA,NA,NA
sub-XW6WYXN6,NA,NA,NA
sub-XWDXTUZ0,NA,NA,1
sub-XWFKM0J5,NA,NA,NA
sub-XWFVHF57,1,1,1
sub-XWG8C94J,NA,NA,NA
sub-XWKLKMG1,NA,NA,NA
sub-XWKTXRJG,NA,NA,NA
sub-XWMR2Y6L,NA,NA,NA
sub-XWN727UB,NA,NA,NA
sub-XWW4FAU3,NA,NA,1
sub-XWXUUU18,NA,NA,NA
sub-XWYAZ3JP,NA,NA,1
sub-XWZ04XEN,1,1,1
sub-XX3MZNV7,1,1,1
sub-XXHGW734,NA,NA,NA
sub-XXKJDH17,NA,NA,1
sub-XXMY9WD8,NA,NA,NA
sub-XXN5Z1Y0,NA,NA,1
sub-XXP0X917,NA,NA,1
sub-XXR7E90Z,NA,NA,NA
sub-XXT5GG73,NA,NA,NA
sub-XXYY59XX,NA,NA,1
sub-XXZTK34K,NA,NA,NA
sub-XY1JE1A8,NA,NA,NA
sub-XY7EBP6K,1,1,1
sub-XY905VNM,NA,NA,NA
sub-XYBBEBBH,NA,NA,1
sub-XYBXW9GB,NA,NA,1
sub-XYF9FXT8,1,1,1
sub-XYGJN5H6,1,1,1
sub-XYH60E7L,NA,NA,NA
sub-XYKEDFRU,NA,NA,NA
sub-XYKNNZN6,NA,NA,NA
sub-XYLTMBZ9,NA,NA,NA
sub-XYP99M7T,NA,NA,NA
sub-XZ3MMX6M,NA,NA,1
sub-XZ44NE7H,NA,NA,1
sub-XZ627WWU,NA,NA,NA
sub-XZ8BRRCH,NA,NA,NA
sub-XZCJNKR9,NA,NA,NA
sub-XZKP1VEC,1,1,1
sub-XZMMB5YW,NA,NA,NA
sub-XZRDA6CJ,NA,NA,NA
sub-XZYM6JMK,NA,NA,NA
sub-Y03A7Z27,NA,NA,1
sub-Y03DJ9M0,NA,NA,NA
sub-Y04AT16M,NA,NA,NA
sub-Y064R00W,NA,NA,NA
sub-Y09XGV2D,NA,NA,NA
sub-Y0A90FWG,1,1,1
sub-Y0CRE49N,NA,NA,NA
sub-Y0K5P3XF,NA,NA,1
sub-Y0M892WU,NA,NA,NA
sub-Y0M8DA4H,1,1,1
sub-Y0MJVZ0T,NA,NA,NA
sub-Y0RYBAK1,NA,NA,NA
sub-Y0RZGBNN,NA,NA,NA
sub-Y0YM6R2T,NA,NA,1
sub-Y0ZVMMUP,NA,NA,1
sub-Y17ZU37V,NA,NA,NA
sub-Y19AMXWK,NA,NA,NA
sub-Y19N2XDD,NA,NA,NA
sub-Y1B9FTLD,NA,NA,NA
sub-Y1D0KCY0,1,1,1
sub-Y1HUK71Z,NA,NA,NA
sub-Y1KBMF25,NA,NA,NA
sub-Y1V92JT2,NA,NA,NA
sub-Y20GFNFC,NA,NA,NA
sub-Y20R5X1P,NA,NA,NA
sub-Y2B2659F,NA,NA,1
sub-Y2BPM655,1,1,1
sub-Y2BY2AXF,NA,NA,1
sub-Y2DDUD1J,NA,NA,NA
sub-Y2DXN8WF,NA,NA,NA
sub-Y2EFVF4F,NA,NA,NA
sub-Y2EP0J7T,NA,NA,NA
sub-Y2J2A5T4,NA,NA,NA
sub-Y2N1VZ6L,NA,NA,NA
sub-Y2R1V4KT,NA,NA,NA
sub-Y2WV0MYN,NA,NA,NA
sub-Y2YCRABT,NA,NA,1
sub-Y31GAJRD,1,1,1
sub-Y36XFLGJ,1,1,1
sub-Y38WEZBE,NA,NA,NA
sub-Y39Z6PHB,NA,NA,NA
sub-Y3EWHNRF,NA,NA,NA
sub-Y3HRTGKA,NA,NA,NA
sub-Y3K7M6M4,NA,NA,1
sub-Y3LBB0K3,1,1,1
sub-Y3N5BMUP,NA,NA,NA
sub-Y3P99M8A,NA,NA,NA
sub-Y3PBPLNV,NA,NA,NA
sub-Y3YXX5T8,NA,NA,NA
sub-Y41681B5,NA,NA,1
sub-Y43C1PAY,NA,NA,NA
sub-Y43H2LJL,NA,NA,NA
sub-Y463K3XX,NA,NA,NA
sub-Y4984X9Z,NA,NA,NA
sub-Y4D2ZRMT,NA,NA,NA
sub-Y4DLE2ZX,NA,NA,NA
sub-Y4FZKKCZ,NA,NA,NA
sub-Y4HFDFLD,NA,NA,NA
sub-Y4HKER0E,NA,NA,NA
sub-Y4HM7X4C,NA,NA,NA
sub-Y4N8T5CF,NA,NA,1
sub-Y4NY9NDV,NA,NA,NA
sub-Y4P0CAVP,1,1,1
sub-Y4UH45DB,NA,NA,NA
sub-Y4WGB6A3,NA,NA,1
sub-Y51F4FMX,NA,NA,NA
sub-Y539E129,NA,NA,NA
sub-Y5AB6YNB,NA,NA,1
sub-Y5CRB0R8,NA,NA,NA
sub-Y5GHPDX4,NA,NA,NA
sub-Y5JF74LT,NA,NA,1
sub-Y5RCRU10,NA,NA,1
sub-Y5TT545M,1,1,1
sub-Y5V81D0R,NA,NA,NA
sub-Y5VUA73W,NA,NA,NA
sub-Y5XMUWB0,NA,NA,NA
sub-Y609D78A,1,1,1
sub-Y60AA8PN,NA,NA,NA
sub-Y61UGEKY,NA,NA,NA
sub-Y62X7UGH,NA,NA,NA
sub-Y64B3MUG,1,1,1
sub-Y650YFT4,NA,NA,NA
sub-Y6BNA3UK,1,1,1
sub-Y6FE3R8A,NA,NA,NA
sub-Y6HBB319,NA,NA,NA
sub-Y6KXTXY4,NA,NA,NA
sub-Y6L80Y6V,NA,NA,NA
sub-Y6LMAW7B,NA,NA,NA
sub-Y6M92H2Y,NA,NA,1
sub-Y6PM3ZMP,NA,NA,1
sub-Y6XXVZT3,NA,NA,NA
sub-Y6Y6PY7G,NA,NA,1
sub-Y7D03K18,NA,NA,NA
sub-Y7DUFWF4,NA,NA,NA
sub-Y7EU2VZ6,NA,NA,NA
sub-Y81M9FZH,NA,NA,NA
sub-Y84DY6RU,1,1,1
sub-Y84KMFCU,NA,NA,NA
sub-Y88NVGHP,NA,NA,1
sub-Y88VF9K2,NA,NA,1
sub-Y8CBY4HN,NA,NA,NA
sub-Y8CPCJJ3,NA,NA,NA
sub-Y8EW1EXZ,NA,NA,NA
sub-Y8P9LNN8,NA,NA,NA
sub-Y917A97K,NA,NA,NA
sub-Y91ZZ2Z7,NA,NA,NA
sub-Y92TEZW6,NA,NA,NA
sub-Y9308Z24,NA,NA,1
sub-Y956TX1N,NA,NA,1
sub-Y9845LHL,NA,NA,NA
sub-Y98NL5JN,1,1,1
sub-Y9DCYBXW,NA,NA,NA
sub-Y9FMUL8B,1,1,1
sub-Y9K2AGV1,NA,NA,NA
sub-Y9YA660C,NA,NA,NA
sub-YA69C55Y,NA,NA,NA
sub-YA6B3A5N,NA,NA,NA
sub-YA9P0W24,NA,NA,NA
sub-YACN0D32,NA,NA,NA
sub-YACV3T0T,NA,NA,NA
sub-YAEE6YN4,NA,NA,NA
sub-YAFVGGKU,NA,NA,NA
sub-YAKZW65A,NA,NA,NA
sub-YALF3DYC,NA,NA,NA
sub-YAPVUADA,NA,NA,NA
sub-YAUBCR97,NA,NA,NA
sub-YAVZM6F1,NA,NA,NA
sub-YAXN63F8,NA,NA,NA
sub-YB10EE8B,NA,NA,NA
sub-YBBAHJWV,NA,NA,NA
sub-YBC941EU,NA,NA,NA
sub-YBJPP4VV,1,1,1
sub-YBKC8W12,NA,NA,NA
sub-YBPN1YEU,NA,NA,NA
sub-YBPWDCF6,NA,NA,NA
sub-YBXMBLAD,NA,NA,NA
sub-YC395FB1,NA,NA,NA
sub-YC3LF9NG,NA,NA,NA
sub-YC3MCRAY,2,1,1
sub-YC42VRVF,NA,NA,1
sub-YC5NU1KR,NA,NA,1
sub-YC7NGNYC,NA,NA,NA
sub-YCAUME01,NA,NA,NA
sub-YCCKAV9K,NA,NA,1
sub-YCL4R17D,NA,NA,NA
sub-YCMGF947,NA,NA,NA
sub-YCRTDT3X,NA,NA,NA
sub-YCVPJ3MW,NA,NA,NA
sub-YD28H9BD,NA,NA,NA
sub-YD4707V3,NA,NA,NA
sub-YD98TZ0C,NA,NA,NA
sub-YDEWFLED,NA,NA,1
sub-YDF2TPMK,NA,NA,NA
sub-YDFH103B,NA,NA,1
sub-YDK10MZ7,NA,NA,NA
sub-YDL52THG,NA,NA,NA
sub-YDMW8MYL,1,1,1
sub-YDTVRPWV,NA,NA,NA
sub-YE30YAL9,NA,NA,NA
sub-YE3PG5WL,NA,NA,NA
sub-YE7B0PFZ,NA,NA,NA
sub-YE99F6V6,NA,NA,NA
sub-YE9WDNR8,NA,NA,NA
sub-YEC4J77T,1,1,1
sub-YEEC34R8,1,1,NA
sub-YEFA2634,NA,NA,NA
sub-YEH878VD,NA,NA,NA
sub-YEHJWVEG,NA,NA,1
sub-YEJ0162B,NA,NA,NA
sub-YEJNDCED,NA,NA,1
sub-YEKE87PV,NA,NA,NA
sub-YEKG7D1H,1,1,NA
sub-YEL9AB69,NA,NA,NA
sub-YEM9LW83,NA,NA,1
sub-YEMDCKWK,NA,NA,NA
sub-YEMHGFJF,NA,NA,NA
sub-YEZ6T0J8,NA,NA,NA
sub-YF1F96G4,NA,NA,1
sub-YFCLVGKY,NA,NA,1
sub-YFEGLL2B,NA,NA,1
sub-YFEYLAJN,NA,NA,1
sub-YFF4TYWM,1,1,1
sub-YFGJBRCE,NA,NA,NA
sub-YFGMFGYJ,NA,NA,1
sub-YFMUX7R3,NA,NA,NA
sub-YFRHV339,NA,NA,NA
sub-YFT16CPZ,NA,NA,NA
sub-YFW25B6F,NA,NA,1
sub-YFW72521,NA,NA,NA
sub-YG5DUTT0,NA,NA,NA
sub-YG724FLH,NA,NA,NA
sub-YGA22KK4,NA,NA,NA
sub-YGBUZKCW,1,1,1
sub-YGD67PV4,NA,NA,NA
sub-YGMBFN9H,NA,NA,NA
sub-YGPAVGFJ,NA,NA,NA
sub-YH3BPP7A,1,1,1
sub-YH4D9KHP,NA,NA,NA
sub-YH8W7XH2,NA,NA,1
sub-YHAF0YYH,NA,NA,NA
sub-YHC8PGG9,NA,NA,NA
sub-YHEBDJY6,NA,NA,1
sub-YHF5V604,1,1,1
sub-YHJA3NXM,NA,NA,NA
sub-YHJRWF2C,NA,NA,NA
sub-YHMMV4AC,NA,NA,NA
sub-YHRM6MHF,NA,NA,NA
sub-YHTJTKWD,NA,NA,NA
sub-YHYPL0GU,NA,NA,NA
sub-YJ4B8GZJ,NA,NA,NA
sub-YJ4PHV0Y,NA,NA,NA
sub-YJ7PYHV7,NA,NA,NA
sub-YJ9FMRZZ,NA,NA,NA
sub-YJA9K9F8,NA,NA,1
sub-YJAFABD8,NA,NA,NA
sub-YJDWCMJA,NA,NA,NA
sub-YJETWGU1,NA,NA,1
sub-YJG0V5F9,NA,NA,1
sub-YJHDGNJN,NA,NA,NA
sub-YJK3Y0NG,NA,NA,NA
sub-YJL7Y7CB,1,1,NA
sub-YJN69PPX,NA,NA,NA
sub-YJPCD59K,NA,NA,1
sub-YK0U3CPA,NA,NA,NA
sub-YK2J75TH,NA,NA,NA
sub-YK5U2D70,NA,NA,NA
sub-YKFPYD54,NA,NA,NA
sub-YKPWRXF2,NA,NA,NA
sub-YKVPYY2M,NA,NA,NA
sub-YKWMEWGG,NA,NA,1
sub-YL2LMJ28,NA,NA,1
sub-YL42LJHV,NA,NA,NA
sub-YLC0XGH4,NA,NA,NA
sub-YLKWWGJ2,NA,NA,NA
sub-YLM67JAJ,NA,NA,NA
sub-YLMRXPYA,NA,NA,1
sub-YLNHN7LR,NA,NA,NA
sub-YLNRHT83,NA,NA,NA
sub-YLNVG3N7,NA,NA,NA
sub-YLR06LF1,NA,NA,NA
sub-YLR246GE,NA,NA,NA
sub-YLTE2PT9,NA,NA,NA
sub-YM29ZAGR,NA,NA,NA
sub-YM2Y11M1,NA,NA,NA
sub-YM6A1LU9,NA,NA,NA
sub-YM9J1XYN,NA,NA,1
sub-YMAZAYYB,NA,NA,NA
sub-YME882GP,NA,NA,1
sub-YMG44FLN,NA,NA,NA
sub-YMM66RPJ,NA,NA,NA
sub-YMMRDKJW,NA,NA,1
sub-YMPEHMMT,NA,NA,NA
sub-YN1N2HYA,NA,NA,NA
sub-YN247XZX,NA,NA,NA
sub-YN4CXY1B,1,1,1
sub-YN5MT0RT,NA,NA,1
sub-YN5P4E5V,NA,NA,NA
sub-YNANG2B0,NA,NA,NA
sub-YNCHCTAD,NA,NA,NA
sub-YNP2D1XF,NA,NA,NA
sub-YNRJ8UU6,NA,NA,NA
sub-YNUX7UZJ,1,1,1
sub-YNVAMHNU,NA,NA,NA
sub-YP13X9BR,NA,NA,NA
sub-YP9TDUUM,NA,NA,NA
sub-YPJK6AC5,NA,NA,NA
sub-YPL5XV35,NA,NA,1
sub-YPRNYTTL,NA,NA,NA
sub-YPWGL6HJ,NA,NA,NA
sub-YPZAV10C,NA,NA,NA
sub-YR1LYX8E,NA,NA,NA
sub-YR5WDP7T,NA,NA,NA
sub-YRBADWT5,NA,NA,NA
sub-YRCWU5F8,1,1,1
sub-YRRPGLF4,NA,NA,NA
sub-YRVP8LV1,NA,NA,NA
sub-YRW56GJ2,NA,NA,NA
sub-YRX2FJ7L,NA,NA,NA
sub-YRYJZLMX,NA,NA,NA
sub-YRZULCBY,NA,NA,1
sub-YT2MVJEZ,NA,NA,NA
sub-YT5WUN07,NA,NA,NA
sub-YT6917JX,NA,NA,NA
sub-YT7M0T6Y,NA,NA,NA
sub-YTCUVJY1,NA,NA,1
sub-YTH97JCP,NA,NA,NA
sub-YTJ92RU3,NA,NA,NA
sub-YTKHPZDU,NA,NA,NA
sub-YTMYEX1N,NA,NA,NA
sub-YTRMF19U,NA,NA,NA
sub-YTVCUEA2,NA,NA,NA
sub-YTX6A82H,NA,NA,NA
sub-YU20X3EV,NA,NA,1
sub-YU25EC7F,NA,NA,NA
sub-YU3FUA3E,NA,NA,NA
sub-YU63AVGZ,1,1,1
sub-YU7KURNA,NA,NA,NA
sub-YU8GX8G7,NA,NA,NA
sub-YUKDPT70,NA,NA,1
sub-YULP6MEY,NA,NA,NA
sub-YUPPEV2G,NA,NA,NA
sub-YUTY0RGD,NA,NA,NA
sub-YUWW46LM,NA,NA,NA
sub-YUXB5PRZ,NA,NA,1
sub-YUZG9ZNP,NA,NA,NA
sub-YV153L9N,NA,NA,NA
sub-YV7R5H1E,NA,NA,NA
sub-YVBB6F87,NA,NA,NA
sub-YVCJPTME,NA,NA,1
sub-YVJ0JJNF,1,1,NA
sub-YVJATKX1,NA,NA,NA
sub-YVMG87GD,NA,NA,1
sub-YVPGALZD,NA,NA,NA
sub-YVRMB9TW,1,1,1
sub-YVTDJF8M,NA,NA,NA
sub-YVVMMD41,NA,NA,NA
sub-YVZBEAW7,NA,NA,NA
sub-YW0U0JWC,NA,NA,NA
sub-YW440F27,NA,NA,NA
sub-YW9MFMW8,NA,NA,NA
sub-YWCJTCBW,1,1,1
sub-YWEY5YL9,1,1,1
sub-YWZBJ786,NA,NA,NA
sub-YX6643N8,NA,NA,NA
sub-YX7ADDMR,1,1,1
sub-YXATK265,NA,NA,NA
sub-YXB3EL5M,NA,NA,NA
sub-YXFTUKDF,NA,NA,NA
sub-YXGKVZAY,NA,NA,1
sub-YXHBN74V,NA,NA,NA
sub-YXMFACD7,NA,NA,NA
sub-YXNKFKFV,NA,NA,NA
sub-YXRGTMYM,NA,NA,1
sub-YXVML8U8,NA,NA,NA
sub-YY0HHPV2,NA,NA,NA
sub-YY5C98J4,NA,NA,NA
sub-YY60EGDK,NA,NA,NA
sub-YY9NRYW2,NA,NA,NA
sub-YYA36DVL,NA,NA,NA
sub-YYBL28AM,NA,NA,1
sub-YYFU8FM4,NA,NA,NA
sub-YYTGPBJA,NA,NA,NA
sub-YZ06A0N8,1,1,1
sub-YZ0U1DGC,NA,NA,1
sub-YZ0ZBG85,NA,NA,1
sub-YZ353ZBM,NA,NA,NA
sub-YZFMM6MW,NA,NA,1
sub-YZGRYL84,NA,NA,NA
sub-YZJRWG4A,NA,NA,NA
sub-YZMY8DH5,NA,NA,NA
sub-YZPP72NK,NA,NA,NA
sub-YZURN14T,NA,NA,NA
sub-YZZDEXDF,NA,NA,NA
sub-Z02PLW9B,NA,NA,1
sub-Z04GJXZA,1,1,NA
sub-Z0A9V1XA,NA,NA,NA
sub-Z0FPZPLP,NA,NA,NA
sub-Z0LTAG73,NA,NA,NA
sub-Z0M0689M,NA,NA,1
sub-Z0MP06TT,NA,NA,NA
sub-Z0MXU52L,NA,NA,1
sub-Z0NPTXMB,NA,NA,NA
sub-Z0RUM99Y,1,1,1
sub-Z0TL0G08,1,1,1
sub-Z0XNHVW8,NA,NA,NA
sub-Z13L3UWX,NA,NA,NA
sub-Z174YN3F,NA,NA,1
sub-Z18FPVFJ,NA,NA,NA
sub-Z1A6W085,NA,NA,NA
sub-Z1B2P1NH,NA,NA,1
sub-Z1GFV0R4,NA,NA,NA
sub-Z1KX2326,NA,NA,NA
sub-Z1MCJXCG,NA,NA,NA
sub-Z1V6MUBA,NA,NA,1
sub-Z1VBM6Y7,NA,NA,NA
sub-Z1WNHT63,NA,NA,NA
sub-Z1WUT8NP,NA,NA,NA
sub-Z1WZW3KT,NA,NA,1
sub-Z1Z285F2,NA,NA,1
sub-Z20Z6JR3,NA,NA,1
sub-Z24E0KC2,NA,NA,NA
sub-Z2BXG0C8,NA,NA,NA
sub-Z2E8YJN2,NA,NA,1
sub-Z2GYNC07,NA,NA,NA
sub-Z2KNBAKB,NA,NA,NA
sub-Z2REMPTW,NA,NA,1
sub-Z3638RYW,NA,NA,NA
sub-Z3GEL92W,NA,NA,1
sub-Z3N5A33N,NA,NA,NA
sub-Z3XXUKWN,NA,NA,1
sub-Z48CAXH5,NA,NA,NA
sub-Z48R1346,NA,NA,1
sub-Z49U1FM4,NA,NA,NA
sub-Z49WE025,NA,NA,1
sub-Z4CLR1NX,1,1,1
sub-Z4DPYEX3,NA,NA,NA
sub-Z4EUPN6C,NA,NA,NA
sub-Z4KYLWJA,NA,NA,1
sub-Z4LY1E6P,1,1,1
sub-Z4N65WJT,1,1,1
sub-Z4NNCTMH,1,1,1
sub-Z4PPRCB7,NA,NA,NA
sub-Z4V1KGHH,NA,NA,1
sub-Z4X8D1A7,NA,NA,NA
sub-Z4YHXYLW,NA,NA,NA
sub-Z50CTJG9,NA,NA,1
sub-Z547MN37,NA,NA,NA
sub-Z57MX5UG,NA,NA,1
sub-Z5BHJRP7,2,1,1
sub-Z5DDK4LH,NA,NA,NA
sub-Z5G203VB,NA,NA,NA
sub-Z5M1W790,NA,NA,1
sub-Z5T7BWT5,NA,NA,1
sub-Z62Y3LZB,NA,NA,NA
sub-Z63TBU5N,NA,NA,NA
sub-Z64AP7YC,NA,NA,NA
sub-Z658LRCT,NA,NA,1
sub-Z694ZZUM,NA,NA,NA
sub-Z6950R7M,NA,NA,NA
sub-Z6C6W2MX,NA,NA,NA
sub-Z6EXYCV3,NA,NA,NA
sub-Z6FGXNPH,NA,NA,NA
sub-Z6TDLDW8,NA,NA,NA
sub-Z6W66EFM,NA,NA,NA
sub-Z6X7VT6J,NA,NA,NA
sub-Z6Z9DP4H,NA,NA,1
sub-Z6ZN350N,NA,NA,NA
sub-Z6ZWJ1W6,1,1,1
sub-Z70RKK51,1,1,1
sub-Z730VLUZ,NA,NA,1
sub-Z76CGDX4,NA,NA,1
sub-Z7FR6UCT,NA,NA,1
sub-Z7U9A2DX,NA,NA,NA
sub-Z7W6NBCG,NA,NA,NA
sub-Z85UEYE5,NA,NA,NA
sub-Z88J0G50,NA,NA,NA
sub-Z8JNGWDY,NA,NA,NA
sub-Z8JVVCW2,NA,NA,NA
sub-Z8P3EEK3,NA,NA,1
sub-Z8U8TUHJ,NA,NA,NA
sub-Z8YBJ2LX,NA,NA,NA
sub-Z8ZP1RDT,NA,NA,NA
sub-Z908M6V0,1,1,1
sub-Z90Z4BH0,NA,NA,1
sub-Z95YA2ZB,NA,NA,NA
sub-Z96BPL0Y,NA,NA,NA
sub-Z96PL9LM,NA,NA,NA
sub-Z9788MGY,NA,NA,NA
sub-Z9CR6U8L,NA,NA,NA
sub-Z9DDWGHW,NA,NA,NA
sub-Z9DEWNVF,NA,NA,NA
sub-Z9JJMKT5,NA,NA,1
sub-Z9T3MCZC,NA,NA,1
sub-Z9U6GT0L,NA,NA,1
sub-ZA2HPC0L,NA,NA,1
sub-ZAF52UKG,NA,NA,NA
sub-ZAM3Y6FN,NA,NA,1
sub-ZB0WCRDU,NA,NA,1
sub-ZB2K7UMG,NA,NA,NA
sub-ZB36FKYX,NA,NA,NA
sub-ZBAL57JN,1,1,1
sub-ZBALX84G,NA,NA,1
sub-ZBAP2DZ2,NA,NA,1
sub-ZBC07FC4,NA,NA,NA
sub-ZBH4VPZJ,NA,NA,1
sub-ZBLU9Z3A,NA,NA,NA
sub-ZC64FXGK,NA,NA,NA
sub-ZC6LB4FJ,NA,NA,NA
sub-ZCA261ZR,1,1,1
sub-ZCCLLLCW,NA,NA,NA
sub-ZCCYZY0V,NA,NA,NA
sub-ZCDF5310,NA,NA,NA
sub-ZCF2KY2L,NA,NA,1
sub-ZCG5V8NV,1,1,1
sub-ZCGL10MP,NA,NA,NA
sub-ZCNK7B3X,NA,NA,1
sub-ZCZPNBKW,NA,NA,NA
sub-ZD57Y0V7,NA,NA,NA
sub-ZDA1D94K,NA,NA,NA
sub-ZDC9G098,NA,NA,1
sub-ZDH7P33G,NA,NA,1
sub-ZDHYHJKH,NA,NA,NA
sub-ZDLAWZZL,NA,NA,1
sub-ZDM6F0BD,1,1,1
sub-ZDYWHP34,NA,NA,NA
sub-ZE3C6X7E,1,1,1
sub-ZE3L2GCN,1,1,1
sub-ZE514MKM,1,1,NA
sub-ZEAB7J9G,NA,NA,NA
sub-ZEAUYCZF,NA,NA,1
sub-ZEB043HN,NA,NA,1
sub-ZED6PZKP,NA,NA,NA
sub-ZEJE1N0G,NA,NA,NA
sub-ZEKA1L7D,NA,NA,NA
sub-ZEL29M7N,NA,NA,1
sub-ZEM4HFRB,NA,NA,NA
sub-ZER4ED76,NA,NA,NA
sub-ZEV3PCPL,NA,NA,NA
sub-ZEVDMJ6J,NA,NA,1
sub-ZEYJBE3G,NA,NA,NA
sub-ZF1WFHR3,NA,NA,NA
sub-ZF36X5F8,NA,NA,1
sub-ZF3VJWAN,NA,NA,NA
sub-ZF82Z2N1,NA,NA,NA
sub-ZF8VDCAF,NA,NA,1
sub-ZFDNX6CV,1,1,1
sub-ZFG1AXUD,NA,NA,1
sub-ZFGRP1V9,NA,NA,NA
sub-ZFGU643V,NA,NA,1
sub-ZFGXB7E3,2,1,1
sub-ZFYGCHKB,NA,NA,NA
sub-ZG3E0W8V,1,1,1
sub-ZG4U8G7X,NA,NA,1
sub-ZG6365BX,NA,NA,1
sub-ZG6DB5BV,1,1,1
sub-ZGDMXH98,NA,NA,1
sub-ZGEEAXPZ,NA,NA,NA
sub-ZGLD1V00,1,1,1
sub-ZGN4JGDT,NA,NA,NA
sub-ZGT6YAX7,NA,NA,NA
sub-ZGWMJWB5,NA,NA,NA
sub-ZH1A3UUP,NA,NA,1
sub-ZH7LD600,1,1,1
sub-ZHC9WP9J,NA,NA,1
sub-ZHCK39Y1,NA,NA,NA
sub-ZHF0XGK3,NA,NA,NA
sub-ZHZZXCM0,NA,NA,NA
sub-ZJ1WJ57J,NA,NA,NA
sub-ZJ20GK9R,1,1,1
sub-ZJ7AEU7T,1,1,1
sub-ZJ7JH5RE,NA,NA,NA
sub-ZJ8TBWKJ,NA,NA,NA
sub-ZJB6P8ZB,NA,NA,NA
sub-ZJBZTB64,1,1,1
sub-ZJD4XU1U,NA,NA,NA
sub-ZJDPXX7G,NA,NA,NA
sub-ZJEG08WY,NA,NA,1
sub-ZJFZNNPJ,NA,NA,1
sub-ZJHF566H,1,1,1
sub-ZJJ0KMV9,NA,NA,NA
sub-ZJJMNJ88,NA,NA,1
sub-ZJKN66UT,NA,NA,NA
sub-ZJM8LDU8,NA,NA,NA
sub-ZJPA44D2,NA,NA,NA
sub-ZJUBWF3F,NA,NA,1
sub-ZJUUZAPJ,NA,NA,NA
sub-ZJV3HZEF,1,1,1
sub-ZJYGP0WE,NA,NA,1
sub-ZK4B9G7W,NA,NA,1
sub-ZK8052MG,NA,NA,1
sub-ZKBLKU16,NA,NA,NA
sub-ZKDXUC63,NA,NA,NA
sub-ZKG5FH02,NA,NA,1
sub-ZKJXBJMM,NA,NA,NA
sub-ZKP2G8H4,NA,NA,1
sub-ZKR3ZNTL,NA,NA,NA
sub-ZKT1BV8Y,NA,NA,NA
sub-ZKYLLADV,NA,NA,NA
sub-ZL4VD4CA,NA,NA,NA
sub-ZL6CFV5G,NA,NA,NA
sub-ZL9DL58E,NA,NA,1
sub-ZLCAR3MP,NA,NA,NA
sub-ZLD0PANU,NA,NA,NA
sub-ZLEFF9ZA,NA,NA,NA
sub-ZLG67H4Z,NA,NA,1
sub-ZLHFUAF0,1,1,1
sub-ZLL8B2MA,1,1,1
sub-ZLP46GRP,NA,NA,NA
sub-ZLT8VVFT,NA,NA,NA
sub-ZM2Y9JCA,NA,NA,1
sub-ZM3MAF8B,NA,NA,NA
sub-ZM7EZFZF,NA,NA,NA
sub-ZMACPUER,NA,NA,1
sub-ZMB15684,NA,NA,NA
sub-ZMMCVRWG,NA,NA,NA
sub-ZMMR8GE2,NA,NA,NA
sub-ZMVGC1BU,NA,NA,1
sub-ZMVK0FMA,NA,NA,NA
sub-ZMWM1Y06,NA,NA,1
sub-ZMZKERHD,NA,NA,NA
sub-ZN4F9J96,1,1,1
sub-ZN79XCAX,NA,NA,NA
sub-ZN9E45NT,NA,NA,1
sub-ZN9E7J06,NA,NA,NA
sub-ZNBBEXEJ,NA,NA,NA
sub-ZNBXJ0R7,NA,NA,NA
sub-ZNJ9JYKC,NA,NA,NA
sub-ZNN6JK3K,NA,NA,NA
sub-ZNTJH2GT,NA,NA,NA
sub-ZNW7Y6R1,1,1,1
sub-ZNXT0TX2,NA,NA,NA
sub-ZP06U57U,NA,NA,NA
sub-ZP36MY9W,NA,NA,NA
sub-ZP45TZD9,NA,NA,NA
sub-ZP49GXF4,1,1,1
sub-ZPCU8GG3,NA,NA,NA
sub-ZPE7604M,NA,NA,NA
sub-ZPEKP3FW,NA,NA,NA
sub-ZPEYC15U,NA,NA,1
sub-ZPR155DG,NA,NA,NA
sub-ZPRTF377,NA,NA,NA
sub-ZPTGXKT8,NA,NA,NA
sub-ZR16R6Y3,NA,NA,NA
sub-ZR6EGY61,NA,NA,NA
sub-ZR9NMJBR,1,1,1
sub-ZRABEXLZ,NA,NA,1
sub-ZRBMFHKB,NA,NA,NA
sub-ZRDZ2V00,NA,NA,NA
sub-ZRHTXMXD,NA,NA,NA
sub-ZRKWPYJL,NA,NA,NA
sub-ZRLLR2ZX,NA,NA,NA
sub-ZRR4D9LW,NA,NA,NA
sub-ZT1J0KUC,NA,NA,NA
sub-ZT34GNRB,NA,NA,NA
sub-ZT44Y065,NA,NA,NA
sub-ZT7CGM7G,NA,NA,NA
sub-ZTA7JACL,1,1,1
sub-ZTEBGFLA,NA,NA,NA
sub-ZTFAZ4PF,NA,NA,NA
sub-ZTHGEAWM,NA,NA,NA
sub-ZTN5R70A,NA,NA,NA
sub-ZTP2ZHLN,1,1,1
sub-ZTPV9V4Z,1,1,1
sub-ZTTGYL51,NA,NA,NA
sub-ZTWTFU2A,NA,NA,1
sub-ZTZAZ984,NA,NA,NA
sub-ZU3J1NFC,NA,NA,NA
sub-ZU422XFY,NA,NA,NA
sub-ZU6F3PY8,NA,NA,NA
sub-ZU8PLK49,1,1,1
sub-ZUDPGDWJ,NA,NA,1
sub-ZUGVEHNK,NA,NA,NA
sub-ZUJYFZPW,NA,NA,NA
sub-ZUKTAC4W,NA,NA,NA
sub-ZUN3P64X,NA,NA,NA
sub-ZUXFF006,NA,NA,NA
sub-ZUXHPX3N,1,1,1
sub-ZV4EUGNG,NA,NA,NA
sub-ZV54BWRE,NA,NA,NA
sub-ZV8YW4NC,NA,NA,NA
sub-ZVD13ZMG,NA,NA,NA
sub-ZVGAMFG7,NA,NA,NA
sub-ZVK7PB78,1,1,1
sub-ZVNYXUNB,NA,NA,NA
sub-ZVW3HKWN,NA,NA,1
sub-ZVYCX57J,1,1,1
sub-ZW88GN71,NA,NA,1
sub-ZW8ENNPU,NA,NA,NA
sub-ZW8G4W5A,NA,NA,NA
sub-ZW8RB8PN,NA,NA,NA
sub-ZWACXHZ6,NA,NA,1
sub-ZWAPL39H,NA,NA,NA
sub-ZWE6CD6Y,2,1,1
sub-ZWP0XZ9A,NA,NA,NA
sub-ZWP490TG,1,1,1
sub-ZWRJXNHE,NA,NA,1
sub-ZWWDT1TG,1,1,1
sub-ZX24TGXN,NA,NA,1
sub-ZXC2YRV3,NA,NA,NA
sub-ZXF5C635,NA,NA,NA
sub-ZXHZPZ48,2,1,1
sub-ZXKWKTC7,NA,NA,1
sub-ZXL36BR5,NA,NA,NA
sub-ZXL47HRG,NA,NA,NA
sub-ZXPAWB32,NA,NA,NA
sub-ZY3TE53A,NA,NA,NA
sub-ZY8L7CT1,NA,NA,1
sub-ZYB94X1J,1,1,1
sub-ZYC44GB8,NA,NA,1
sub-ZYF317MG,NA,NA,NA
sub-ZYFB43H7,1,1,1
sub-ZYLV9BMB,NA,NA,1
sub-ZYRTFYRP,NA,NA,1
sub-ZYTK0K1Y,NA,NA,1
sub-ZZ0348LF,NA,NA,NA
sub-ZZ05KY5J,NA,NA,NA
sub-ZZ1MNPK5,2,1,1
sub-ZZ35KHXP,NA,NA,NA
sub-ZZ3P1ZFJ,1,1,1
sub-ZZ4XNM65,NA,NA,1
sub-ZZ6ZJ2KY,NA,NA,1
sub-ZZ81LEEV,NA,NA,NA
sub-ZZFG6J5U,NA,NA,NA
sub-ZZJ3A7BK,1,1,1
sub-ZZL0VA2F,NA,NA,NA
sub-ZZLZCKAY,NA,NA,NA
sub-ZZNX6W2P,NA,NA,NA
sub-ZZPKBDAC,NA,NA,NA
sub-ZZZ2ALR6,NA,NA,1
sub-ZZZNB0XC,NA,NA,NA
sub-ZZZP87KR,NA,NA,1
